Id,NameEN,NameAR,DescriptionEN,DescriptionAR,Logo,IsDeleted,CreatedBy,UpdatedBy,DeletedBy,CreatedAt,UpdatedAt,DeletedAt,InactiveReason,IsActive,IsMinistry
EE3C9FB2-C33A-4686-BAAF-01BF5DF34F4D,Private Health Insurance companies,شركات التأمين الخاصة,NULL,NULL,NULL,0,04B309E8-6BBD-40F3-869E-7AFA240D40D2,NULL,NULL,2025-05-06 12:12:10.2266667,NULL,NULL,NULL,1,0
EC483555-EFEB-450D-8C23-04BF7C157F1A,Qatar Aviation Services,قطر لخدمات الطيران,NULL,NULL,NULL,0,04B309E8-6BBD-40F3-869E-7AFA240D40D2,NULL,NULL,2025-05-06 12:12:10.2266667,NULL,NULL,NULL,1,0
4BFC6F1B-AB76-40E6-A69A-069782D31A96,Amiri Diwan,الديوان الأميري,NULL,NULL,NULL,0,04B309E8-6BBD-40F3-869E-7AFA240D40D2,NULL,NULL,2025-05-06 12:12:10.2266667,NULL,NULL,NULL,1,0
DA934B92-B276-4056-9D7F-07CE3289F0EF,Qatar Foundation (QF),مؤسسة قطر,NULL,NULL,NULL,0,04B309E8-6BBD-40F3-869E-7AFA240D40D2,NULL,NULL,2022-11-19 12:32:39.3416400,2023-01-07 10:42:52.6740000,NULL,NULL,1,0
9828E8C3-A266-490D-A380-08DD8FCD6ACC,Prime Ministers Office-1,مكتب معالي رئيس مجلس الوزراء-1,PHA+UHJpbWUgTWluaXN0ZXJzIE9mZmljZTwvcD4=,PHA+2YXZg9iq2Kgg2YXYudin2YTZiiDYsdim2YrYsyDZhdis2YTYsyDYp9mE2YjYstix2KfYoTwvcD4=,NULL,1,590098FF-715B-4670-D349-08DD8EEF9E56,590098FF-715B-4670-D349-08DD8EEF9E56,NULL,2025-05-10 17:17:38.0165439,2025-05-11 15:43:10.7237952,NULL,DUPLICATE,0,0
9D4B5CB8-51B8-4DD7-A381-08DD8FCD6ACC,Archived - test,Ministry of Commerce and Industry (MOCI,PHA+TWluaXN0cnkgb2YgQ29tbWVyY2UgYW5kIEluZHVzdHJ5IChNT0NJPC9wPg==,PHA+TWluaXN0cnkgb2YgQ29tbWVyY2UgYW5kIEluZHVzdHJ5IChNT0NJPC9wPg==,NULL,1,8130A178-AA94-4D13-D377-08DD8EEF9E56,8130A178-AA94-4D13-D377-08DD8EEF9E56,NULL,2025-05-10 17:33:41.3803043,2025-05-10 17:38:43.2162405,NULL,,1,0
1021CE1E-6B22-4921-F772-08DD904A20A6,Entities Responsible for Priority Sectors,الجهات الرئيسية المسؤولة عن القطاعات ذات الأولوية,PHA+RW50aXRpZXMgUmVzcG9uc2libGUgZm9yIFByaW9yaXR5IFNlY3RvcnM8L3A+,PHA+2KfZhNis2YfYp9iqINin2YTYsdim2YrYs9mK2Kkg2KfZhNmF2LPYpNmI2YTYqSDYudmGINin2YTZgti32KfYudin2Kog2LDYp9iqINin2YTYo9mI2YTZiNmK2Kk8L3A+,NULL,0,590098FF-715B-4670-D349-08DD8EEF9E56,590098FF-715B-4670-D349-08DD8EEF9E56,NULL,2025-05-11 08:10:20.7286493,2025-05-11 08:10:47.3228131,NULL,,1,0
84A39FB1-2CAB-49A4-2F0C-08DD90879D05,The Prime Minister Office,مكتب معالي رئيس مجلس الوزراء,PHA+VGhlIFByaW1lIE1pbmlzdGVyIE9mZmljZTwvcD4=,PHA+2YXZg9iq2Kgg2YXYudin2YTZiiDYsdim2YrYsyDZhdis2YTYsyDYp9mE2YjYstix2KfYoTwvcD4=,NULL,0,590098FF-715B-4670-D349-08DD8EEF9E56,590098FF-715B-4670-D349-08DD8EEF9E56,NULL,2025-05-11 15:30:28.6100681,2025-05-11 16:52:16.5440809,NULL,,1,0
7523C3CA-6C85-45BE-A15F-08DDE629E816,Real Estate Regulatory Authority-Aqarat,الهيئة العامة لتنظيم القطاع العقاري,PHA+UmVhbCBFc3RhdGUgUmVndWxhdG9yeSBBdXRob3JpdHktQXFhcmF0PC9wPg==,PHA+2KfZhNmH2YrYptipINin2YTYudin2YXYqSDZhNiq2YbYuNmK2YUg2KfZhNmC2LfYp9i5INin2YTYudmC2KfYsdmKPC9wPg==,NULL,0,0E02A83F-0753-4833-D390-08DD8EEF9E56,NULL,NULL,2025-08-28 14:56:21.8330742,NULL,NULL,NULL,1,1
BE87FDAB-DF66-4925-B1AD-08DDE960D4EA,Cytomate-Test,s,PHA+PHNwYW4gc3R5bGU9ImZvbnQtc2l6ZTogMTRweDsgY29sb3I6IHJnYig3MSwgNzEsIDcxKTsiPiZuYnNwOzwvc3Bhbj48c3Ryb25nIHN0eWxlPSJmb250LXNpemU6IDE0cHg7IGNvbG9yOiBpbmhlcml0OyI+2YXYsdit2KjYpyA8L3N0cm9uZz48L3A+,PHA+PHNwYW4gc3R5bGU9ImZvbnQtc2l6ZTogMTRweDsgY29sb3I6IHJnYig3MSwgNzEsIDcxKTsiPiZuYnNwOzwvc3Bhbj48c3Ryb25nIHN0eWxlPSJmb250LXNpemU6IDE0cHg7IGNvbG9yOiBpbmhlcml0OyI+2YXYsdit2KjYpyA9PC9zdHJvbmc+PC9wPg==,NULL,1,7E26F4B5-5F8B-415E-4767-08DDE53CDD44,7E26F4B5-5F8B-415E-4767-08DDE53CDD44,NULL,2025-09-01 17:07:05.4847032,2025-09-01 17:08:42.7792473,NULL,Testing,0,0
BD9E1E8F-D699-4EAC-B505-08DE00D8DB62,Al Noor Center - Qatar Social Works,"مركز النور للمكفوفين ",PHA+QWwgTm9vciBDZW50ZXIgLSBRYXRhciBTb2NpYWwgV29ya3M8L3A+,PHA+2YXYsdmD2LIg2KfZhNmG2YjYsSDZhNmE2YXZg9mB2YjZgdmK2YYgPC9wPg==,NULL,0,B478157E-9C25-4AD6-D347-08DD8EEF9E56,NULL,NULL,2025-10-01 13:54:12.6889621,NULL,NULL,NULL,1,0
F2E2A208-491E-40A6-B506-08DE00D8DB62,Aljazeera Channel,"شبكة الجزيرة الإعلامية ",PHA+QWxqYXplZXJhIENoYW5uZWw8L3A+,PHA+2LTYqNmD2Kkg2KfZhNis2LLZitix2Kkg2KfZhNil2LnZhNin2YXZitipIDwvcD4=,NULL,0,B478157E-9C25-4AD6-D347-08DD8EEF9E56,NULL,NULL,2025-10-01 13:55:26.8996412,NULL,NULL,NULL,1,0
E1ADDF32-D4FA-4088-B507-08DE00D8DB62,Al-Kass Sports Channels,"قنوات الكأس الرياضية ",PHA+QWwtS2FzcyBTIHBvcnRzIENoYW5uZWxzPC9wPg==,PHA+2YLZhtmI2KfYqiDYp9mE2YPYo9izINin2YTYsdmK2KfYttmK2KkgPC9wPg==,NULL,0,B478157E-9C25-4AD6-D347-08DD8EEF9E56,NULL,NULL,2025-10-01 13:55:54.4221246,NULL,NULL,NULL,1,0
3F112D3B-79AB-4805-B508-08DE00D8DB62,AL-Shafallah,مركز الشفلح,PHA+QUwtU2hhZmFsbGFoPC9wPg==,PHA+2YXYsdmD2LIg2KfZhNi02YHZhNitPC9wPg==,NULL,0,B478157E-9C25-4AD6-D347-08DD8EEF9E56,NULL,NULL,2025-10-01 13:57:06.0446123,NULL,NULL,NULL,1,0
738280B6-2142-4654-B509-08DE00D8DB62,Amiri Flight,الطيران الاميري,PHA+QW1pcmkgRmxpZ2h0PC9wPg==,PHA+2KfZhNi32YrYsdin2YYg2KfZhNin2YXZitix2Yo8L3A+,NULL,0,B478157E-9C25-4AD6-D347-08DD8EEF9E56,NULL,NULL,2025-10-01 13:58:10.2094113,NULL,NULL,NULL,1,0
4591EF7E-4189-4E1D-B50A-08DE00D8DB62,Amiri Yacht,اليخت الاميري,PHA+QW1pcmkgWWFjaHQ8L3A+,PHA+2KfZhNmK2K7YqiDYp9mE2KfZhdmK2LHZijwvcD4=,NULL,0,B478157E-9C25-4AD6-D347-08DD8EEF9E56,NULL,NULL,2025-10-01 14:02:53.9948834,NULL,NULL,NULL,1,0
4B87A180-7223-43A7-B50B-08DE00D8DB62,Army Communication Forces,"سلاح الإشارة ",PHA+QXJteSBDb21tdW5pY2F0aW9uIEZvcmNlczwvcD4=,PHA+2LPZhNin2K0g2KfZhNil2LTYp9ix2KkgPC9wPg==,NULL,0,B478157E-9C25-4AD6-D347-08DD8EEF9E56,NULL,NULL,2025-10-01 14:03:12.6517745,NULL,NULL,NULL,1,0
CBCD0494-4CCA-4F7A-B50C-08DE00D8DB62,ASPIRE Academy,"أكاديمية اسباير ",PHA+QVNQSVJFIEFjYWRlbXk8L3A+,PHA+2KPZg9in2K/ZitmF2YrYqSDYp9iz2KjYp9mK2LEgPC9wPg==,NULL,0,B478157E-9C25-4AD6-D347-08DD8EEF9E56,NULL,NULL,2025-10-01 14:04:42.1583699,NULL,NULL,NULL,1,0
E56E861D-485E-480D-B50D-08DE00D8DB62,Barwa Bank,بنك بروة,PHA+QmFyd2EgQmFuazwvcD4=,PHA+2KjZhtmDINio2LHZiNipPC9wPg==,NULL,0,B478157E-9C25-4AD6-D347-08DD8EEF9E56,NULL,NULL,2025-10-01 14:05:23.2651521,NULL,NULL,NULL,1,0
0A5B2E0F-F1FA-433E-B50E-08DE00D8DB62,Barzan Holdings (QAF),"برزان القابضة ",PHA+QmFyemFuIEhvbGRpbmdzIChRQUYpPC9wPg==,PHA+2KjYsdiy2KfZhiDYp9mE2YLYp9io2LbYqSA8L3A+,NULL,0,B478157E-9C25-4AD6-D347-08DD8EEF9E56,NULL,NULL,2025-10-01 14:05:42.8435169,NULL,NULL,NULL,1,0
0D6F9D23-A2ED-41E4-B50F-08DE00D8DB62,Behavioral Health Care center,"مركز دعم الصحة السلوكية ",PHA+QmVoYXZpb3JhbCBIZWFsdGggQ2FyZSBjZW50ZXI8L3A+,PHA+2YXYsdmD2LIg2K/YudmFINin2YTYtdit2Kkg2KfZhNiz2YTZiNmD2YrYqSA8L3A+,NULL,0,B478157E-9C25-4AD6-D347-08DD8EEF9E56,NULL,NULL,2025-10-01 14:06:01.6570654,NULL,NULL,NULL,1,0
288BCB30-BFE3-40D8-B510-08DE00D8DB62,BeIN Media Group,مجموعة بي ان الإعلامية,PHA+QmVJTiBNZWRpYSBHcm91cDwvcD4=,PHA+2YXYrNmF2YjYudipINio2Yog2KfZhiDYp9mE2KXYudmE2KfZhdmK2Kk8L3A+,NULL,0,B478157E-9C25-4AD6-D347-08DD8EEF9E56,NULL,NULL,2025-10-01 14:06:22.9601152,NULL,NULL,NULL,1,0
AB0C2F5D-1516-4B78-B511-08DE00D8DB62,Best Buddies,مبادرة بست باديز,PHA+QmVzdCBCdWRkaWVzPC9wPg==,PHA+2YXYqNin2K/YsdipINio2LPYqiDYqNin2K/ZitiyPC9wPg==,NULL,0,B478157E-9C25-4AD6-D347-08DD8EEF9E56,NULL,NULL,2025-10-01 14:06:45.5947363,NULL,NULL,NULL,1,0
34A65183-1814-4152-B512-08DE00D8DB62,Center for Geographic Information Systems,مركز نظم المعلومات الجغرافية,PHA+Q2VudGVyIGZvciBHZW9ncmFwaGljIEluZm9ybWF0aW9uIFN5c3RlbXM8L3A+,PHA+2YXYsdmD2LIg2YbYuNmFINin2YTZhdi52YTZiNmF2KfYqiDYp9mE2KzYutix2KfZgdmK2Kk8L3A+,NULL,0,B478157E-9C25-4AD6-D347-08DD8EEF9E56,NULL,NULL,2025-10-01 14:07:04.3168435,NULL,NULL,NULL,1,0
23A22DC7-15CE-4741-B513-08DE00D8DB62,Central Municipality Council,المجلس البلدي المركزي,PHA+Q2VudHJhbCBNdW5pY2lwYWxpdHkgQ291bmNpbDwvcD4=,PHA+2KfZhNmF2KzZhNizINin2YTYqNmE2K/ZiiDYp9mE2YXYsdmD2LLZijwvcD4=,NULL,0,B478157E-9C25-4AD6-D347-08DD8EEF9E56,NULL,NULL,2025-10-01 14:07:24.6540890,NULL,NULL,NULL,1,0
B070C645-69FE-4768-B514-08DE00D8DB62,Childhood Cultural Center,المركز الثقافي للطفولة,PHA+Q2hpbGRob29kIEN1bHR1cmFsIENlbnRlcjwvcD4=,PHA+2KfZhNmF2LHZg9iyINin2YTYq9mC2KfZgdmKINmE2YTYt9mB2YjZhNipPC9wPg==,NULL,0,B478157E-9C25-4AD6-D347-08DD8EEF9E56,NULL,NULL,2025-10-01 14:07:45.1567294,NULL,NULL,NULL,1,0
1B102FF6-4C7B-4D76-B515-08DE00D8DB62,Community College of Qatar,كلية المجتمع في قطر,PHA+Q29tbXVuaXR5IENvbGxlZ2Ugb2YgUWF0YXI8L3A+,PHA+2YPZhNmK2Kkg2KfZhNmF2KzYqtmF2Lkg2YHZiiDZgti32LE8L3A+,NULL,0,B478157E-9C25-4AD6-D347-08DD8EEF9E56,NULL,NULL,2025-10-01 14:08:56.5716754,NULL,NULL,NULL,1,0
BA5931D7-A986-478B-B516-08DE00D8DB62,Customs Abu Samra,جمارك ابو سمرة,PHA+Q3VzdG9tcyBBYnUgU2FtcmE8L3A+,PHA+2KzZhdin2LHZgyDYp9io2Ygg2LPZhdix2Kk8L3A+,NULL,0,B478157E-9C25-4AD6-D347-08DD8EEF9E56,NULL,NULL,2025-10-01 14:09:49.2045539,NULL,NULL,NULL,1,0
5B94BD38-6623-431D-B517-08DE00D8DB62,Administrative Control and Transparency Authority,هيئة الرقابة الادارية والشفافية,PHA+QWRtaW5pc3RyYXRpdmUgQ29udHJvbCBhbmQgVHJhbnNwYXJlbmN5IEF1dGhvcml0eTwvcD4=,PHA+2YfZitim2Kkg2KfZhNix2YLYp9io2Kkg2KfZhNin2K/Yp9ix2YrYqSDZiNin2YTYtNmB2KfZgdmK2Kk8L3A+,NULL,0,B478157E-9C25-4AD6-D347-08DD8EEF9E56,NULL,NULL,2025-10-01 14:10:35.0429908,NULL,NULL,NULL,1,0
C2A3AA07-02F0-4214-B518-08DE00D8DB62,Doha Film Institute,مؤسسه الدوحة للأفلام,PHA+RG9oYSBGaWxtIEluc3RpdHV0ZTwvcD4=,PHA+2YXYpNiz2LPZhyDYp9mE2K/ZiNit2Kkg2YTZhNij2YHZhNin2YU8L3A+,NULL,0,B478157E-9C25-4AD6-D347-08DD8EEF9E56,NULL,NULL,2025-10-01 14:11:13.0253971,NULL,NULL,NULL,1,0
31021057-81D0-4E10-B519-08DE00D8DB62,Doha Marine Sports Club,نادي الدوحة للرياضات البحرية,PHA+RG9oYSBNYXJpbmUgU3BvcnRzIENsdWI8L3A+,PHA+2YbYp9iv2Yog2KfZhNiv2YjYrdipINmE2YTYsdmK2KfYttin2Kog2KfZhNio2K3YsdmK2Kk8L3A+,NULL,0,B478157E-9C25-4AD6-D347-08DD8EEF9E56,NULL,NULL,2025-10-01 14:11:49.0903669,NULL,NULL,NULL,1,0
B01A80C6-ABAF-450F-B51A-08DE00D8DB62,Ehsan,مركز التمكين لرعاية المسنين,PHA+RWhzYW48L3A+,PHA+2YXYsdmD2LIg2KfZhNiq2YXZg9mK2YYg2YTYsdi52KfZitipINin2YTZhdiz2YbZitmGPC9wPg==,NULL,0,B478157E-9C25-4AD6-D347-08DD8EEF9E56,NULL,NULL,2025-10-01 14:12:21.8669031,NULL,NULL,NULL,1,0
E20FA919-A684-4B0A-B51B-08DE00D8DB62,Eniza Service Center,مركز خدمات عنيزة,PHA+RW5pemEgU2VydmljZSBDZW50ZXI8L3A+,PHA+2YXYsdmD2LIg2K7Yr9mF2KfYqiDYudmG2YrYstipPC9wPg==,NULL,0,B478157E-9C25-4AD6-D347-08DD8EEF9E56,NULL,NULL,2025-10-01 14:12:46.9819476,NULL,NULL,NULL,1,0
0206B7F8-8EFB-489C-B51C-08DE00D8DB62,Family Consulting Center,مركز الاستشارات العائلية,PHA+RmFtaWx5IENvbnN1bHRpbmcgQ2VudGVyPC9wPg==,PHA+2YXYsdmD2LIg2KfZhNin2LPYqti02KfYsdin2Kog2KfZhNi52KfYptmE2YrYqTwvcD4=,NULL,0,B478157E-9C25-4AD6-D347-08DD8EEF9E56,NULL,NULL,2025-10-01 14:13:49.7433616,NULL,NULL,NULL,1,0
1F45D25E-0782-4AB7-B51D-08DE00D8DB62,General Tax Authority,الهيئة العامة للضرائب,PHA+R2VuZXJhbCBUYXggQXV0aG9yaXR5PC9wPg==,PHA+2KfZhNmH2YrYptipINin2YTYudin2YXYqSDZhNmE2LbYsdin2KbYqDwvcD4=,NULL,0,B478157E-9C25-4AD6-D347-08DD8EEF9E56,NULL,NULL,2025-10-01 14:14:27.8095221,NULL,NULL,NULL,1,0
5E221126-071D-460D-B51E-08DE00D8DB62,"Hejin Racing Committee ","اللجنة المنظمة لسباق الهجن ",PHA+SGVqaW4gUmFjaW5nIENvbW1pdHRlZSA8L3A+,PHA+2KfZhNmE2KzZhtipINin2YTZhdmG2LjZhdipINmE2LPYqNin2YIg2KfZhNmH2KzZhiA8L3A+,NULL,0,B478157E-9C25-4AD6-D347-08DD8EEF9E56,NULL,NULL,2025-10-01 14:15:24.6274864,NULL,NULL,NULL,1,0
A5363BFF-B8D2-4863-B51F-08DE00D8DB62,His Highness Amir Private Affairs,مكتب سمو الأمير الخاص,PHA+SGlzIEhpZ2huZXNzIEFtaXIgUHJpdmF0ZSBBZmZhaXJzPC9wPg==,PHA+2YXZg9iq2Kgg2LPZhdmIINin2YTYo9mF2YrYsSDYp9mE2K7Yp9i1PC9wPg==,NULL,0,B478157E-9C25-4AD6-D347-08DD8EEF9E56,NULL,NULL,2025-10-01 14:16:03.4019678,NULL,NULL,NULL,1,0
4A860134-F32D-4B21-B520-08DE00D8DB62,Muntajat,منتجات قطر,PHA+TXVudGFqYXQ8L3A+,PHA+2YXZhtiq2KzYp9iqINmC2LfYsTwvcD4=,NULL,0,B478157E-9C25-4AD6-D347-08DD8EEF9E56,NULL,NULL,2025-10-01 14:22:59.6518466,NULL,NULL,NULL,1,0
BC0A5CD5-B93C-4AC2-B521-08DE00D8DB62,National Committee for the Prohibition of Weapons,"اللجنة الوطنية لحظر الأسلحة ",PHA+TmF0aW9uYWwgQ29tbWl0dGVlIGZvciB0aGUgUHJvaGliaXRpb24gb2YgV2VhcG9uczwvcD4=,PHA+2KfZhNmE2KzZhtipINin2YTZiNi32YbZitipINmE2K3YuNixINin2YTYo9iz2YTYrdipIDwvcD4=,NULL,0,B478157E-9C25-4AD6-D347-08DD8EEF9E56,NULL,NULL,2025-10-01 14:24:24.4020878,NULL,NULL,NULL,1,0
C3278923-C9BC-4EC4-B522-08DE00D8DB62,National Security Shield (NSS),درع الوطن الأمني,PHA+TmF0aW9uYWwgU2VjdXJpdHkgU2hpZWxkIChOU1MpPC9wPg==,PHA+2K/Ysdi5INin2YTZiNi32YYg2KfZhNij2YXZhtmKPC9wPg==,NULL,0,B478157E-9C25-4AD6-D347-08DD8EEF9E56,NULL,NULL,2025-10-01 14:24:58.4604303,NULL,NULL,NULL,1,0
A090A8F8-1D6B-448C-B523-08DE00D8DB62,National Service Academy,اكاديمية الخدمة الوطنية,PHA+TmF0aW9uYWwgU2VydmljZSBBY2FkZW15PC9wPg==,PHA+2KfZg9in2K/ZitmF2YrYqSDYp9mE2K7Yr9mF2Kkg2KfZhNmI2LfZhtmK2Kk8L3A+,NULL,0,B478157E-9C25-4AD6-D347-08DD8EEF9E56,NULL,NULL,2025-10-01 14:25:19.4135443,NULL,NULL,NULL,1,0
40045E60-541C-4617-B524-08DE00D8DB62,Naufar,نوفر,PHA+TmF1ZmFyPC9wPg==,PHA+2YbZiNmB2LE8L3A+,NULL,0,B478157E-9C25-4AD6-D347-08DD8EEF9E56,NULL,NULL,2025-10-01 14:25:41.3074511,NULL,NULL,NULL,1,0
88041E18-4031-47E7-B525-08DE00D8DB62,Private Amiri Diwan,الديوان الأميري الخاص,PHA+UHJpdmF0ZSBBbWlyaSBEaXdhbjwvcD4=,PHA+2KfZhNiv2YrZiNin2YYg2KfZhNij2YXZitix2Yog2KfZhNiu2KfYtTwvcD4=,NULL,0,B478157E-9C25-4AD6-D347-08DD8EEF9E56,NULL,NULL,2025-10-01 14:34:09.9438686,NULL,NULL,NULL,1,0
A4C4A03C-620B-4DF6-B526-08DE00D8DB62,Private Office of H.H. Father Emir,المكتب الخاص لصاحب السمو الأمير الوالد,PHA+UHJpdmF0ZSBPZmZpY2Ugb2YgSC5ILiBGYXRoZXIgRW1pcjwvcD4=,PHA+2KfZhNmF2YPYqtioINin2YTYrtin2LUg2YTYtdin2K3YqCDYp9mE2LPZhdmIINin2YTYo9mF2YrYsSDYp9mE2YjYp9mE2K88L3A+,NULL,0,B478157E-9C25-4AD6-D347-08DD8EEF9E56,NULL,NULL,2025-10-01 14:34:53.4317795,NULL,NULL,NULL,1,0
73EE8C77-6E4E-4E86-B527-08DE00D8DB62,Protection and Social Rehabilitation Center,"مركز الحماية والتأهيل الاجتماعي (امان) ",PHA+UHJvdGVjdGlvbiBhbmQgU29jaWFsIFJlaGFiaWxpdGF0aW9uIENlbnRlcjwvcD4=,PHA+2YXYsdmD2LIg2KfZhNit2YXYp9mK2Kkg2YjYp9mE2KrYo9mH2YrZhCDYp9mE2KfYrNiq2YXYp9i52YogKNin2YXYp9mGKSA8L3A+,NULL,0,B478157E-9C25-4AD6-D347-08DD8EEF9E56,NULL,NULL,2025-10-01 14:35:18.4918414,NULL,NULL,NULL,1,0
C37B8C87-35E0-418F-B528-08DE00D8DB62,Qatar  Aeronautical Academy,اكاديمية قطر لعلوم الطيران,PHA+UWF0YXIgIEFlcm9uYXV0aWNhbCBBY2FkZW15PC9wPg==,PHA+2KfZg9in2K/ZitmF2YrYqSDZgti32LEg2YTYudmE2YjZhSDYp9mE2LfZitix2KfZhjwvcD4=,NULL,0,B478157E-9C25-4AD6-D347-08DD8EEF9E56,NULL,NULL,2025-10-01 14:35:53.7012477,NULL,NULL,NULL,1,0
42D326D4-01AE-42B5-B529-08DE00D8DB62,Qatar Amiri Guard,الحرس الأميري,PHA+UWF0YXIgQW1pcmkgR3VhcmQ8L3A+,PHA+2KfZhNit2LHYsyDYp9mE2KPZhdmK2LHZijwvcD4=,NULL,0,B478157E-9C25-4AD6-D347-08DD8EEF9E56,NULL,NULL,2025-10-01 14:36:11.5349230,NULL,NULL,NULL,1,0
C5F342E3-B5E6-40D8-B52A-08DE00D8DB62,"Qatar Anti-Doping ",اللجنة القطرية لمكافحة المنشطات,PHA+UWF0YXIgQW50aS1Eb3BpbmcgPC9wPg==,PHA+2KfZhNmE2KzZhtipINin2YTZgti32LHZitipINmE2YXZg9in2YHYrdipINin2YTZhdmG2LTYt9in2Ko8L3A+,NULL,0,B478157E-9C25-4AD6-D347-08DD8EEF9E56,NULL,NULL,2025-10-01 14:36:28.9339291,NULL,NULL,NULL,1,0
E01539CB-7B87-4764-B52B-08DE00D8DB62,Qatar Armed Forces,القوات المسلحة القطرية,PHA+UWF0YXIgQXJtZWQgRm9yY2VzPC9wPg==,PHA+2KfZhNmC2YjYp9iqINin2YTZhdiz2YTYrdipINin2YTZgti32LHZitipPC9wPg==,NULL,0,B478157E-9C25-4AD6-D347-08DD8EEF9E56,NULL,NULL,2025-10-01 14:36:44.3659817,NULL,NULL,NULL,1,0
F5FE06E1-9810-403E-B52C-08DE00D8DB62,Qatar Bahrain Causeway Foundation,مشروع الربط البحري قطر - البحرين,PHA+UWF0YXIgQmFocmFpbiBDYXVzZXdheSBGb3VuZGF0aW9uPC9wPg==,PHA+2YXYtNix2YjYuSDYp9mE2LHYqNi3INin2YTYqNit2LHZiiDZgti32LEgLSDYp9mE2KjYrdix2YrZhjwvcD4=,NULL,0,B478157E-9C25-4AD6-D347-08DD8EEF9E56,NULL,NULL,2025-10-01 14:37:58.0162445,NULL,NULL,NULL,1,0
4F5E64F5-5D76-4C65-B52D-08DE00D8DB62,Qatar Central Security Depository,"شركة قطر للايداع المركزي للأوراق المالية (إيداع) ",PHA+UWF0YXIgQ2VudHJhbCBTZWN1cml0eSBEZXBvc2l0b3J5PC9wPg==,PHA+2LTYsdmD2Kkg2YLYt9ixINmE2YTYp9mK2K/Yp9i5INin2YTZhdix2YPYstmKINmE2YTYo9mI2LHYp9mCINin2YTZhdin2YTZitipICjYpdmK2K/Yp9i5KSA8L3A+,NULL,0,B478157E-9C25-4AD6-D347-08DD8EEF9E56,NULL,NULL,2025-10-01 14:38:15.9569981,NULL,NULL,NULL,1,0
15B9200F-69C3-477A-B52E-08DE00D8DB62,Qatar Credit Bureau,"مركز قطر للمعلومات الإتمانية ",PHA+UWF0YXIgQ3JlZGl0IEJ1cmVhdTwvcD4=,PHA+2YXYsdmD2LIg2YLYt9ixINmE2YTZhdi52YTZiNmF2KfYqiDYp9mE2KXYqtmF2KfZhtmK2KkgPC9wPg==,NULL,0,B478157E-9C25-4AD6-D347-08DD8EEF9E56,NULL,NULL,2025-10-01 14:38:36.2700635,NULL,NULL,NULL,1,0
159C2FEE-7F5E-49A7-B52F-08DE00D8DB62,Qatar Development Fund,صندوق قطر للتنمية,PHA+UWF0YXIgRGV2ZWxvcG1lbnQgRnVuZDwvcD4=,PHA+2LXZhtiv2YjZgiDZgti32LEg2YTZhNiq2YbZhdmK2Kk8L3A+,NULL,0,B478157E-9C25-4AD6-D347-08DD8EEF9E56,NULL,NULL,2025-10-01 14:39:09.0402878,NULL,NULL,NULL,1,0
16158D40-098A-4E37-B530-08DE00D8DB62,QATAR EMIRI NAVY FORCES (QAF),البحرية الأميري القطرية,PHA+UUFUQVIgRU1JUkkgTkFWWSBGT1JDRVMgKFFBRik8L3A+,PHA+2KfZhNio2K3YsdmK2Kkg2KfZhNij2YXZitix2Yog2KfZhNmC2LfYsdmK2Kk8L3A+,NULL,0,B478157E-9C25-4AD6-D347-08DD8EEF9E56,NULL,NULL,2025-10-01 14:39:24.0009329,NULL,NULL,NULL,1,0
8E9194E8-46A6-4676-B531-08DE00D8DB62,Qatar Football Association,"الاتحاد القطر لكرة القدم ",PHA+UWF0YXIgRm9vdGJhbGwgQXNzb2NpYXRpb248L3A+,PHA+2KfZhNin2KrYrdin2K8g2KfZhNmC2LfYsSDZhNmD2LHYqSDYp9mE2YLYr9mFIDwvcD4=,NULL,0,B478157E-9C25-4AD6-D347-08DD8EEF9E56,NULL,NULL,2025-10-01 14:41:45.3463696,NULL,NULL,NULL,1,0
76036AB5-751B-4044-B532-08DE00D8DB62,Qatar General Electricity & Water Corporation (KAHRAMAA),المؤسسة العامة القطرية للكهرباء والماء (كهرماء),PHA+UWF0YXIgR2VuZXJhbCBFbGVjdHJpY2l0eSAmYW1wOyBXYXRlciBDb3Jwb3JhdGlvbiAoS0FIUkFNQUEpPC9wPg==,PHA+2KfZhNmF2KTYs9iz2Kkg2KfZhNi52KfZhdipINin2YTZgti32LHZitipINmE2YTZg9mH2LHYqNin2KEg2YjYp9mE2YXYp9ihICjZg9mH2LHZhdin2KEpPC9wPg==,NULL,0,B478157E-9C25-4AD6-D347-08DD8EEF9E56,NULL,NULL,2025-10-01 14:42:19.7139400,NULL,NULL,NULL,1,0
014C57C8-8B40-4274-B533-08DE00D8DB62,Qatar General Organization for Standards and Metrology,الهيئة العامة القطرية للمواصفات والتقييس,PHA+UWF0YXIgR2VuZXJhbCBPcmdhbml6YXRpb24gZm9yIFN0YW5kYXJkcyBhbmQgTWV0cm9sb2d5PC9wPg==,PHA+2KfZhNmH2YrYptipINin2YTYudin2YXYqSDYp9mE2YLYt9ix2YrYqSDZhNmE2YXZiNin2LXZgdin2Kog2YjYp9mE2KrZgtmK2YrYszwvcD4=,NULL,0,B478157E-9C25-4AD6-D347-08DD8EEF9E56,NULL,NULL,2025-10-01 14:42:35.9347534,NULL,NULL,NULL,1,0
B7FB3BA1-9ABA-4AF7-B534-08DE00D8DB62,Qatar Leadership Centre (QLC),مركز قطر للقيادات,PHA+UWF0YXIgTGVhZGVyc2hpcCBDZW50cmUgKFFMQyk8L3A+,PHA+2YXYsdmD2LIg2YLYt9ixINmE2YTZgtmK2KfYr9in2Ko8L3A+,NULL,0,B478157E-9C25-4AD6-D347-08DD8EEF9E56,NULL,NULL,2025-10-01 14:43:17.7147879,NULL,NULL,NULL,1,0
2D64EF1F-EF11-4304-B535-08DE00D8DB62,Qatar News Agency,وكالة الأنباء القطرية,PHA+UWF0YXIgTmV3cyBBZ2VuY3k8L3A+,PHA+2YjZg9in2YTYqSDYp9mE2KPZhtio2KfYoSDYp9mE2YLYt9ix2YrYqTwvcD4=,NULL,0,B478157E-9C25-4AD6-D347-08DD8EEF9E56,NULL,NULL,2025-10-01 14:43:51.5741922,NULL,NULL,NULL,1,0
5CE48BED-129D-4D1F-B536-08DE00D8DB62,Qatar Racing and Equestrian club,نادى قطر للسباق والفروسية,PHA+UWF0YXIgUmFjaW5nIGFuZCBFcXVlc3RyaWFuIGNsdWI8L3A+,PHA+2YbYp9iv2Ykg2YLYt9ixINmE2YTYs9io2KfZgiDZiNin2YTZgdix2YjYs9mK2Kk8L3A+,NULL,0,B478157E-9C25-4AD6-D347-08DD8EEF9E56,NULL,NULL,2025-10-01 14:45:24.9134345,NULL,NULL,NULL,1,0
7EEBC1F5-9000-47ED-B537-08DE00D8DB62,Qatar Racing Club,نادي قطر للسباقات,PHA+UWF0YXIgUmFjaW5nIENsdWI8L3A+,PHA+2YbYp9iv2Yog2YLYt9ixINmE2YTYs9io2KfZgtin2Ko8L3A+,NULL,0,B478157E-9C25-4AD6-D347-08DD8EEF9E56,NULL,NULL,2025-10-01 14:45:42.8108963,NULL,NULL,NULL,1,0
4472530B-241C-46B1-B538-08DE00D8DB62,Qatar Satellite Company - Es'hailSat,"الشركة القطرية للأقمار الصناعية ""سهيل سات""",PHA+UWF0YXIgU2F0ZWxsaXRlIENvbXBhbnkgLSBFcydoYWlsU2F0PC9wPg==,PHA+2KfZhNi02LHZg9ipINin2YTZgti32LHZitipINmE2YTYo9mC2YXYp9ixINin2YTYtdmG2KfYudmK2KkgItiz2YfZitmEINiz2KfYqiI8L3A+,NULL,0,B478157E-9C25-4AD6-D347-08DD8EEF9E56,NULL,NULL,2025-10-01 14:46:16.1254973,NULL,NULL,NULL,1,0
654A5010-8168-4532-B539-08DE00D8DB62,Qatar Social Work,مؤسسة قطر للعمل الاجتماعي,PHA+UWF0YXIgU29jaWFsIFdvcms8L3A+,PHA+2YXYpNiz2LPYqSDZgti32LEg2YTZhNi52YXZhCDYp9mE2KfYrNiq2YXYp9i52Yo8L3A+,NULL,0,B478157E-9C25-4AD6-D347-08DD8EEF9E56,NULL,NULL,2025-10-01 14:46:33.5009374,NULL,NULL,NULL,1,0
760EF90C-9DCD-428D-B53A-08DE00D8DB62,Qatar Sports investment,قطر للاستثمارات الرياضية,PHA+UWF0YXIgU3BvcnRzIGludmVzdG1lbnQ8L3A+,PHA+2YLYt9ixINmE2YTYp9iz2KrYq9mF2KfYsdin2Kog2KfZhNix2YrYp9i22YrYqTwvcD4=,NULL,0,B478157E-9C25-4AD6-D347-08DD8EEF9E56,NULL,NULL,2025-10-01 14:46:50.4675321,NULL,NULL,NULL,1,0
AE1B5604-2681-414C-B53B-08DE00D8DB62,"Qatar Stars League ","مؤسسة دوري نجوم قطر ",PHA+UWF0YXIgU3RhcnMgTGVhZ3VlIDwvcD4=,PHA+2YXYpNiz2LPYqSDYr9mI2LHZiiDZhtis2YjZhSDZgti32LEgPC9wPg==,NULL,0,B478157E-9C25-4AD6-D347-08DD8EEF9E56,NULL,NULL,2025-10-01 14:47:11.1655040,NULL,NULL,NULL,1,0
4FD20675-2F2A-4641-B53C-08DE00D8DB62,Security Committee of World Cup,اللجنة الأمنية لكأس العالم,PHA+U2VjdXJpdHkgQ29tbWl0dGVlIG9mIFdvcmxkIEN1cDwvcD4=,PHA+2KfZhNmE2KzZhtipINin2YTYo9mF2YbZitipINmE2YPYo9izINin2YTYudin2YTZhTwvcD4=,NULL,0,B478157E-9C25-4AD6-D347-08DD8EEF9E56,NULL,NULL,2025-10-01 14:50:03.1922848,NULL,NULL,NULL,1,0
5669F361-92FE-461A-B53D-08DE00D8DB62,Service Center Umm Salal,مركز خدمات أم صلال,PHA+U2VydmljZSBDZW50ZXIgVW1tIFNhbGFsPC9wPg==,PHA+2YXYsdmD2LIg2K7Yr9mF2KfYqiDYo9mFINi12YTYp9mEPC9wPg==,NULL,0,B478157E-9C25-4AD6-D347-08DD8EEF9E56,NULL,NULL,2025-10-01 14:50:50.3218940,NULL,NULL,NULL,1,0
8B2FAD11-F5EA-495E-B53E-08DE00D8DB62,Sidra Medicine,مركز سدرة للطب والبحوث,PHA+U2lkcmEgTWVkaWNpbmU8L3A+,PHA+2YXYsdmD2LIg2LPYr9ix2Kkg2YTZhNi32Kgg2YjYp9mE2KjYrdmI2Ks8L3A+,NULL,0,B478157E-9C25-4AD6-D347-08DD8EEF9E56,NULL,NULL,2025-10-01 14:51:47.8887323,NULL,NULL,NULL,1,0
73B26946-D8E0-4407-B53F-08DE00D8DB62,State Security Bureau,جهاز امن الدولة,PHA+U3RhdGUgU2VjdXJpdHkgQnVyZWF1PC9wPg==,PHA+2KzZh9in2LIg2KfZhdmGINin2YTYr9mI2YTYqTwvcD4=,NULL,0,B478157E-9C25-4AD6-D347-08DD8EEF9E56,NULL,NULL,2025-10-01 14:52:04.5289673,NULL,NULL,NULL,1,0
1990BDDA-FBFF-4D92-B540-08DE00D8DB62,Supreme Constitutional Court,المحكمة الدستورية العليا,PHA+U3VwcmVtZSBDb25zdGl0dXRpb25hbCBDb3VydDwvcD4=,PHA+2KfZhNmF2K3Zg9mF2Kkg2KfZhNiv2LPYqtmI2LHZitipINin2YTYudmE2YrYpzwvcD4=,NULL,0,B478157E-9C25-4AD6-D347-08DD8EEF9E56,NULL,NULL,2025-10-01 14:52:21.8564465,NULL,NULL,NULL,1,0
F1BF008F-1A21-4271-B541-08DE00D8DB62,Supreme Council for Economic Affairs & Investment,المجلس الأعلى للشؤون الاقتصادية والاستثمار,PHA+U3VwcmVtZSBDb3VuY2lsIGZvciBFY29ub21pYyBBZmZhaXJzICZhbXA7IEludmVzdG1lbnQ8L3A+,PHA+2KfZhNmF2KzZhNizINin2YTYo9i52YTZiSDZhNmE2LTYpNmI2YYg2KfZhNin2YLYqti12KfYr9mK2Kkg2YjYp9mE2KfYs9iq2KvZhdin2LE8L3A+,NULL,0,B478157E-9C25-4AD6-D347-08DD8EEF9E56,NULL,NULL,2025-10-01 14:52:42.7245330,NULL,NULL,NULL,1,0
407970D1-E1D6-4AD1-B542-08DE00D8DB62,"The Center of Empowerment and Elderly Care ","مركز تمكين ورعاية كبار السن (احسان) ",PHA+VGhlIENlbnRlciBvZiBFbXBvd2VybWVudCBhbmQgRWxkZXJseSBDYXJlIDwvcD4=,PHA+2YXYsdmD2LIg2KrZhdmD2YrZhiDZiNix2LnYp9mK2Kkg2YPYqNin2LEg2KfZhNiz2YYgKNin2K3Ys9in2YYpIDwvcD4=,NULL,0,B478157E-9C25-4AD6-D347-08DD8EEF9E56,NULL,NULL,2025-10-01 14:53:08.5762652,NULL,NULL,NULL,1,0
83ADFE7D-2A56-4809-B543-08DE00D8DB62,The Social and Sport Contribution Fund (DAAM),صندوق دعم الأنشطة الاجتماعية والرياضية (دعم),PHA+VGhlIFNvY2lhbCBhbmQgU3BvcnQgQ29udHJpYnV0aW9uIEZ1bmQgKERBQU0pPC9wPg==,PHA+2LXZhtiv2YjZgiDYr9i52YUg2KfZhNij2YbYtNi32Kkg2KfZhNin2KzYqtmF2KfYudmK2Kkg2YjYp9mE2LHZitin2LbZitipICjYr9i52YUpPC9wPg==,NULL,0,B478157E-9C25-4AD6-D347-08DD8EEF9E56,NULL,NULL,2025-10-01 14:54:26.2892308,NULL,NULL,NULL,1,0
596AFDC5-1C15-4DCD-B544-08DE00D8DB62,University of Doha for Science and Technology,جامعة الدوحة للعلوم والتكنولوجيا,PHA+VW5pdmVyc2l0eSBvZiBEb2hhIGZvciBTY2llbmNlIGFuZCBUZWNobm9sb2d5PC9wPg==,PHA+2KzYp9mF2LnYqSDYp9mE2K/ZiNit2Kkg2YTZhNi52YTZiNmFINmI2KfZhNiq2YPZhtmI2YTZiNis2YrYpzwvcD4=,NULL,0,B478157E-9C25-4AD6-D347-08DD8EEF9E56,NULL,NULL,2025-10-01 14:55:16.2668250,NULL,NULL,NULL,1,0
2853E687-7CD4-4B20-B545-08DE00D8DB62,Woqod,شركة وقود,PHA+V29xb2Q8L3A+,PHA+2LTYsdmD2Kkg2YjZgtmI2K88L3A+,NULL,0,B478157E-9C25-4AD6-D347-08DD8EEF9E56,NULL,NULL,2025-10-01 14:55:47.1417392,NULL,NULL,NULL,1,0
F346E0EC-B19E-4E7A-B546-08DE00D8DB62,"صندوق الزكاة	","صندوق الزكاة	",PHA+2LXZhtiv2YjZgiDYp9mE2LLZg9in2KnYtdmG2K/ZiNmCINin2YTYstmD2KfYqTwvcD4=,PHA+2LXZhtiv2YjZgiDYp9mE2LLZg9in2Kk8L3A+,NULL,1,B478157E-9C25-4AD6-D347-08DD8EEF9E56,B478157E-9C25-4AD6-D347-08DD8EEF9E56,NULL,2025-10-05 11:33:29.6310488,2025-10-05 11:33:41.1816718,NULL,Duplicate,0,0
0660BEB7-EA5B-4A81-9447-08DE00D8F3B3,Al Rayyan For Media and Marketing,شركة الريان للإعلام والتسويق,PHA+QWwgUmF5eWFuIEZvciBNZWRpYSBhbmQgTWFya2V0aW5nPC9wPg==,PHA+2LTYsdmD2Kkg2KfZhNix2YrYp9mGINmE2YTYpdi52YTYp9mFINmI2KfZhNiq2LPZiNmK2YI8L3A+,NULL,0,B478157E-9C25-4AD6-D347-08DD8EEF9E56,NULL,NULL,2025-10-01 13:54:53.5156850,NULL,NULL,NULL,1,0
C0AED780-C11A-4BFE-9448-08DE00D8F3B3,Al-Khour Service Center,مركز خدمات الخور,PHA+QWwtS2hvdXIgU2VydmljZSBDZW50ZXI8L3A+,PHA+2YXYsdmD2LIg2K7Yr9mF2KfYqiDYp9mE2K7ZiNixPC9wPg==,NULL,0,B478157E-9C25-4AD6-D347-08DD8EEF9E56,NULL,NULL,2025-10-01 13:56:21.4847001,NULL,NULL,NULL,1,0
9D09BB10-1365-4F9E-9449-08DE00D8F3B3,Al-Shamal Service Center,مركز خدمات الشمال,PHA+QWwtU2hhbWFsIFNlcnZpY2UgQ2VudGVyPC9wPg==,PHA+2YXYsdmD2LIg2K7Yr9mF2KfYqiDYp9mE2LTZhdin2YQ8L3A+,NULL,0,B478157E-9C25-4AD6-D347-08DD8EEF9E56,NULL,NULL,2025-10-01 13:57:28.4116116,NULL,NULL,NULL,1,0
A9943251-695D-4400-944A-08DE00D8F3B3,Aman,مركز الحماية والتأهيل الاجتماعي امان,PHA+QW1hbjwvcD4=,PHA+2YXYsdmD2LIg2KfZhNit2YXYp9mK2Kkg2YjYp9mE2KrYo9mH2YrZhCDYp9mE2KfYrNiq2YXYp9i52Yog2KfZhdin2YY8L3A+,NULL,0,B478157E-9C25-4AD6-D347-08DD8EEF9E56,NULL,NULL,2025-10-01 13:57:48.0149315,NULL,NULL,NULL,1,0
37F0046E-B12D-4077-944B-08DE00D8F3B3,Aspetar,سبيتار,PHA+QXNwZXRhcjwvcD4=,PHA+2LPYqNmK2KrYp9ixPC9wPg==,NULL,0,B478157E-9C25-4AD6-D347-08DD8EEF9E56,NULL,NULL,2025-10-01 14:03:40.1288169,NULL,NULL,NULL,1,0
EE27F639-D700-4452-944C-08DE00D8F3B3,Astad Project Management,استاد للمشاريع,PHA+QXN0YWQgUHJvamVjdCBNYW5hZ2VtZW50PC9wPg==,PHA+2KfYs9iq2KfYryDZhNmE2YXYtNin2LHZiti5PC9wPg==,NULL,0,B478157E-9C25-4AD6-D347-08DD8EEF9E56,NULL,NULL,2025-10-01 14:05:01.8922505,NULL,NULL,NULL,1,0
D897EB60-55DD-46C7-944D-08DE00D8F3B3,Communications Regulatory Authority,هيئة تنظيم الاتصالات,PHA+Q29tbXVuaWNhdGlvbnMgUmVndWxhdG9yeSBBdXRob3JpdHk8L3A+,PHA+2YfZitim2Kkg2KrZhti42YrZhSDYp9mE2KfYqti12KfZhNin2Ko8L3A+,NULL,0,B478157E-9C25-4AD6-D347-08DD8EEF9E56,NULL,NULL,2025-10-01 14:08:38.2881365,NULL,NULL,NULL,1,0
945A4B59-E3CE-4E6A-944E-08DE00D8F3B3,Cultural Village [Katara],كتارا,PHA+Q3VsdHVyYWwgVmlsbGFnZSBbS2F0YXJhXTwvcD4=,PHA+2YPYqtin2LHYpzwvcD4=,NULL,0,B478157E-9C25-4AD6-D347-08DD8EEF9E56,NULL,NULL,2025-10-01 14:09:27.9191750,NULL,NULL,NULL,1,0
7B0E7714-FAFA-49E8-944F-08DE00D8F3B3,Dayyan Service Center,مركز خدمات الضاعين,PHA+RGF5eWFuIFNlcnZpY2UgQ2VudGVyPC9wPg==,PHA+2YXYsdmD2LIg2K7Yr9mF2KfYqiDYp9mE2LbYp9i52YrZhjwvcD4=,NULL,0,B478157E-9C25-4AD6-D347-08DD8EEF9E56,NULL,NULL,2025-10-01 14:10:10.3342154,NULL,NULL,NULL,1,0
B7679DEE-19AC-4AE6-9450-08DE00D8F3B3,Doha Center for Media Freedom,مركز الدوحة لحرية الاعلام,PHA+RG9oYSBDZW50ZXIgZm9yIE1lZGlhIEZyZWVkb208L3A+,PHA+2YXYsdmD2LIg2KfZhNiv2YjYrdipINmE2K3YsdmK2Kkg2KfZhNin2LnZhNin2YU8L3A+,NULL,0,B478157E-9C25-4AD6-D347-08DD8EEF9E56,NULL,NULL,2025-10-01 14:10:51.8647574,NULL,NULL,NULL,1,0
1E0326A0-185E-4D3A-9451-08DE00D8F3B3,Doha Joint Coordination Center for Rescue,مركز الدوحة المشترك لتنسيق الانقاذ,PHA+RG9oYSBKb2ludCBDb29yZGluYXRpb24gQ2VudGVyIGZvciBSZXNjdWU8L3A+,PHA+2YXYsdmD2LIg2KfZhNiv2YjYrdipINin2YTZhdi02KrYsdmDINmE2KrZhtiz2YrZgiDYp9mE2KfZhtmC2KfYsDwvcD4=,NULL,0,B478157E-9C25-4AD6-D347-08DD8EEF9E56,NULL,NULL,2025-10-01 14:11:30.4910975,NULL,NULL,NULL,1,0
B4340F7B-C0B0-4B45-9452-08DE00D8F3B3,Dreama,مركز رعاية الايتام,PHA+RHJlYW1hPC9wPg==,PHA+2YXYsdmD2LIg2LHYudin2YrYqSDYp9mE2KfZitiq2KfZhTwvcD4=,NULL,0,B478157E-9C25-4AD6-D347-08DD8EEF9E56,NULL,NULL,2025-10-01 14:12:05.9283868,NULL,NULL,NULL,1,0
D8FC9E7C-C656-497A-9453-08DE00D8F3B3,General Authority for Minors Affairs,الهيئة العامة لشؤون القاصرين,PHA+R2VuZXJhbCBBdXRob3JpdHkgZm9yIE1pbm9ycyBBZmZhaXJzPC9wPg==,PHA+2KfZhNmH2YrYptipINin2YTYudin2YXYqSDZhNi02KTZiNmGINin2YTZgtin2LXYsdmK2YY8L3A+,NULL,0,B478157E-9C25-4AD6-D347-08DD8EEF9E56,NULL,NULL,2025-10-01 14:14:07.8470353,NULL,NULL,NULL,1,0
0E709475-056F-4BA8-9454-08DE00D8F3B3,"Hamad Port ","ميناء حمد ",PHA+SGFtYWQgUG9ydCA8L3A+,PHA+2YXZitmG2KfYoSDYrdmF2K8gPC9wPg==,NULL,0,B478157E-9C25-4AD6-D347-08DD8EEF9E56,NULL,NULL,2025-10-01 14:15:04.1811014,NULL,NULL,NULL,1,0
EBD0AB91-D30F-4300-9455-08DE00D8F3B3,Hilal Service Center,مركز خدمات الهلال,PHA+SGlsYWwgU2VydmljZSBDZW50ZXI8L3A+,PHA+2YXYsdmD2LIg2K7Yr9mF2KfYqiDYp9mE2YfZhNin2YQ8L3A+,NULL,0,B478157E-9C25-4AD6-D347-08DD8EEF9E56,NULL,NULL,2025-10-01 14:15:42.9150305,NULL,NULL,NULL,1,0
C032250E-B7AC-4D5C-9456-08DE00D8F3B3,Internal Security Force (Lekhwiya),"قوة الأمن الداخلي (لخويا) ",PHA+SW50ZXJuYWwgU2VjdXJpdHkgRm9yY2UgKExla2h3aXlhKTwvcD4=,PHA+2YLZiNipINin2YTYo9mF2YYg2KfZhNiv2KfYrtmE2YogKNmE2K7ZiNmK2KcpIDwvcD4=,NULL,0,B478157E-9C25-4AD6-D347-08DD8EEF9E56,NULL,NULL,2025-10-01 14:16:33.1572374,NULL,NULL,NULL,1,0
C8B518AA-F4FD-4740-9457-08DE00D8F3B3,International Centre for Sport Security,المركز الدولي للامن الرياضي,PHA+SW50ZXJuYXRpb25hbCBDZW50cmUgZm9yIFNwb3J0IFNlY3VyaXR5PC9wPg==,PHA+2KfZhNmF2LHZg9iyINin2YTYr9mI2YTZiiDZhNmE2KfZhdmGINin2YTYsdmK2KfYttmKPC9wPg==,NULL,0,B478157E-9C25-4AD6-D347-08DD8EEF9E56,NULL,NULL,2025-10-01 14:16:51.2118156,NULL,NULL,NULL,1,0
93A2232F-56E6-48D0-9458-08DE00D8F3B3,Mada,مركز تكنولوجيا المعلومات المساعدة - مدى,PHA+TWFkYTwvcD4=,PHA+2YXYsdmD2LIg2KrZg9mG2YjZhNmI2KzZitinINin2YTZhdi52YTZiNmF2KfYqiDYp9mE2YXYs9in2LnYr9ipIC0g2YXYr9mJPC9wPg==,NULL,0,B478157E-9C25-4AD6-D347-08DD8EEF9E56,NULL,NULL,2025-10-01 14:18:00.8350325,NULL,NULL,NULL,1,0
B75240A8-9D57-4DA0-9459-08DE00D8F3B3,Malomatia,معلوماتية,PHA+TWFsb21hdGlhPC9wPg==,PHA+2YXYudmE2YjZhdin2KrZitipPC9wPg==,NULL,0,B478157E-9C25-4AD6-D347-08DD8EEF9E56,NULL,NULL,2025-10-01 14:18:23.9621950,NULL,NULL,NULL,1,0
C6952247-9AE2-43A1-945A-08DE00D8F3B3,Manateq,شركة مناطق,PHA+TWFuYXRlcTwvcD4=,PHA+2LTYsdmD2Kkg2YXZhtin2LfZgjwvcD4=,NULL,0,B478157E-9C25-4AD6-D347-08DD8EEF9E56,NULL,NULL,2025-10-01 14:18:41.7681074,NULL,NULL,NULL,1,0
E2A75E6E-5B90-48E6-945B-08DE00D8F3B3,Ministry of Justice,وزارة العدل,PHA+TWluaXN0cnkgb2YgSnVzdGljZTwvcD4=,PHA+2YjYstin2LHYqSDYp9mE2LnYr9mEPC9wPg==,NULL,0,B478157E-9C25-4AD6-D347-08DD8EEF9E56,NULL,NULL,2025-10-01 14:19:05.7800399,NULL,NULL,NULL,1,0
FCA40B00-BF51-4B89-945C-08DE00D8F3B3,Ministry of Transport  (Lotus Tower),وزارة الموصلات والاتصالات - مبنى النقل,PHA+TWluaXN0cnkgb2YgVHJhbnNwb3J0Jm5ic3A7IChMb3R1cyBUb3dlcik8L3A+,PHA+2YjYstin2LHYqSDYp9mE2YXZiNi12YTYp9iqINmI2KfZhNin2KrYtdin2YTYp9iqIC0g2YXYqNmG2Ykg2KfZhNmG2YLZhDwvcD4=,NULL,0,B478157E-9C25-4AD6-D347-08DD8EEF9E56,NULL,NULL,2025-10-01 14:22:28.2714175,NULL,NULL,NULL,1,0
503BE1B3-DFF1-4383-945D-08DE00D8F3B3,Mwani,الشركة القطرية لإدارة الموانئ,PHA+TXdhbmk8L3A+,PHA+2KfZhNi02LHZg9ipINin2YTZgti32LHZitipINmE2KXYr9in2LHYqSDYp9mE2YXZiNin2YbYpjwvcD4=,NULL,0,B478157E-9C25-4AD6-D347-08DD8EEF9E56,NULL,NULL,2025-10-01 14:23:16.9211072,NULL,NULL,NULL,1,0
6A18EC25-CB71-48F3-945E-08DE00D8F3B3,Nama,مركز الإنماء الاجتماعي,PHA+TmFtYTwvcD4=,PHA+2YXYsdmD2LIg2KfZhNil2YbZhdin2KEg2KfZhNin2KzYqtmF2KfYudmKPC9wPg==,NULL,0,B478157E-9C25-4AD6-D347-08DD8EEF9E56,NULL,NULL,2025-10-01 14:23:37.4176536,NULL,NULL,NULL,1,0
79F07516-BD62-48C0-945F-08DE00D8F3B3,National Archives of Qatar,"دار الوثائق القطرية ",PHA+TmF0aW9uYWwgQXJjaGl2ZXMgb2YgUWF0YXI8L3A+,PHA+2K/Yp9ixINin2YTZiNir2KfYptmCINin2YTZgti32LHZitipIDwvcD4=,NULL,0,B478157E-9C25-4AD6-D347-08DD8EEF9E56,NULL,NULL,2025-10-01 14:24:08.1509967,NULL,NULL,NULL,1,0
7720D378-2C2E-4F6A-9460-08DE00D8F3B3,National Human Rights Committee,اللجنة الوطنية لحقوق الانسان,PHA+TmF0aW9uYWwgSHVtYW4gUmlnaHRzIENvbW1pdHRlZTwvcD4=,PHA+2KfZhNmE2KzZhtipINin2YTZiNi32YbZitipINmE2K3ZgtmI2YIg2KfZhNin2YbYs9in2YY8L3A+,NULL,0,B478157E-9C25-4AD6-D347-08DD8EEF9E56,NULL,NULL,2025-10-01 14:24:40.2763742,NULL,NULL,NULL,1,0
37C5B3D5-7BC0-4DB8-9461-08DE00D8F3B3,New Port Project,لجنة تسيير مشروع الميناء الجديد,PHA+TmV3IFBvcnQgUHJvamVjdDwvcD4=,PHA+2YTYrNmG2Kkg2KrYs9mK2YrYsSDZhdi02LHZiNi5INin2YTZhdmK2YbYp9ihINin2YTYrNiv2YrYrzwvcD4=,NULL,0,B478157E-9C25-4AD6-D347-08DD8EEF9E56,NULL,NULL,2025-10-01 14:25:57.6005345,NULL,NULL,NULL,1,0
488ECF51-3974-40D1-9462-08DE00D8F3B3,"Public Prosecution ",النيابة العامة,PHA+UHVibGljIFByb3NlY3V0aW9uIDwvcD4=,PHA+2KfZhNmG2YrYp9io2Kkg2KfZhNi52KfZhdipPC9wPg==,NULL,0,B478157E-9C25-4AD6-D347-08DD8EEF9E56,NULL,NULL,2025-10-01 14:35:35.3091128,NULL,NULL,NULL,1,0
5888255C-CE00-4910-9463-08DE00D8F3B3,Qatar Armed Forces - Joaan Bin Jassim Joint Command Staff College,القوات المسلحة القطرية - كلية أركان القيادة المشتركة جوعان بن جاسم,PHA+UWF0YXIgQXJtZWQgRm9yY2VzIC0gSm9hYW4gQmluIEphc3NpbSBKb2ludCBDb21tYW5kIFN0YWZmIENvbGxlZ2U8L3A+,PHA+2KfZhNmC2YjYp9iqINin2YTZhdiz2YTYrdipINin2YTZgti32LHZitipIC0g2YPZhNmK2Kkg2KPYsdmD2KfZhiDYp9mE2YLZitin2K/YqSDYp9mE2YXYtNiq2LHZg9ipINis2YjYudin2YYg2KjZhiDYrNin2LPZhTwvcD4=,NULL,0,B478157E-9C25-4AD6-D347-08DD8EEF9E56,NULL,NULL,2025-10-01 14:37:40.8251604,NULL,NULL,NULL,1,0
586CA773-2220-4DE2-9464-08DE00D8F3B3,Qatar Finacial and Business Academy,أكاديمية قطر للمال والاعمال,PHA+UWF0YXIgRmluYWNpYWwgYW5kIEJ1c2luZXNzIEFjYWRlbXk8L3A+,PHA+2KPZg9in2K/ZitmF2YrYqSDZgti32LEg2YTZhNmF2KfZhCDZiNin2YTYp9i52YXYp9mEPC9wPg==,NULL,0,B478157E-9C25-4AD6-D347-08DD8EEF9E56,NULL,NULL,2025-10-01 14:39:44.0494090,NULL,NULL,NULL,1,0
A528627A-2E45-48EE-9465-08DE00D8F3B3,Qatar Financial Information Unit (QFIU),وحدة المعلومات المالية,PHA+UWF0YXIgRmluYW5jaWFsIEluZm9ybWF0aW9uIFVuaXQgKFFGSVUpPC9wPg==,PHA+2YjYrdiv2Kkg2KfZhNmF2LnZhNmI2YXYp9iqINin2YTZhdin2YTZitipPC9wPg==,NULL,0,B478157E-9C25-4AD6-D347-08DD8EEF9E56,NULL,NULL,2025-10-01 14:41:26.6982204,NULL,NULL,NULL,1,0
A6721CF7-B63B-4BF1-9466-08DE00D8F3B3,"Qatar Foundation ",مؤسسة قطر للتربية والعلوم وتنمية المجتمع,PHA+UWF0YXIgRm91bmRhdGlvbiA8L3A+,PHA+2YXYpNiz2LPYqSDZgti32LEg2YTZhNiq2LHYqNmK2Kkg2YjYp9mE2LnZhNmI2YUg2YjYqtmG2YXZitipINin2YTZhdis2KrZhdi5PC9wPg==,NULL,0,B478157E-9C25-4AD6-D347-08DD8EEF9E56,NULL,NULL,2025-10-01 14:42:02.2824176,NULL,NULL,NULL,1,0
81C7EB66-4EF6-41CE-9467-08DE00D8F3B3,Qatar International Court and Dispute Resolution Centre. QICDRC,محكمة قطر الدولية ومركز تسوية المنازعات,PHA+UWF0YXIgSW50ZXJuYXRpb25hbCBDb3VydCBhbmQgRGlzcHV0ZSBSZXNvbHV0aW9uIENlbnRyZS4gUUlDRFJDPC9wPg==,PHA+2YXYrdmD2YXYqSDZgti32LEg2KfZhNiv2YjZhNmK2Kkg2YjZhdix2YPYsiDYqtiz2YjZitipINin2YTZhdmG2KfYsti52KfYqjwvcD4=,NULL,0,B478157E-9C25-4AD6-D347-08DD8EEF9E56,NULL,NULL,2025-10-01 14:42:55.3650824,NULL,NULL,NULL,1,0
FBF388AC-6074-418A-9468-08DE00D8F3B3,Qatar National Bank,بنك قطر الوطني,PHA+UWF0YXIgTmF0aW9uYWwgQmFuazwvcD4=,PHA+2KjZhtmDINmC2LfYsSDYp9mE2YjYt9mG2Yo8L3A+,NULL,0,B478157E-9C25-4AD6-D347-08DD8EEF9E56,NULL,NULL,2025-10-01 14:43:34.9499661,NULL,NULL,NULL,1,0
7D0527EC-A203-40FF-9469-08DE00D8F3B3,Qatar Olympic Committee,اللجنة الاوليمبية القطرية,PHA+UWF0YXIgT2x5bXBpYyBDb21taXR0ZWU8L3A+,PHA+2KfZhNmE2KzZhtipINin2YTYp9mI2YTZitmF2KjZitipINin2YTZgti32LHZitipPC9wPg==,NULL,0,B478157E-9C25-4AD6-D347-08DD8EEF9E56,NULL,NULL,2025-10-01 14:44:06.3957555,NULL,NULL,NULL,1,0
3063B477-EC3A-413E-946A-08DE00D8F3B3,Qatar Post,الشركة القطرية للخدمات البريدية,PHA+UWF0YXIgUG9zdDwvcD4=,PHA+2KfZhNi02LHZg9ipINin2YTZgti32LHZitipINmE2YTYrtiv2YXYp9iqINin2YTYqNix2YrYr9mK2Kk8L3A+,NULL,0,B478157E-9C25-4AD6-D347-08DD8EEF9E56,NULL,NULL,2025-10-01 14:44:48.2898069,NULL,NULL,NULL,1,0
9CF72376-F2FF-4A10-946B-08DE00D8F3B3,Qatar Primary Materials Company,شركة قطر للمواد الأولية,PHA+UWF0YXIgUHJpbWFyeSBNYXRlcmlhbHMgQ29tcGFueTwvcD4=,PHA+2LTYsdmD2Kkg2YLYt9ixINmE2YTZhdmI2KfYryDYp9mE2KPZiNmE2YrYqTwvcD4=,NULL,0,B478157E-9C25-4AD6-D347-08DD8EEF9E56,NULL,NULL,2025-10-01 14:45:06.5301893,NULL,NULL,NULL,1,0
06290E24-EE4D-4953-946C-08DE00D8F3B3,Qatar Red Crescent,الهلال الأحمر القطري,PHA+UWF0YXIgUmVkIENyZXNjZW50PC9wPg==,PHA+2KfZhNmH2YTYp9mEINin2YTYo9it2YXYsSDYp9mE2YLYt9ix2Yo8L3A+,NULL,0,B478157E-9C25-4AD6-D347-08DD8EEF9E56,NULL,NULL,2025-10-01 14:45:59.4578466,NULL,NULL,NULL,1,0
B1670024-D041-4AAD-946D-08DE00D8F3B3,Qatar–Bahrain Causeway,مؤسسة جسر قطر والبحرين,PHA+UWF0YXLigJNCYWhyYWluIENhdXNld2F5PC9wPg==,PHA+2YXYpNiz2LPYqSDYrNiz2LEg2YLYt9ixINmI2KfZhNio2K3YsdmK2YY8L3A+,NULL,0,B478157E-9C25-4AD6-D347-08DD8EEF9E56,NULL,NULL,2025-10-01 14:47:42.2064007,NULL,NULL,NULL,1,0
F7770A1C-AF48-4A8C-946E-08DE00D8F3B3,Racing and Equestrian Club,نادى السباق والفروسية,PHA+UmFjaW5nIGFuZCBFcXVlc3RyaWFuIENsdWI8L3A+,PHA+2YbYp9iv2Ykg2KfZhNiz2KjYp9mCINmI2KfZhNmB2LHZiNiz2YrYqTwvcD4=,NULL,0,B478157E-9C25-4AD6-D347-08DD8EEF9E56,NULL,NULL,2025-10-01 14:48:47.9057705,NULL,NULL,NULL,1,0
9B7D3C50-EE6F-48BC-946F-08DE00D8F3B3,Rayyan Service Center,مركز خدمات الريان,PHA+UmF5eWFuIFNlcnZpY2UgQ2VudGVyPC9wPg==,PHA+2YXYsdmD2LIg2K7Yr9mF2KfYqiDYp9mE2LHZitin2YY8L3A+,NULL,0,B478157E-9C25-4AD6-D347-08DD8EEF9E56,NULL,NULL,2025-10-01 14:49:03.1857097,NULL,NULL,NULL,1,0
2B563BF3-3A33-4742-9470-08DE00D8F3B3,Regularity Authority for Charitable Affairs,هيئة تنظيم الأعمال الخيرية,PHA+UmVndWxhcml0eSBBdXRob3JpdHkgZm9yIENoYXJpdGFibGUgQWZmYWlyczwvcD4=,PHA+2YfZitim2Kkg2KrZhti42YrZhSDYp9mE2KPYudmF2KfZhCDYp9mE2K7Zitix2YrYqTwvcD4=,NULL,0,B478157E-9C25-4AD6-D347-08DD8EEF9E56,NULL,NULL,2025-10-01 14:49:19.5288198,NULL,NULL,NULL,1,0
3F370962-5A0E-4E4D-9471-08DE00D8F3B3,Service Center Al-Wakra,مركز خدمات الوكرة,PHA+U2VydmljZSBDZW50ZXIgQWwtV2FrcmE8L3A+,PHA+2YXYsdmD2LIg2K7Yr9mF2KfYqiDYp9mE2YjZg9ix2Kk8L3A+,NULL,0,B478157E-9C25-4AD6-D347-08DD8EEF9E56,NULL,NULL,2025-10-01 14:50:18.7686092,NULL,NULL,NULL,1,0
51F92834-6FB2-4493-9472-08DE00D8F3B3,Service Center Mesamir,مركز خدمات مسمير,PHA+U2VydmljZSBDZW50ZXIgTWVzYW1pcjwvcD4=,PHA+2YXYsdmD2LIg2K7Yr9mF2KfYqiDZhdiz2YXZitixPC9wPg==,NULL,0,B478157E-9C25-4AD6-D347-08DD8EEF9E56,NULL,NULL,2025-10-01 14:50:34.5052858,NULL,NULL,NULL,1,0
A9E449F8-319B-489A-9473-08DE00D8F3B3,Shahaneya Services Center,مركز خدمات الشحانية,PHA+U2hhaGFuZXlhIFNlcnZpY2VzIENlbnRlcjwvcD4=,PHA+2YXYsdmD2LIg2K7Yr9mF2KfYqiDYp9mE2LTYrdin2YbZitipPC9wPg==,NULL,0,B478157E-9C25-4AD6-D347-08DD8EEF9E56,NULL,NULL,2025-10-01 14:51:07.9078812,NULL,NULL,NULL,1,0
F2AC0E15-1BFC-490E-9474-08DE00D8F3B3,The Family Consulting Center (Wifaq)," مركز الاستشارات العائلية",PHA+VGhlIEZhbWlseSBDb25zdWx0aW5nIENlbnRlciAoV2lmYXEpPC9wPg==,PHA+INmF2LHZg9iyINin2YTYp9iz2KrYtNin2LHYp9iqINin2YTYudin2KbZhNmK2Kk8L3A+,NULL,0,B478157E-9C25-4AD6-D347-08DD8EEF9E56,NULL,NULL,2025-10-01 14:54:05.4820751,NULL,NULL,NULL,1,0
4914DA58-0F70-4F35-9475-08DE00D8F3B3,University of Calgary in Qatar," جامعة كالجارى فى قطر",PHA+VW5pdmVyc2l0eSBvZiBDYWxnYXJ5IGluIFFhdGFyPC9wPg==,PHA+INis2KfZhdi52Kkg2YPYp9mE2KzYp9ix2Ykg2YHZiSDZgti32LE8L3A+,NULL,0,B478157E-9C25-4AD6-D347-08DD8EEF9E56,NULL,NULL,2025-10-01 14:55:00.6005768,NULL,NULL,NULL,1,0
53B9D94D-19CB-4D3E-9476-08DE00D8F3B3,Vodafone Qatar,فودافون - قطر,PHA+Vm9kYWZvbmUgUWF0YXI8L3A+,PHA+2YHZiNiv2KfZgdmI2YYgLSDZgti32LE8L3A+,NULL,0,B478157E-9C25-4AD6-D347-08DD8EEF9E56,NULL,NULL,2025-10-01 14:55:30.6605533,NULL,NULL,NULL,1,0
E3FBC384-6A87-479D-9477-08DE00D8F3B3,"Zakat Fund ",صندوق الزكاة,PHA+WmFrYXQgRnVuZCA8L3A+,PHA+2LXZhtiv2YjZgiDYp9mE2LLZg9in2Kk8L3A+,NULL,0,B478157E-9C25-4AD6-D347-08DD8EEF9E56,NULL,NULL,2025-10-01 14:56:00.6171498,NULL,NULL,NULL,1,0
28561CA2-5BB1-4A67-F920-08DE17939EDD,"The General Secretariat of the Council ",الأمانه العامة للمجلس,PHA+VGhlIEdlbmVyYWwgU2VjcmV0YXJpYXQgb2YgdGhlIENvdW5jaWwgPC9wPg==,PHA+2KfZhNij2YXYp9mG2Ycg2KfZhNi52KfZhdipINmE2YTZhdis2YTYszwvcD4=,NULL,0,B478157E-9C25-4AD6-D347-08DD8EEF9E56,NULL,NULL,2025-10-30 12:06:32.6249434,NULL,NULL,NULL,1,0
7BBA1115-ED2A-4C79-B672-08DE1793D226,"The Main Entities Responsible for the Priority Sectors ","الجهات الرئيسية المسؤولة عن القطاعات ذات الألولوية ",PHA+VGhlIE1haW4gRW50aXRpZXMgUmVzcG9uc2libGUgZm9yIHRoZSBQcmlvcml0eSBTZWN0b3JzIDwvcD4=,PHA+2KfZhNis2YfYp9iqINin2YTYsdim2YrYs9mK2Kkg2KfZhNmF2LPYpNmI2YTYqSDYudmGINin2YTZgti32KfYudin2Kog2LDYp9iqINin2YTYo9mE2YjZhNmI2YrYqSA8L3A+,NULL,0,B478157E-9C25-4AD6-D347-08DD8EEF9E56,NULL,NULL,2025-10-30 12:07:58.7169357,NULL,NULL,NULL,1,0
79A72564-5D7D-4FE6-7909-08DE3562BCE3,Government Entities,الجهات الحكومية,PHA+R292ZXJubWVudCBFbnRpdGllczwvcD4=,PHA+2KfZhNis2YfYp9iqINin2YTYrdmD2YjZhdmK2Kk8L3A+,NULL,0,B478157E-9C25-4AD6-D347-08DD8EEF9E56,NULL,NULL,2025-12-07 10:32:12.5350724,NULL,NULL,NULL,1,0
469347AC-2AF3-445E-8F5D-08DE35630520,Government Entities subject to Tenders and Auction Law (62 Entities),الجهات الحكومية الخاضعة لقانون المناقصات والمزايدات وعددها 62 جهة,PHA+R292ZXJubWVudCBFbnRpdGllcyBzdWJqZWN0IHRvIFRlbmRlcnMgYW5kIEF1Y3Rpb24gTGF3ICg2MiBFbnRpdGllcyk8L3A+,PHA+2KfZhNis2YfYp9iqINin2YTYrdmD2YjZhdmK2Kkg2KfZhNiu2KfYtti52Kkg2YTZgtin2YbZiNmGINin2YTZhdmG2KfZgti12KfYqiDZiNin2YTZhdiy2KfZitiv2KfYqiDZiNi52K/Yr9mH2KcgNjIg2KzZh9ipPC9wPg==,NULL,0,B478157E-9C25-4AD6-D347-08DD8EEF9E56,NULL,NULL,2025-12-07 10:34:13.8283015,NULL,NULL,NULL,1,0
A4B9AEA7-2955-4833-8F5E-08DE35630520,"The Governing Bodies of these Entities ",الجهات المالكة لهذه الجهات,PHA+VGhlIEdvdmVybmluZyBCb2RpZXMgb2YgdGhlc2UgRW50aXRpZXMgPC9wPg==,PHA+2KfZhNis2YfYp9iqINin2YTZhdin2YTZg9ipINmE2YfYsNmHINin2YTYrNmH2KfYqjwvcD4=,NULL,0,B478157E-9C25-4AD6-D347-08DD8EEF9E56,NULL,NULL,2025-12-07 13:30:35.9026413,NULL,NULL,NULL,1,0
32B215BA-E50E-4376-D41F-08DE6D44CA42,To be determined,سيتم تحديده لاحقاً,PHA+VG8gYmUgZGV0ZXJtaW5lZDwvcD4=,PHA+2LPZitiq2YUg2KrYrdiv2YrYr9mHINmE2KfYrdmC2KfZizwvcD4=,NULL,0,590098FF-715B-4670-D349-08DD8EEF9E56,NULL,NULL,2026-02-16 13:18:55.2551631,NULL,NULL,NULL,1,0
5BEDEF58-9383-4FF5-A491-0A40101B8098,Qatar Media Foundation,المؤسسة القطرية للإعلام,NULL,NULL,NULL,0,04B309E8-6BBD-40F3-869E-7AFA240D40D2,8130A178-AA94-4D13-D377-08DD8EEF9E56,NULL,2025-05-06 12:12:10.2266667,2025-05-10 17:23:58.2084624,NULL,NULL,1,0
97BBD6E7-DAF1-46A8-882E-0BF98255247C,Qatar Museums,متاحف قطر,NULL,NULL,NULL,0,04B309E8-6BBD-40F3-869E-7AFA240D40D2,NULL,NULL,2025-05-06 12:12:10.2266667,NULL,NULL,NULL,1,0
0FA81F2D-3DD0-4F0A-A289-0C87D30834D3,State Audit Bureau,ديوان المحاسبة,NULL,NULL,NULL,0,04B309E8-6BBD-40F3-869E-7AFA240D40D2,NULL,NULL,2025-05-06 12:12:10.2266667,NULL,NULL,NULL,1,0
8A5E0855-1480-4941-BB7E-0D5070A87DDB,General Authority of Customs,الهيئة العامة للجمارك,NULL,NULL,NULL,0,04B309E8-6BBD-40F3-869E-7AFA240D40D2,NULL,NULL,2022-11-19 14:05:26.7631340,2023-01-07 10:38:57.7300000,NULL,NULL,1,0
D7881757-71C3-4235-94C7-0D698CD975DC,Mahaseel Company for Marketing and Agricultural Services,شركة محاصيل للتسويق والخدمات الزراعية,NULL,NULL,NULL,0,04B309E8-6BBD-40F3-869E-7AFA240D40D2,NULL,NULL,2025-05-06 12:12:10.2266667,NULL,NULL,NULL,1,0
D02BF941-80E6-4414-A55E-1060D36A8F5D,Ministry of Municipality (Urban planning) (MOM),وزارة البلدية (التخطيط العمراني),NULL,NULL,NULL,0,04B309E8-6BBD-40F3-869E-7AFA240D40D2,NULL,NULL,2025-05-06 12:12:10.2266667,NULL,NULL,NULL,1,0
9726D607-043F-4F8A-8D5C-10AD7113A896,Aspire Zone,اسباير زون,NULL,NULL,NULL,0,04B309E8-6BBD-40F3-869E-7AFA240D40D2,NULL,NULL,2025-05-06 12:12:10.2266667,NULL,NULL,NULL,1,0
1A0945D7-821C-4D3E-8473-11B9F165D28E,Investment Promotion Agency Qatar,وكالة ترويج الاستثمار في قطر,NULL,NULL,NULL,0,04B309E8-6BBD-40F3-869E-7AFA240D40D2,NULL,NULL,2025-05-06 12:12:10.2266667,NULL,NULL,NULL,1,0
44146642-1FD1-48CA-A8FC-137D347D44C0,Manateq Company,مناطق,NULL,NULL,NULL,0,04B309E8-6BBD-40F3-869E-7AFA240D40D2,NULL,NULL,2022-11-19 14:05:34.9193130,2023-01-07 10:38:45.5560000,NULL,NULL,1,0
A43584A9-E90E-4AAD-96C5-138627417F7D,Hamad International Airport - Major Projects Management,مطار حمد الدولي - إدارة المشاريع الكبرى,NULL,NULL,NULL,0,04B309E8-6BBD-40F3-869E-7AFA240D40D2,NULL,NULL,2025-05-06 12:12:10.2266667,NULL,NULL,NULL,1,0
366679BF-836C-4141-965A-14701CFFDD51,Livestock management.,إدارة الثروة الحيوانية.,NULL,NULL,NULL,0,04B309E8-6BBD-40F3-869E-7AFA240D40D2,NULL,NULL,2025-05-06 12:12:10.2266667,NULL,NULL,NULL,1,0
BDF3B749-1AC1-41FE-863E-1653FBF3A88E,"Representatives of Centers of Excellence / Tourism Destinations (e.g. Sidra, Aspetar, HMC  , Zulal Wellness)",ممثلو مراكز التميز/الوجهات السياحية (مثل سدرة للطب، سبيتار،  مؤسسة حمد الطبية، منتجع زلال الصحي),NULL,NULL,NULL,0,04B309E8-6BBD-40F3-869E-7AFA240D40D2,NULL,NULL,2025-05-06 12:12:10.2266667,NULL,NULL,NULL,1,0
AE3D736A-E378-4563-BE82-1762C747582D,Qatar Rail Company (QRC),شركة سكك الحديد القطرية (الريل),NULL,NULL,NULL,0,04B309E8-6BBD-40F3-869E-7AFA240D40D2,NULL,NULL,2022-11-19 14:00:57.1867050,2023-01-07 10:40:27.4240000,NULL,NULL,1,0
02E113C7-B3F3-475E-9178-1BCAE137447E,Shipping Lines,خطوط الشحن,NULL,NULL,NULL,0,04B309E8-6BBD-40F3-869E-7AFA240D40D2,NULL,NULL,2022-11-19 14:24:39.2246600,2023-02-22 07:39:48.7310000,NULL,NULL,1,0
E0856ACE-A28A-4654-88C4-1C81ED4AB75B,Land Transport,النقل البري,NULL,NULL,NULL,0,04B309E8-6BBD-40F3-869E-7AFA240D40D2,NULL,NULL,2022-11-19 14:24:23.5216930,2023-01-07 10:48:47.7580000,NULL,NULL,1,0
0BF557CB-3668-495A-8341-1D5164C07515,Ministry of Interior,وزارة الداخلية,NULL,NULL,0f96dc36-1f66-45b8-9e89-36600f345f0d–Logo.png,0,04B309E8-6BBD-40F3-869E-7AFA240D40D2,NULL,NULL,2022-10-19 13:56:18.3841940,2023-01-07 09:34:56.6890000,NULL,NULL,1,0
1C00ECF8-E34A-4103-8EE4-1EB65F4B39D2,Supreme Committee for Projects and Inheritance,"اللجنة العليا للمشاريع والإرث ",NULL,NULL,NULL,0,04B309E8-6BBD-40F3-869E-7AFA240D40D2,NULL,NULL,2022-11-19 13:57:38.4659530,2023-01-07 10:48:14.8000000,NULL,NULL,1,0
A8A92B8A-D9F9-4D10-8019-1ED04E893DEF,الاتصال الحكومي,الاتصال الحكومي,NULL,NULL,NULL,1,04B309E8-6BBD-40F3-869E-7AFA240D40D2,1D7E8125-0886-4030-4764-08DDE53CDD44,NULL,2025-05-06 12:12:10.2266667,2025-08-27 17:16:47.3911730,NULL,Temporary,0,0
92C29138-7851-4CBF-9DB5-223500633499,Ministry of Education and Higher Education,وزارة التربية والتعليم والتعليم العالي,PHA+U2VjdG9yIENoYW1waW9uPC9wPg==,PHA+2YjYstin2LHYqSDYp9mE2KrYsdio2YrYqSDZiNin2YTYqti52YTZitmFINmI2KfZhNiq2LnZhNmK2YUg2KfZhNi52KfZhNmKPC9wPg==,dbf564a8-6a9d-4bf6-b845-e9d5abaf9b9f–Logo.png,0,04B309E8-6BBD-40F3-869E-7AFA240D40D2,0E02A83F-0753-4833-D390-08DD8EEF9E56,NULL,2022-11-03 06:42:41.7861960,2025-11-08 13:18:05.7460050,NULL,NULL,1,1
FCE08294-91DF-4A8D-B21C-2479A8EFD653,Ministry of Endowments and Islamic Affairs,وزارة الأوقاف والشؤون الإسلامية,NULL,NULL,NULL,0,04B309E8-6BBD-40F3-869E-7AFA240D40D2,NULL,NULL,2025-05-06 12:12:10.2266667,NULL,NULL,NULL,1,0
482A6426-A9CC-4DEF-BE1A-253367615638,"Gulf Warehousing Company (GWC)   ",شركة الخليج للمخازن,NULL,NULL,NULL,0,04B309E8-6BBD-40F3-869E-7AFA240D40D2,NULL,NULL,2022-11-19 14:07:43.5278810,2023-01-07 10:39:14.2060000,NULL,NULL,1,0
F1F5510E-D9F7-4FDA-9E83-2796EA166B94,Ministry of Environment and Climate Change,وزارة البيئة والتغير المناخي,NULL,NULL,NULL,1,04B309E8-6BBD-40F3-869E-7AFA240D40D2,1D7E8125-0886-4030-4764-08DDE53CDD44,NULL,2025-05-06 12:12:10.2266667,2025-08-27 17:33:22.5730953,NULL,Temporary,0,0
BA6EBAC3-E145-41DB-9A85-27ACA62FAA19,All Ministries and Entities,جميع الوزارات والهيئات,NULL,NULL,NULL,0,04B309E8-6BBD-40F3-869E-7AFA240D40D2,NULL,NULL,2025-05-06 12:12:10.2266667,NULL,NULL,NULL,1,0
CF53B293-DA3A-4977-A8F8-2C21D789932D,Shura Council,مجلس الشورى,NULL,NULL,NULL,0,04B309E8-6BBD-40F3-869E-7AFA240D40D2,NULL,NULL,2025-05-06 12:12:10.2266667,NULL,NULL,NULL,1,0
CA496CC3-15CB-4E92-A9CE-2C4042CF800A,Information Systems Department in the Ministry of Transport,قسم نظم المعلومات بوزارة النقل,NULL,NULL,NULL,0,04B309E8-6BBD-40F3-869E-7AFA240D40D2,NULL,NULL,2022-11-19 14:09:12.1835660,2023-01-07 10:37:52.2550000,NULL,NULL,1,0
8BB4639B-6FE3-40E8-B3F3-31F25491F105,Ministry of Social Development and Family,وزارة التنمية الاجتماعية والأسرة,NULL,NULL,NULL,0,04B309E8-6BBD-40F3-869E-7AFA240D40D2,NULL,NULL,2025-05-06 12:12:10.2266667,NULL,NULL,NULL,1,0
3292AA4B-18A4-46C6-9BD8-31F5EF8DBB65,Doha for Small and Medium Investments (Doha Venture Capital - DVC),الدوحة للاستثمارات الصغيرة والمتوسطة,NULL,NULL,NULL,0,04B309E8-6BBD-40F3-869E-7AFA240D40D2,NULL,NULL,2022-11-19 12:21:45.0486330,2023-01-07 10:46:44.3950000,NULL,NULL,1,0
B820B698-4D60-4CEA-8DEA-35CAE3198772,Customs House,دائرة الجمارك,NULL,NULL,NULL,0,04B309E8-6BBD-40F3-869E-7AFA240D40D2,NULL,NULL,2022-11-19 14:08:56.5899500,2023-01-07 10:48:37.0270000,NULL,NULL,1,0
09DBAB3D-33D1-4126-B894-3F265BEE4557,"""Qatar General Electricity and Water Corporation “KAHRAMAA","المؤسسة العامة القطرية للكهرباء والماء ""كهرماء""",NULL,NULL,NULL,1,04B309E8-6BBD-40F3-869E-7AFA240D40D2,B478157E-9C25-4AD6-D347-08DD8EEF9E56,NULL,2025-05-06 12:12:10.2266667,2025-10-05 08:54:14.2463945,NULL,Duplicate,0,0
78F21F29-A5C5-41BE-AA6F-4093AF635DB6,Qatar Development Bank (QDB),بنك قطر للتنمية,U292ZXJlaWduIEVudGl0eQ==,U292ZXJlaWduIEVudGl0eQ==,ddb8f5d2-0f4d-4a2f-9db9-d98dc01e177d–qdb-thumb.jpg,0,04B309E8-6BBD-40F3-869E-7AFA240D40D2,NULL,NULL,2022-11-03 06:40:08.6466400,2023-01-07 09:39:10.4690000,NULL,NULL,1,0
E917D0FB-8597-4C96-9DF3-41CCA5F792E7,Qatar Tourism,قطر للسياحة,PHA+U2VjdG9yIENoYW1waW9uPC9wPg==,PHA+2YLYt9ixINmE2YTYs9mK2KfYrdipPC9wPg==,17c94117-5773-4c1f-a3ee-87636cd01433–logo-qatar-tourism 2.png,0,04B309E8-6BBD-40F3-869E-7AFA240D40D2,0E02A83F-0753-4833-D390-08DD8EEF9E56,NULL,2022-09-21 17:05:59.7708240,2025-08-28 14:51:10.7455147,NULL,NULL,1,1
2F18AF3E-6695-4172-A4B0-43154CEF42FC,Public Works Authority,هيئة الأشغال العامة,NULL,NULL,NULL,0,04B309E8-6BBD-40F3-869E-7AFA240D40D2,NULL,NULL,2025-05-06 12:12:10.2266667,NULL,NULL,NULL,1,0
5C188090-D486-4712-8DC3-4378869B456C,Discover Qatar (DQ),اكتشف قطر,NULL,NULL,NULL,0,04B309E8-6BBD-40F3-869E-7AFA240D40D2,NULL,NULL,2025-05-06 12:12:10.2266667,NULL,NULL,NULL,1,0
F2E8B9CB-8800-47B0-AC63-4525D42D2499,Invest in Qatar,وكالة الترويج والاستثمار,NULL,NULL,NULL,0,04B309E8-6BBD-40F3-869E-7AFA240D40D2,NULL,NULL,2025-05-06 12:12:10.2266667,NULL,NULL,NULL,1,0
5852D069-570F-4DAC-8729-4666705475E1,Develop Qatar health,Develop Qatar health,NULL,NULL,NULL,0,04B309E8-6BBD-40F3-869E-7AFA240D40D2,NULL,NULL,2025-05-06 12:12:10.2266667,NULL,NULL,NULL,1,0
9AC57B88-4785-4E6D-B935-48444EB674F7,Aquatic Research Center,مركز أبحاث الأحياء المائية,NULL,NULL,NULL,0,04B309E8-6BBD-40F3-869E-7AFA240D40D2,NULL,NULL,2025-05-06 12:12:10.2266667,NULL,NULL,NULL,1,0
3D6E4FBB-74D9-4856-8F24-4DB8C2E6D236,Procurement and tender department,إدارة المشتريات والمناقصات,NULL,NULL,NULL,0,04B309E8-6BBD-40F3-869E-7AFA240D40D2,NULL,NULL,2025-05-06 12:12:10.2266667,NULL,NULL,NULL,1,0
2D0B9D28-4728-4721-AD67-504D1F4D4C07,Government Communications Office,مكتب الاتصال الحكومي,NULL,NULL,NULL,0,04B309E8-6BBD-40F3-869E-7AFA240D40D2,NULL,NULL,2025-05-06 12:12:10.2266667,NULL,NULL,NULL,1,0
D2325BC7-257F-4D00-8AA1-51BD716043BA,Economic Zones Company,شركة المناطق الاقتصادية,NULL,NULL,NULL,0,04B309E8-6BBD-40F3-869E-7AFA240D40D2,NULL,NULL,2025-05-06 12:12:10.2266667,NULL,NULL,NULL,1,0
70351073-998B-4773-8EA0-53045E0C1D52,supporting entity 2,supporting entity 2,NULL,NULL,NULL,1,04B309E8-6BBD-40F3-869E-7AFA240D40D2,B478157E-9C25-4AD6-D347-08DD8EEF9E56,NULL,2025-05-06 12:12:10.2266667,2025-10-05 08:49:25.5717789,NULL,Not an Entity,0,0
9F502A3E-83FC-48B5-97CC-5384C7172923,Civil Service and Government Development Bureau,مكتب الخدمة المدنية والتطوير الحكومي,NULL,NULL,NULL,0,04B309E8-6BBD-40F3-869E-7AFA240D40D2,NULL,NULL,2022-11-03 10:42:09.5686370,2023-01-07 10:46:12.6150000,NULL,NULL,1,0
AA863FBA-6FBA-4EAA-B691-5553CDC54ABD,Qatar University and other academic institutions,جامعة قطر والمؤسسات الأكاديمية,NULL,NULL,NULL,0,04B309E8-6BBD-40F3-869E-7AFA240D40D2,NULL,NULL,2025-05-06 12:12:10.2266667,NULL,NULL,NULL,1,0
8A5012A3-B413-4882-BFBD-57360226FF90,Ashghal (Public Works Authority),هيئة الأشغال العامة - أشغال,NULL,NULL,NULL,0,04B309E8-6BBD-40F3-869E-7AFA240D40D2,NULL,NULL,2022-10-19 13:56:54.4620900,2023-01-07 10:45:25.2350000,NULL,NULL,1,0
35A16EC6-714F-4885-973D-5C3D298DA702,Qatar Free Zone,هيئة المناطق الحرة قطر,NULL,NULL,NULL,0,04B309E8-6BBD-40F3-869E-7AFA240D40D2,NULL,NULL,2025-05-06 12:12:10.2266667,NULL,NULL,NULL,1,0
EEED763A-FC1E-4769-A41C-5C8785E06B76,Qatar Financial Center (QFC),مركز قطر للمال,U292ZXJlaWduIEVudGl0eQ==,U292ZXJlaWduIEVudGl0eQ==,573457d8-cb74-4fd7-87cf-c93ed51c50f5–Screenshot 2023-03-13 at 9.04.37 AM.png,0,04B309E8-6BBD-40F3-869E-7AFA240D40D2,NULL,NULL,2022-11-03 06:43:54.3326270,2023-03-13 06:04:56.5420000,NULL,NULL,1,0
DA7682B0-9CCD-4B32-99B8-5C9EBAC57F48,Qatar Free Zone (QFZ),هيئة المناطق الحرة,U292ZXJlaWduIEVudGl0eQ==,U292ZXJlaWduIEVudGl0eQ==,90973f9d-38c7-4799-a412-a6135113ad6b–download.png,0,04B309E8-6BBD-40F3-869E-7AFA240D40D2,NULL,NULL,2022-11-03 06:43:33.7388160,2023-03-04 11:16:10.3110000,NULL,NULL,1,0
B25CBE70-5513-4A20-BB9E-5CD9BE4062C6,Qatar Ports Management Company,شركة قطر لإدارة الموانئ,NULL,NULL,NULL,0,04B309E8-6BBD-40F3-869E-7AFA240D40D2,NULL,NULL,2022-11-19 14:05:09.6069990,2023-01-07 10:47:53.6820000,NULL,NULL,1,0
D0B49625-B44E-47AA-AB69-5DDF3C575D38,"Government Healthcare Providers (HMC, and PHCC)",مقدمي الرعاية الصحية الحكوميون (مؤسسة حمد الطبية، ومؤسسة الرعاية الصحية الأولية),NULL,NULL,NULL,0,04B309E8-6BBD-40F3-869E-7AFA240D40D2,NULL,NULL,2025-05-06 12:12:10.2266667,NULL,NULL,NULL,1,0
A847AC66-1E98-485C-B78B-5DE3CC9D4990,Ministry of Sports and Youth,وزارة الرياضة والشباب,NULL,NULL,NULL,0,04B309E8-6BBD-40F3-869E-7AFA240D40D2,NULL,NULL,2025-05-06 12:12:10.2266667,NULL,NULL,NULL,1,0
4E2F11C8-1E86-4DF5-89AB-5E664BB14308,Ministry of Municipality,وزارة البلدية,PHA+U2VjdG9yIENoYW1waW9uPC9wPg==,PHA+2YjYstin2LHYqSDYp9mE2KjZhNiv2YrYqTwvcD4=,25ac6499-7972-4d2d-b343-a2fea6142620–logo.png,0,04B309E8-6BBD-40F3-869E-7AFA240D40D2,0E02A83F-0753-4833-D390-08DD8EEF9E56,NULL,2022-11-03 06:41:39.2710950,2025-11-05 16:50:48.8546806,NULL,NULL,1,1
F30E6A01-F216-495F-9F61-5F52107ED41F,Qatar Foundation for Family Affairs,المؤسسة القطرية لشؤون الأسرة,NULL,NULL,NULL,0,04B309E8-6BBD-40F3-869E-7AFA240D40D2,NULL,NULL,2025-05-06 12:12:10.2266667,NULL,NULL,NULL,1,0
54D900BD-7127-4C1B-97C4-60408CE3FD2A,Ministry of Transportation - Maritime Transport Sector,وزارة المواصلات - قطاع النقل البحري,NULL,NULL,NULL,0,04B309E8-6BBD-40F3-869E-7AFA240D40D2,NULL,NULL,2025-05-06 12:12:10.2266667,NULL,NULL,NULL,1,0
96725E91-E9E7-4891-912D-608A99D8AA89,National Committee for Customs Clearance and Cross-Border Trade Facilitation System,اللجنة الوطنية لنظام التخليص الجمركي وتيسير التجارة عبر الحدود,NULL,NULL,NULL,0,04B309E8-6BBD-40F3-869E-7AFA240D40D2,NULL,NULL,2024-08-07 07:20:09.2526740,2024-08-07 07:20:09.2526740,NULL,NULL,1,0
A42AA794-08AB-48E9-974B-63EF17EB2BA6,PM Office,المكتب التنفيذي,NULL,NULL,NULL,0,04B309E8-6BBD-40F3-869E-7AFA240D40D2,NULL,NULL,2025-05-06 12:12:10.2266667,NULL,NULL,NULL,1,0
F0072B20-C0D0-424E-B631-6AF613F67824,Qatar Science and Technology Park (QSTP),واحة قطر للعلوم والتكنولوجيا,NULL,NULL,NULL,0,04B309E8-6BBD-40F3-869E-7AFA240D40D2,NULL,NULL,2022-11-19 12:18:15.2218780,2023-01-07 09:50:08.4380000,NULL,NULL,1,0
86ECFEAE-6420-452C-AE5F-6C0A8DFBBC52,Supreme Committee for Delivery and Legacy,اللجنة العليا للمشاريع والإرث,NULL,NULL,NULL,0,04B309E8-6BBD-40F3-869E-7AFA240D40D2,NULL,NULL,2022-10-19 13:56:30.1028820,2023-01-07 09:36:30.4750000,NULL,NULL,1,0
E490DF26-6F34-4E7D-8D10-6CC2C0EC69D5,Qatar Central Bank,مصرف قطر المركزي,PHA+U2VjdG9yIENoYW1waW9uPC9wPg==,PHA+2YXYtdix2YEg2YLYt9ixINin2YTZhdix2YPYstmKPC9wPg==,1acfbe7c-d928-4f9b-83b6-d0f5ec4e2921–Logo.png,0,04B309E8-6BBD-40F3-869E-7AFA240D40D2,0E02A83F-0753-4833-D390-08DD8EEF9E56,NULL,2022-11-03 06:42:00.9584620,2025-11-08 12:54:31.0484746,NULL,NULL,1,1
98F2E925-2486-488E-A38E-6D8702BC1061,sup 2,sup 2,NULL,NULL,NULL,1,04B309E8-6BBD-40F3-869E-7AFA240D40D2,B478157E-9C25-4AD6-D347-08DD8EEF9E56,NULL,2025-05-06 12:12:10.2266667,2025-10-05 08:49:44.8923739,NULL,Not an Enitiy,0,0
7B5F8701-FB8B-45F1-A69F-6DDF35D7C552,Doha International Family Institute,معهد الدوحة الدولي للاسرة,NULL,NULL,NULL,0,04B309E8-6BBD-40F3-869E-7AFA240D40D2,NULL,NULL,2025-05-06 12:12:10.2266667,NULL,NULL,NULL,1,0
FAF5912D-7F9B-4939-B8A5-6F571EC37E8B,National Cyber Security Agency,والوكالة الوطنية للأمن السيبراني,NULL,NULL,NULL,0,04B309E8-6BBD-40F3-869E-7AFA240D40D2,NULL,NULL,2025-05-06 12:12:10.2266667,NULL,NULL,NULL,1,0
C81E1D0F-4B96-4ACE-A4AC-70C91451397B,Ministry of Youth and sports,وزارة الشباب والرياضة,NULL,NULL,NULL,0,04B309E8-6BBD-40F3-869E-7AFA240D40D2,NULL,NULL,2025-05-06 12:12:10.2266667,NULL,NULL,NULL,1,0
9EDC37DE-57F1-4266-9B7A-71147448D338,supporting entity,supporting entity,NULL,NULL,NULL,1,04B309E8-6BBD-40F3-869E-7AFA240D40D2,B478157E-9C25-4AD6-D347-08DD8EEF9E56,NULL,2025-05-06 12:12:10.2266667,2025-10-05 08:50:15.4603922,NULL,Not an Entity,0,0
775A6CEB-8A5C-46A1-87CA-72CC8CA85E52,Ministry of Communications,وزارة الاتصالات,NULL,NULL,NULL,0,04B309E8-6BBD-40F3-869E-7AFA240D40D2,NULL,NULL,2025-05-06 12:12:10.2266667,NULL,NULL,NULL,1,0
CDAF310D-97CD-480A-B5F2-7353B699E034,Qatar Chamber,غرفة قطر,NULL,NULL,NULL,0,04B309E8-6BBD-40F3-869E-7AFA240D40D2,NULL,NULL,2025-05-06 12:12:10.2266667,NULL,NULL,NULL,1,0
90FB10C4-9DDA-47C8-B7F4-761E92D5737A,General Authority of Civil Aviation (GACA),الهيئة العامة للطيران المدني,NULL,NULL,NULL,0,04B309E8-6BBD-40F3-869E-7AFA240D40D2,NULL,NULL,2022-11-19 13:55:42.6854970,2023-01-07 10:47:29.1590000,NULL,NULL,1,0
7C10A40C-78A5-43A6-B19F-768F51CDBACC,Department of Early Education,إدارة التعليم المبكر,NULL,NULL,NULL,0,04B309E8-6BBD-40F3-869E-7AFA240D40D2,NULL,NULL,2025-05-06 12:12:10.2266667,NULL,NULL,NULL,1,0
20793B81-AEC0-431F-BA72-79A81551FD05,Ministry of Environment & Climate Change,وزارة البيئة والتغير المناخي,NULL,NULL,NULL,0,04B309E8-6BBD-40F3-869E-7AFA240D40D2,NULL,NULL,2025-05-06 12:12:10.2266667,NULL,NULL,NULL,1,0
58986F62-2751-4D42-A8BB-7B77962B0D59,Ministry of Transport - Maritime Transport Sector,وزارة المواصلات- قطاع النقل البحري,NULL,NULL,NULL,0,04B309E8-6BBD-40F3-869E-7AFA240D40D2,NULL,NULL,2025-05-06 12:12:10.2266667,NULL,NULL,NULL,1,0
8EBC57F4-0DF9-4D0F-9406-7D64580BBC21,Ministry of Transportation - Land Transport Sector,وزارة المواصلات - قطاع النقل البري,NULL,NULL,NULL,0,04B309E8-6BBD-40F3-869E-7AFA240D40D2,NULL,NULL,2025-05-06 12:12:10.2266667,NULL,NULL,NULL,1,0
699640AC-9C9B-484E-BBEF-7EFC09ED2E2B,Government and private Healthcare Providers,مقدمو الرعاية الصحية الحكومية والخاصة,NULL,NULL,NULL,0,04B309E8-6BBD-40F3-869E-7AFA240D40D2,NULL,NULL,2025-05-06 12:12:10.2266667,NULL,NULL,NULL,1,0
316A685D-0F59-4591-9C19-8028BB12A073,مؤسسة حمد العامة,مؤسسة حمد العامة,NULL,NULL,NULL,1,04B309E8-6BBD-40F3-869E-7AFA240D40D2,B478157E-9C25-4AD6-D347-08DD8EEF9E56,NULL,2025-05-06 12:12:10.2266667,2025-10-05 08:50:33.2886872,NULL,Duplicate,0,0
0FD9E0CA-4B55-4B70-8436-81BDA0E1950A,QatarEnergy - Qatalum,قطر للطاقة - الومنيوم قطر,NULL,NULL,NULL,0,04B309E8-6BBD-40F3-869E-7AFA240D40D2,NULL,NULL,2025-05-06 12:12:10.2266667,NULL,NULL,NULL,1,0
CBF8BC3A-010F-4219-BA07-8283997D2E10,Ministry of Commerce and Industry (MOCI) - 2,وزارة التجارة والصناعة - 2,NULL,NULL,NULL,1,04B309E8-6BBD-40F3-869E-7AFA240D40D2,B478157E-9C25-4AD6-D347-08DD8EEF9E56,NULL,2025-05-06 12:12:10.2266667,2025-10-05 08:50:52.5706519,NULL,Duplicate,0,0
12013AFC-0B53-4E3F-BA96-82A823B2CD19,Other Government Entities,جهات حكومية مختارة,NULL,NULL,NULL,0,04B309E8-6BBD-40F3-869E-7AFA240D40D2,NULL,NULL,2025-05-06 12:12:10.2266667,NULL,NULL,NULL,1,0
858B3400-44F5-41AF-9AF5-8439B1575F5E,Executive Office - Prime Minister Office,المكتب التنفيذي - مكتب رئيس مجلس الوزراء,NULL,NULL,NULL,0,04B309E8-6BBD-40F3-869E-7AFA240D40D2,NULL,NULL,2025-05-06 12:12:10.2266667,NULL,NULL,NULL,1,0
11E26183-DC6C-47D1-9809-847B1ECCC5E5,Universities and Academic Institutions,الجامعات والمؤسسات الأكاديمية,NULL,NULL,NULL,0,04B309E8-6BBD-40F3-869E-7AFA240D40D2,NULL,NULL,2025-05-06 12:12:10.2266667,NULL,NULL,NULL,1,0
8EDB452D-E955-492B-B2F8-86A609A840E9,Qatar Investment Authority (QIA),جهاز قطر للاستثمار,U292ZXJlaWduIEVudGl0eQ==,U292ZXJlaWduIEVudGl0eQ==,NULL,0,04B309E8-6BBD-40F3-869E-7AFA240D40D2,NULL,NULL,2022-11-03 06:43:20.0666640,2023-01-07 09:47:29.8930000,NULL,NULL,1,0
CE5EB206-58B9-466D-9C6F-87308666604E,Updates,Updates,NULL,NULL,NULL,1,04B309E8-6BBD-40F3-869E-7AFA240D40D2,B478157E-9C25-4AD6-D347-08DD8EEF9E56,NULL,2025-05-06 12:12:10.2266667,2025-10-05 08:51:31.9485956,NULL,Not an Entity,0,0
756AE2C7-3384-4167-9824-87622FF68BC1,Qatar Airways (QR),شركة الخطوط الجوية القطرية,NULL,NULL,NULL,1,04B309E8-6BBD-40F3-869E-7AFA240D40D2,B478157E-9C25-4AD6-D347-08DD8EEF9E56,NULL,2025-05-06 12:12:10.2266667,2025-10-05 11:24:09.0145468,NULL,Duplicate,0,0
08FD747C-1626-4CCD-91CB-8BADBF3907C4,Supreme Judiciary Council (SJC),المجلس الأعلى للقضاء,NULL,NULL,NULL,0,04B309E8-6BBD-40F3-869E-7AFA240D40D2,NULL,NULL,2025-05-06 12:12:10.2266667,NULL,NULL,NULL,1,0
B24F920B-7C02-41C0-ABA4-8D823909417F,Civil services and Government Development Bureau,ديوان الخدمة المدنية والتطوير الحكومي,NULL,NULL,NULL,0,04B309E8-6BBD-40F3-869E-7AFA240D40D2,NULL,NULL,2025-05-06 12:12:10.2266667,NULL,NULL,NULL,1,0
ABB14829-472C-4BB2-9DD7-90078FCE590A,الجامعات الوطنية والخاصة في دولة قطر,الجامعات الوطنية والخاصة في دولة قطر,NULL,NULL,NULL,0,04B309E8-6BBD-40F3-869E-7AFA240D40D2,NULL,NULL,2025-05-06 12:12:10.2266667,NULL,NULL,NULL,1,0
E47D923F-F6B0-449B-87CF-917DEC10A1A0,Primary Health Care Corporation (PHCC),مؤسسة الرعاية الصحية الأولية,NULL,NULL,NULL,0,04B309E8-6BBD-40F3-869E-7AFA240D40D2,NULL,NULL,2025-05-06 12:12:10.2266667,NULL,NULL,NULL,1,0
986FCE24-84DA-49D3-ABB4-91B58C3C83BE,Ooredoo Alliance,تحالف  اوريدو,NULL,NULL,NULL,0,04B309E8-6BBD-40F3-869E-7AFA240D40D2,NULL,NULL,2025-05-06 12:12:10.2266667,NULL,NULL,NULL,1,0
0435B16B-6ECB-4AFC-BA90-931AA112434C,Qatar Airways Cargo,الخطوط الجوية القطرية للشحن,NULL,NULL,NULL,0,04B309E8-6BBD-40F3-869E-7AFA240D40D2,NULL,NULL,2025-05-06 12:12:10.2266667,NULL,NULL,NULL,1,0
402B6897-25BF-4C54-BBAA-94E1EDF662BB,Ministry of Communication and Technology,وزارة الاتصالات وتكنولوجيا المعلومات,PHA+U2VjdG9yIENoYW1waW9uPC9wPg==,PHA+2YjYstin2LHYqSDYp9mE2KfYqti12KfZhNin2Kog2YjYqtmD2YbZiNmE2YjYrNmK2Kcg2KfZhNmF2LnZhNmI2YXYp9iqPC9wPg==,a9cea922-3613-4169-93c8-186b4e694823–Logo.png,0,04B309E8-6BBD-40F3-869E-7AFA240D40D2,0E02A83F-0753-4833-D390-08DD8EEF9E56,NULL,2022-11-03 06:44:29.8167560,2025-08-28 14:51:41.7009299,NULL,NULL,1,1
9D7A0D54-A348-4D98-8AFF-99C1634E10AC,Representatives of Centers of Excellence / Tourism Destinations,ممثلو مراكز التميز/الوجهات السياحية,NULL,NULL,NULL,0,04B309E8-6BBD-40F3-869E-7AFA240D40D2,NULL,NULL,2025-05-06 12:12:10.2266667,NULL,NULL,NULL,1,0
AE1318B7-6405-4C45-9613-A4390E007A8C,Private Healthcare Investors,مستثمرو الرعاية الصحية من القطاع الخاص,NULL,NULL,NULL,0,04B309E8-6BBD-40F3-869E-7AFA240D40D2,NULL,NULL,2025-05-06 12:12:10.2266667,NULL,NULL,NULL,1,0
964EC7CB-E6F4-4910-BA92-A73B5B9EE2CC,Traffic Department,إدارة المرور,NULL,NULL,NULL,0,04B309E8-6BBD-40F3-869E-7AFA240D40D2,NULL,NULL,2022-11-19 13:57:19.0755000,2023-01-07 10:47:41.7880000,NULL,NULL,1,0
E89011E5-9623-4557-B618-A812B8662E05,General Directorate of Civil Defense,الإدارة العامة للدفاع المدني,NULL,NULL,NULL,0,04B309E8-6BBD-40F3-869E-7AFA240D40D2,NULL,NULL,2025-05-06 12:12:10.2266667,NULL,NULL,NULL,1,0
E12AF588-3B47-498C-933A-AA77E0B42CC4,Qatar Airways,الخطوط الجوية القطرية,NULL,NULL,NULL,0,04B309E8-6BBD-40F3-869E-7AFA240D40D2,NULL,NULL,2022-11-19 14:05:42.4349240,2023-01-07 09:32:43.0490000,NULL,NULL,1,0
1B09C166-CF84-4EB4-80E5-AEAA8E3E6A66,Ministry of Sports,وزارة الرياضة,NULL,NULL,NULL,0,04B309E8-6BBD-40F3-869E-7AFA240D40D2,NULL,NULL,2025-05-06 12:12:10.2266667,NULL,NULL,NULL,1,0
7FAAF4BF-E08F-440A-99A6-B005FEA2A7C5,School Affairs Department,إدارة شؤون المدارس,NULL,NULL,NULL,0,04B309E8-6BBD-40F3-869E-7AFA240D40D2,NULL,NULL,2025-05-06 12:12:10.2266667,NULL,NULL,NULL,1,0
4B69203A-C156-43F8-B466-B34093FD32B2,IT department,إدارة نظم المعلومات,NULL,NULL,NULL,0,04B309E8-6BBD-40F3-869E-7AFA240D40D2,NULL,NULL,2025-05-06 12:12:10.2266667,NULL,NULL,NULL,1,0
61FF5D50-8416-409A-BA37-B36DC08063B8,HIA & Qatar Airways ,مطار حمد الدولي والخطوط الجوية القطرية,NULL,NULL,NULL,0,04B309E8-6BBD-40F3-869E-7AFA240D40D2,NULL,NULL,2022-10-13 13:25:27.5809390,2023-01-07 09:32:54.2560000,NULL,NULL,1,0
D62959A9-C477-4BC5-B7B8-B3F74CC22773,Coast Guard,خفر السواحل,NULL,NULL,NULL,0,04B309E8-6BBD-40F3-869E-7AFA240D40D2,NULL,NULL,2025-05-06 12:12:10.2266667,NULL,NULL,NULL,1,0
27434EA8-F3B4-4F22-8DBA-B49BCD8B6ED7,Private Engineering Office (PEO),المكتب الهندسي الخاص,NULL,NULL,NULL,0,04B309E8-6BBD-40F3-869E-7AFA240D40D2,NULL,NULL,2022-10-19 14:07:09.0981120,2023-01-07 10:45:45.5260000,NULL,NULL,1,0
47598416-EDF7-41D1-9F18-B66198A16CF4,Kahramaa,كهرماء,NULL,NULL,NULL,1,04B309E8-6BBD-40F3-869E-7AFA240D40D2,B478157E-9C25-4AD6-D347-08DD8EEF9E56,NULL,2022-11-19 13:59:29.7966400,2025-10-05 08:54:25.5867475,NULL,Duplicate,0,0
179164E0-5969-4252-BED1-B7C1E068EC18,Destination Management Companies (who manage the charter flight passenger on the ground),شركات إدارة الوجهات (المسؤولة عن الخدمات لركاب الرحلات الجوية المستأجرة على الأرض),NULL,NULL,NULL,0,04B309E8-6BBD-40F3-869E-7AFA240D40D2,NULL,NULL,2025-05-06 12:12:10.2266667,NULL,NULL,NULL,1,0
0F43348D-4AB8-4C64-B3A9-B8E857C8B1A2,Shared services sector,إدارة الخدمات المشتركة,NULL,NULL,NULL,0,04B309E8-6BBD-40F3-869E-7AFA240D40D2,NULL,NULL,2025-05-06 12:12:10.2266667,NULL,NULL,NULL,1,0
8E92AA8E-AF2E-435D-A96B-B93B3D0C12EA,Widam Food Company,شركة ودام الغذائية,NULL,NULL,NULL,0,04B309E8-6BBD-40F3-869E-7AFA240D40D2,NULL,NULL,2025-05-06 12:12:10.2266667,NULL,NULL,NULL,1,0
2F73D8B9-92E5-4552-889C-B93F0BB177A5,Procurement department,إدارة  المشتريات,NULL,NULL,NULL,0,04B309E8-6BBD-40F3-869E-7AFA240D40D2,NULL,NULL,2025-05-06 12:12:10.2266667,NULL,NULL,NULL,1,0
12882859-E33C-4E12-977C-BA54DA96134A,الرعاية الصحية الاولية,الرعاية الصحية الاولية,NULL,NULL,NULL,0,04B309E8-6BBD-40F3-869E-7AFA240D40D2,NULL,NULL,2025-05-06 12:12:10.2266667,NULL,NULL,NULL,1,0
2A18E009-49EE-4FF6-9A11-BC654F699D6E,"Ministry of Commerce and Industry (MOCI)	- 1		",وزارة التجارة و الصناعة - 1,NULL,NULL,NULL,1,04B309E8-6BBD-40F3-869E-7AFA240D40D2,B478157E-9C25-4AD6-D347-08DD8EEF9E56,NULL,2025-05-06 12:12:10.2266667,2025-10-05 08:52:03.2003051,NULL,Duplicate,0,0
70834BD3-1F1A-424E-956F-BDE996C99B1D,Ministry of Communications and Information Technology,وزارة الاتصالات وتكنلوجيا المعلومات,NULL,NULL,NULL,0,04B309E8-6BBD-40F3-869E-7AFA240D40D2,NULL,NULL,2025-05-06 12:12:10.2266667,NULL,NULL,NULL,1,0
4CA2D61D-7438-4FB6-A225-BEA0AECFEE5E,supporting entity 1,supporting entity 1,NULL,NULL,NULL,1,04B309E8-6BBD-40F3-869E-7AFA240D40D2,B478157E-9C25-4AD6-D347-08DD8EEF9E56,NULL,2025-05-06 12:12:10.2266667,2025-10-05 08:51:51.3498286,NULL,Not an Entity,0,0
D172A4F7-8021-4ABF-A273-BFC135C95F63,بيوت خبرة,بيوت خبرة,NULL,NULL,NULL,0,04B309E8-6BBD-40F3-869E-7AFA240D40D2,NULL,NULL,2025-05-06 12:12:10.2266667,NULL,NULL,NULL,1,0
DD45A64C-20FF-441F-A10B-C2C21D26C62B,Qatar Financial Markets Authority,هيئة قطر للأسواق المالية,NULL,NULL,NULL,0,04B309E8-6BBD-40F3-869E-7AFA240D40D2,NULL,NULL,2025-05-06 12:12:10.2266667,NULL,NULL,NULL,1,0
F67B9CC6-496C-47F1-B582-C2CD037D1FFB,QDB,QDB,NULL,NULL,NULL,1,04B309E8-6BBD-40F3-869E-7AFA240D40D2,B478157E-9C25-4AD6-D347-08DD8EEF9E56,NULL,2025-05-06 12:12:10.2266667,2025-10-05 08:52:38.4912163,NULL,Duplicate,0,0
C8A7A0BA-A8D0-4BA3-94B9-C30E92D4A382,Qatar Research Development and Innovation Council (QRDI),مجلس قطر للبحث والتطوير والابتكار,NULL,NULL,NULL,0,04B309E8-6BBD-40F3-869E-7AFA240D40D2,NULL,NULL,2025-05-06 12:12:10.2266667,NULL,NULL,NULL,1,0
4A78FA1E-5C2D-46AD-B04D-C4B45865202C,"Pharmaceutical Manufacturers, Agents and Pharmaceutical Companies",مصانع الأدوية المحلية ووكلاء وشركات الأدوية,NULL,NULL,NULL,0,04B309E8-6BBD-40F3-869E-7AFA240D40D2,NULL,NULL,2025-05-06 12:12:10.2266667,NULL,NULL,NULL,1,0
261A82EE-7A9A-4A84-A84A-C7483ADB69FE,Public Authority for Museums,الهيئة العامة للمتاحف,NULL,NULL,NULL,0,04B309E8-6BBD-40F3-869E-7AFA240D40D2,NULL,NULL,2025-05-06 12:12:10.2266667,NULL,NULL,NULL,1,0
CAF3F220-123D-4EE2-930A-C9871E4B0E26,Ministry of Foreign Affairs (MoFA),وزارة الخارجية,NULL,NULL,NULL,0,04B309E8-6BBD-40F3-869E-7AFA240D40D2,NULL,NULL,2022-11-19 13:52:05.9215220,2023-01-07 10:42:12.4430000,NULL,NULL,1,0
D6DEA733-208B-46A2-B817-CBC10AF8CDE9,Ministry of Culture,وزارة الثقافة,NULL,NULL,NULL,0,04B309E8-6BBD-40F3-869E-7AFA240D40D2,NULL,NULL,2025-05-06 12:12:10.2266667,NULL,NULL,NULL,1,0
A5577346-A0AE-4F9E-A31C-CCC7D99062B2,Qatar University (QU),جامعة قطر,NULL,NULL,NULL,0,04B309E8-6BBD-40F3-869E-7AFA240D40D2,NULL,NULL,2022-11-19 12:32:33.2011280,2023-01-07 10:43:10.3820000,NULL,NULL,1,0
F0AC7B0D-B622-4A64-B1DD-CE37D39E2284,Qatar Motor & Motorcycle Federation (QMMF) + Lusail Circuit Sports Club (LCSC),الاتحاد القطري للسيارات والدراجات النارية,NULL,NULL,NULL,0,04B309E8-6BBD-40F3-869E-7AFA240D40D2,NULL,NULL,2025-05-06 12:12:10.2266667,NULL,NULL,NULL,1,0
CEF9B020-67D2-492D-A7CD-CFAFD0E41790,Ministry of Labour,وزارة العمل,NULL,NULL,301a8f50-3a98-4a4f-966b-ef3d2220a790–images.png,0,04B309E8-6BBD-40F3-869E-7AFA240D40D2,0E02A83F-0753-4833-D390-08DD8EEF9E56,NULL,2024-06-04 05:46:53.2859650,2025-08-28 14:52:47.2361759,NULL,NULL,1,1
363AD3EA-85EB-4F94-A0B3-CFF3C8F99503,General Retirement and Social Insurance Authority (GRISA),الهيئة العامة للتقاعد والتأمينات الاجتماعية,NULL,NULL,NULL,0,04B309E8-6BBD-40F3-869E-7AFA240D40D2,NULL,NULL,2025-05-06 12:12:10.2266667,NULL,NULL,NULL,1,0
164640AA-622E-4797-B797-D08A7CF48A93,Qatar tv,تلفزيون قطر,NULL,NULL,NULL,0,04B309E8-6BBD-40F3-869E-7AFA240D40D2,NULL,NULL,2025-05-06 12:12:10.2266667,NULL,NULL,NULL,1,0
47B1A087-6EDB-4CFC-8527-D0C6FF7EE2A3,Qatar Museum,متاحف قطر,NULL,NULL,NULL,0,04B309E8-6BBD-40F3-869E-7AFA240D40D2,NULL,NULL,2025-05-06 12:12:10.2266667,NULL,NULL,NULL,1,0
C6868D47-955C-4C74-9364-D12792654799,Hamad Bin Khalifa University (HBKU),جامعة حمد بن خليفة,NULL,NULL,NULL,0,04B309E8-6BBD-40F3-869E-7AFA240D40D2,NULL,NULL,2022-11-19 12:32:50.9977930,2023-01-07 10:42:31.8760000,NULL,NULL,1,0
6F562C76-1772-4D48-BDFC-D2B933921728,Qatari Diar,الديار القطرية,NULL,NULL,NULL,0,04B309E8-6BBD-40F3-869E-7AFA240D40D2,NULL,NULL,2022-10-13 13:19:58.7862600,2023-01-07 09:31:53.3670000,NULL,NULL,1,0
8BF7D860-2EDA-47FE-B2BA-D4AFF8ECE53A,Qatar Energy (QE),قطر للطاقة,U292ZXJlaWduIEVudGl0eQ==,U292ZXJlaWduIEVudGl0eQ==,8b72e59a-1208-4b67-acdf-93252b02358f–Qatar Energy2.jpg,0,04B309E8-6BBD-40F3-869E-7AFA240D40D2,NULL,NULL,2022-11-03 06:43:00.8324920,2023-01-07 09:44:31.6460000,NULL,NULL,1,0
9F65A6AE-7195-48A4-B74B-D5553764B1F9,General Secretariat of the Council of Ministers,الأمانة العامة لمجلس الوزراء,NULL,NULL,NULL,0,04B309E8-6BBD-40F3-869E-7AFA240D40D2,NULL,NULL,2025-05-06 12:12:10.2266667,NULL,NULL,NULL,1,0
02476645-2210-4DCC-95CB-D72B2942B8D4,Ministry of Transport,وزارة المواصلات,PHA+U2VjdG9yIENoYW1waW9uPC9wPg==,PHA+2YjYstin2LHYqSDYp9mE2YXZiNin2LXZhNin2Ko8L3A+,166cbfa4-2c51-4945-b158-7c0c936ebd69–Logo.png,0,04B309E8-6BBD-40F3-869E-7AFA240D40D2,0E02A83F-0753-4833-D390-08DD8EEF9E56,NULL,2022-10-19 14:06:56.2232330,2025-08-28 14:54:26.7146957,NULL,NULL,1,1
6D8521FB-A341-4EA4-9472-D743D77366B4,"Government Agencies and National Companies ",الجهات الحكومية والشركات الوطنية,NULL,NULL,NULL,0,04B309E8-6BBD-40F3-869E-7AFA240D40D2,NULL,NULL,2022-11-03 10:37:18.1964880,2023-01-07 10:46:00.1370000,NULL,NULL,1,0
B6CFE655-D6BE-4E83-BC3B-D778AC627086,IATA,اتحاد لأياتا (IATA),NULL,NULL,NULL,0,04B309E8-6BBD-40F3-869E-7AFA240D40D2,NULL,NULL,2025-05-06 12:12:10.2266667,NULL,NULL,NULL,1,0
7B247CAA-7250-4FB2-AB86-DB6BC7AEA7A7,Ministry of Public Health,وزارة الصحة العامة,PHA+U2VjdG9yIENoYW1waW9uPC9wPg==,PHA+2YjYstin2LHYqSDYp9mE2LXYrdipINin2YTYudin2YXYqTwvcD4=,fb701cb0-2835-4025-95ec-9a8aa80f12f2–Logo.png,0,04B309E8-6BBD-40F3-869E-7AFA240D40D2,0E02A83F-0753-4833-D390-08DD8EEF9E56,NULL,2022-11-03 06:41:12.2087530,2025-08-28 14:53:53.6369022,NULL,NULL,1,1
22F7D03A-938C-45E4-BE77-DDDC59658BEE,National Planning Council,المجلس الوطني للتخطيط,NULL,NULL,NULL,0,04B309E8-6BBD-40F3-869E-7AFA240D40D2,NULL,NULL,2025-05-06 12:12:10.2266667,NULL,NULL,NULL,1,0
0C1723C2-5194-4D5B-A450-DF52AF3D0838,Hassad Food Company,شركة حصاد الغذائية,NULL,NULL,NULL,0,04B309E8-6BBD-40F3-869E-7AFA240D40D2,NULL,NULL,2025-05-06 12:12:10.2266667,NULL,NULL,NULL,1,0
917C3FED-C961-430F-BBF4-E1CFE8EDF594,Qatar Stock Exchange,بورصة قطر,NULL,NULL,NULL,0,04B309E8-6BBD-40F3-869E-7AFA240D40D2,NULL,NULL,2025-05-06 12:12:10.2266667,NULL,NULL,NULL,1,0
E91ECF4D-55E6-4952-88BA-E239CAEA503B,Karwa,كروة,NULL,NULL,NULL,0,04B309E8-6BBD-40F3-869E-7AFA240D40D2,NULL,NULL,2022-11-19 14:18:54.6956320,2023-01-07 10:37:30.5710000,NULL,NULL,1,0
A23CA38A-E91E-4FE9-996A-E3118F2D20B5,Qatar Financial Centre Regulatory Authority,هيئة تنظيم مركز قطر للمال,NULL,NULL,NULL,0,04B309E8-6BBD-40F3-869E-7AFA240D40D2,NULL,NULL,2025-05-06 12:12:10.2266667,NULL,NULL,NULL,1,0
CC1F9390-2F8D-49A8-A048-E5B0D766A4DF,Ministry of Defence,وزارة الدفاع,NULL,NULL,NULL,0,04B309E8-6BBD-40F3-869E-7AFA240D40D2,NULL,NULL,2025-05-06 12:12:10.2266667,NULL,NULL,NULL,1,0
DDC7F6EA-8B1B-458C-ABBF-E7D4DBA6BA03,Educational Institutions,المؤسسات التعليمية,NULL,NULL,NULL,0,04B309E8-6BBD-40F3-869E-7AFA240D40D2,NULL,NULL,2025-05-06 12:12:10.2266667,NULL,NULL,NULL,1,0
03BDD344-37CD-4A4A-B450-E8DF0C3305C0,Estithmar Holding,استثمار القابضة,NULL,NULL,NULL,0,04B309E8-6BBD-40F3-869E-7AFA240D40D2,NULL,NULL,2022-10-19 13:42:29.4995840,2023-01-07 09:33:55.2720000,NULL,NULL,1,0
B77AB4E2-3313-4ECA-B695-EA20216DD79D,Ashghal,هيئة الأشغال العامة,NULL,NULL,NULL,1,04B309E8-6BBD-40F3-869E-7AFA240D40D2,B478157E-9C25-4AD6-D347-08DD8EEF9E56,NULL,2025-05-06 12:12:10.2266667,2025-10-05 10:46:25.1141159,NULL,Duplicate,0,0
714B0BC5-0E8D-46C1-9578-F129867573CB,Ministry of Interior/ The Ministry of Municipality,وزارة البلدية/ وزارة الداخلية,NULL,NULL,NULL,0,04B309E8-6BBD-40F3-869E-7AFA240D40D2,NULL,NULL,2025-05-06 12:12:10.2266667,NULL,NULL,NULL,1,0
ECAD3F65-9409-4A5A-90D0-F3150F14B00E,Hamad International Airport,مطار حمد الدولي,NULL,NULL,NULL,0,04B309E8-6BBD-40F3-869E-7AFA240D40D2,NULL,NULL,2022-11-19 14:05:18.4194520,2023-01-07 10:39:40.7540000,NULL,NULL,1,0
C581332C-AD71-4159-A2F2-F356958B71E3,Mawani (Coast Guard),مواني قطر,NULL,NULL,NULL,0,04B309E8-6BBD-40F3-869E-7AFA240D40D2,NULL,NULL,2022-10-19 14:07:17.3949360,2023-01-07 10:45:10.0270000,NULL,NULL,1,0
C74F4EE2-2E78-4578-A43E-F35CCB9F1E27,Ministry of Finance,وزارة المالية,PHA+U2VjdG9yIENoYW1waW9uPC9wPg==,PHA+2YjYstin2LHYqSDYp9mE2YXYp9mE2YrYqTwvcD4=,23133758-3e1e-4b38-a82c-97d7238417bb–Logo.png,0,04B309E8-6BBD-40F3-869E-7AFA240D40D2,0E02A83F-0753-4833-D390-08DD8EEF9E56,NULL,2022-10-19 13:51:36.9329790,2025-08-28 14:53:03.0275953,NULL,NULL,1,1
364554E1-14B0-4191-98F0-F48881F33707,Healthcare Providers,مقدمو خدمات الرعاية الصحية,NULL,NULL,NULL,0,04B309E8-6BBD-40F3-869E-7AFA240D40D2,NULL,NULL,2025-05-06 12:12:10.2266667,NULL,NULL,NULL,1,0
06C24C2C-2DA1-4DE1-8151-F74C5892742A,Investment Promotion Agency (IPA),وكالة ترويج الاستثمار,NULL,NULL,18786073-b265-4a00-a57b-fcf3f1813162–Screenshot 2023-03-13 at 9.01.37 AM.png,0,04B309E8-6BBD-40F3-869E-7AFA240D40D2,NULL,NULL,2022-11-19 12:18:59.8153520,2023-03-13 06:01:45.5580000,NULL,NULL,1,0
4946AC82-8E98-4ABA-9132-F8254B3924E5,Free Zones Authority,هيئة المناطق الحرّة,NULL,NULL,NULL,0,04B309E8-6BBD-40F3-869E-7AFA240D40D2,NULL,NULL,2025-05-06 12:12:10.2266667,NULL,NULL,NULL,1,0
3E72A067-40FA-47BA-9768-F83B1720DFF5,Ministry of Commerce and Industry,وزارة التجارة والصناعة,PHA+U2VjdG9yIENoYW1waW9uPC9wPg==,PHA+2YjYstin2LHYqSDYp9mE2KrYrNin2LHYqSDZiNin2YTYtdmG2KfYudipPC9wPg==,dc3728f4-251f-43da-9f76-f1af392ba386–Logo.png,0,04B309E8-6BBD-40F3-869E-7AFA240D40D2,0E02A83F-0753-4833-D390-08DD8EEF9E56,NULL,2022-11-03 06:40:48.0525880,2025-08-28 14:52:07.9689519,NULL,NULL,1,1
E081A775-5842-4ACA-ACA3-F8F3CE349456,"Qatar Research, Development and Innovation Council",مجلس قطر للبحوث والتطوير والابتكار,NULL,NULL,NULL,0,04B309E8-6BBD-40F3-869E-7AFA240D40D2,NULL,NULL,2025-05-06 12:12:10.2266667,NULL,NULL,NULL,1,0
5913EC75-3070-420E-ABA5-FA66E4A49047,QAS (Qatar Aviation Services),QAS (قطر لخدمات الطيران),NULL,NULL,NULL,0,04B309E8-6BBD-40F3-869E-7AFA240D40D2,NULL,NULL,2025-05-06 12:12:10.2266667,NULL,NULL,NULL,1,0
87817024-45E6-4ED0-B35A-FACB0A385B5D,Not Applicable,لا ينطبق,NULL,NULL,NULL,0,04B309E8-6BBD-40F3-869E-7AFA240D40D2,NULL,NULL,2025-05-06 12:12:10.2266667,NULL,NULL,NULL,1,0
CBDA7EEA-4A40-4137-8D2A-FC87B8D18E73,Port Authorities,سلطات الموانئ,NULL,NULL,NULL,0,04B309E8-6BBD-40F3-869E-7AFA240D40D2,NULL,NULL,2022-11-19 14:09:03.9336740,2023-01-07 10:39:26.4980000,NULL,NULL,1,0
