"Id","NameEN","NameAR","IndicatorTypeId","IsActive","IsDeleted"
"0cf09863-b99c-4ad4-994a-005dc11c70bd","Number of Professional Services enterprises","Number of Professional Services enterprises","c70c10e6-764c-4ec7-a7a4-e96d4e72d76d","True","False"
"7ba52165-7b1f-427a-adf7-00e5fb82f329","Private Investment as a Share of Total Investment","استثمارات القطاع الخاص من اجمالي حجم الاستثمارات","e93a7eb3-66db-4869-9543-dad2ffa98e81","True","False"
"946ab363-fff2-4714-8f79-013a51ec2434","Licensed Companies-1","الشركات المرخصة-2","a556e8f5-d8ed-42ed-8d48-73a69430781e","True","False"
"d977f8ca-6a87-4543-80dc-020560128967","Classified Hotels (%)","الفنادق المصنفة (٪)","d4021384-4690-4a13-9ee6-fa63aef5d4f1","True","False"
"53c45d4d-1ded-462d-9618-02249e98e0ff","The Rate of Volunteer Work","معدل العمل التطوعي","d4021384-4690-4a13-9ee6-fa63aef5d4f1","True","False"
"a9b5c1e4-fc4e-4c74-8b24-022b575dffc1","Financial Performance Indicator","مؤشر الأداء المالي","a556e8f5-d8ed-42ed-8d48-73a69430781e","True","False"
"806041c3-c11d-4d1c-a3de-0242985ad0b1","- Of which are local-1","الاستثمارات الرأسمالية  CAPEX المحلية (مليون ر.ق.)-1","039b6f8d-fe85-4260-9dbe-8fb27db40c57","True","False"
"c263ba5d-8f26-4191-9fe6-027774ec161e","Datasets-4","Datasets-5","a556e8f5-d8ed-42ed-8d48-73a69430781e","True","False"
"30709b4a-e668-497b-be3e-02a33d10b966","Total Production of Concentrated Fodder (ton/year)","Dataset-1","d4021384-4690-4a13-9ee6-fa63aef5d4f1","True","False"
"5dd26c63-bd60-4054-8beb-03227d6a3480","International Programme for Student Assessment (PISA) Test Average Score","متوسط درجات اختبار البرنامج الدولي لتقييم الطلبة","d4021384-4690-4a13-9ee6-fa63aef5d4f1","True","False"
"92dcf9b6-d377-480e-8b26-034e86748654","NTM frequency ratio (%)","نسبة التدابير غير الجمركية","43193c15-058d-4124-a152-aec091e2f2b4","True","False"
"cc260ea8-2eda-423f-a693-03dc98f19cc0","Expected GDP Impact in 2021-3","تأثير الناتج المحلي الإجمالي المتوقع في عام 2021-7","d4021384-4690-4a13-9ee6-fa63aef5d4f1","True","False"
"ed8aa4f7-1c67-48a3-ad72-03f14812e548","Total Companies-2","عدد الشركات الإجمالية-2","039b6f8d-fe85-4260-9dbe-8fb27db40c57","True","False"
"8f9d7ee2-f8c8-4076-a786-040832b8381c","Number of Staff-1","عدد الموظفين-2","039b6f8d-fe85-4260-9dbe-8fb27db40c57","True","False"
"b16a328a-35ee-4087-95c6-06003c11c3dc","Expected GDP Impact in 2022-3","تأثير الناتج المحلي الإجمالي المتوقع في عام 2022-4","d4021384-4690-4a13-9ee6-fa63aef5d4f1","True","False"
"1154744e-10bc-484d-a957-0706e6c8bcd9","Number of Investment Projects-1","Number of Investment Projects-1","a556e8f5-d8ed-42ed-8d48-73a69430781e","True","False"
"9a5a8219-3aaa-48e7-ad6f-08564864d00c","Qatar's Export Share by Commodity","حصة قطر من الصادرات حسب السلعة","5c103a27-3fbf-4115-a3a8-98ad20d19599","True","False"
"2fc116fe-0271-4f4a-ba9c-08bf9daf88f1","Expected GDP Impact in 2021-1","تأثير الناتج المحلي الإجمالي المتوقع في عام 2021-9","d4021384-4690-4a13-9ee6-fa63aef5d4f1","True","False"
"7ff267fe-e6cc-481e-187f-08dd8c9ac2e7","Real GDP","الناتج المحلي الإجمالي الحقيقي","31c7e4b7-7d30-4576-b683-d5fc7aa05a6b","True","False"
"3af4c0fb-e8ad-4641-1880-08dd8c9ac2e7","Non-Hydrocarbon Real GDP","الناتج المحلي الإجمالي غير الهيدروكربوني","e93a7eb3-66db-4869-9543-dad2ffa98e81","True","False"
"bc016385-cd1e-4ed9-1882-08dd8c9ac2e7","","","","True","False"
"41a2ec6f-77e9-4800-1883-08dd8c9ac2e7","Number of Room Nights Sold","عدد الليالي الفندقية المباعة","c70c10e6-764c-4ec7-a7a4-e96d4e72d76d","True","False"
"b1d55322-0c41-4c59-1884-08dd8c9ac2e7","Sector Contribution To GDP (Agriculture & Livestock)","مساهمة القطاع في الناتج المحلي الإجمالي (الزراعة والإنتاج الحيواني والسمكي)","c70c10e6-764c-4ec7-a7a4-e96d4e72d76d","True","False"
"c0ea29f9-c2b5-48c7-1885-08dd8c9ac2e7","Crop Yield  - Vegetables, Greenhouses","إنتاجية المحاصيل - الخضراوات  ، البيوت المحمية","c70c10e6-764c-4ec7-a7a4-e96d4e72d76d","True","False"
"d7768ce6-7e13-4213-1886-08dd8c9ac2e7","Total Production","إجمالي الإنتاج","c70c10e6-764c-4ec7-a7a4-e96d4e72d76d","True","False"
"056ff921-1d64-44bd-1887-08dd8c9ac2e7","","","c70c10e6-764c-4ec7-a7a4-e96d4e72d76d","True","False"
"e7f7820a-fa7c-47ba-91b0-08dd8c9b1913","Government Revenues","الإيرادات الحكومية في ميزانية الدولة","31c7e4b7-7d30-4576-b683-d5fc7aa05a6b","True","False"
"b596bac5-0dc8-4dec-91b1-08dd8c9b1913","Trade Balance (Goods & Services)","الميزان التجاري (السلع والخدمات)","31c7e4b7-7d30-4576-b683-d5fc7aa05a6b","True","False"
"bf24acec-dc99-4bfe-91b2-08dd8c9b1913","Gross National Income","الدخل القومي الإجمالي","31c7e4b7-7d30-4576-b683-d5fc7aa05a6b","True","False"
"8be3e6c5-7a69-45f4-91b3-08dd8c9b1913","Total Exports (Goods and Services)","إجمالي الصادرات (السلع والخدمات)","31c7e4b7-7d30-4576-b683-d5fc7aa05a6b","True","False"
"d05eeb9f-1b44-4422-91b5-08dd8c9b1913","Number of International Visitors","عدد السياح من خارج الدولة","c70c10e6-764c-4ec7-a7a4-e96d4e72d76d","True","False"
"f22dbb3c-c542-47d3-91b6-08dd8c9b1913","Global Food Security Index (GFSI) Rank","ترتيب دولة قطر في مؤشر الأمن الغذائي العالمي","c70c10e6-764c-4ec7-a7a4-e96d4e72d76d","True","False"
"e237a0ed-1289-4b67-b654-08dd8ca641ed","","","e93a7eb3-66db-4869-9543-dad2ffa98e81","True","False"
"60be3657-a99d-4dc0-b655-08dd8ca641ed","Out-of-Pocket Expenditure as a Percentage of Current Health Expenditure","نسبة الإنفاق من الجيب الخاص من الإنفاق على قطاع الصحة الحالي","c70c10e6-764c-4ec7-a7a4-e96d4e72d76d","True","False"
"9bfcfd0f-206c-4a81-b656-08dd8ca641ed","Pharmaceuticals, Medical Devices and Consumables Produced in Qatar","الأدوية والأجهزة الطبية والمواد الاستهلاكية المنتجة في قطر","c70c10e6-764c-4ec7-a7a4-e96d4e72d76d","True","False"
"eb467551-f5d7-4a34-b657-08dd8ca641ed","Sector Contribution To GDP (Education)","مساهمة القطاع في الناتج المحلي الإجمالي (التعليم)","c70c10e6-764c-4ec7-a7a4-e96d4e72d76d","True","False"
"0deac0f6-d36f-46b9-b658-08dd8ca641ed","Sector Exports (ICT)","صادرات القطاع (المعلومات والاتصالات)","c70c10e6-764c-4ec7-a7a4-e96d4e72d76d","True","False"
"6a83aeab-2024-4293-b659-08dd8ca641ed","Percentage of Online, End-to-End Public Services","نسبة الخدمات العامة عبر الإنترنت من البداية للنهاية","c70c10e6-764c-4ec7-a7a4-e96d4e72d76d","True","False"
"88d0873d-62f2-4329-b65a-08dd8ca641ed","Sector Contribution To GDP (Financial & Insurance)","مساهمة القطاع في الناتج المحلي الإجمالي (الأنشطة المالية وأنشطة التأمين)","c70c10e6-764c-4ec7-a7a4-e96d4e72d76d","True","False"
"245dffef-7f82-45ac-b65b-08dd8ca641ed","Sector Contribution To GDP (Manufacturing)","مساهمة القطاع في الناتج المحلي الإجمالي (الصناعات التحويلية)","c70c10e6-764c-4ec7-a7a4-e96d4e72d76d","True","False"
"1133a92c-b7aa-4d1c-b65c-08dd8ca641ed","Logistics Performance Index (LPI) Rank","ترتيب دولة قطر في مؤشر الأداء اللوجستي","c70c10e6-764c-4ec7-a7a4-e96d4e72d76d","True","False"
"9c08e6c8-ebc7-4304-b65d-08dd8ca641ed","Air Transport Freight","حجم النقل الجوي ، الشحن","c70c10e6-764c-4ec7-a7a4-e96d4e72d76d","True","False"
"d803eada-56b2-48a4-b65e-08dd8ca641ed","Liner Shipping Connectivity Index Rank","ترتيب دولة قطر في مؤشر وصولية خطوط النقل البحري المنتظم","c70c10e6-764c-4ec7-a7a4-e96d4e72d76d","True","False"
"02f24f7f-aef9-4146-b65f-08dd8ca641ed","IATA Connectivity Index Rank","ترتيب دولة قطر في مؤشر اتحاد النقل الجوي الدولي (IATA)","c70c10e6-764c-4ec7-a7a4-e96d4e72d76d","True","False"
"7e1bc17b-15b9-43b3-b660-08dd8ca641ed","Number of Qatari Jobs","عدد وظائف القطريين","c70c10e6-764c-4ec7-a7a4-e96d4e72d76d","True","False"
"64eec0a9-2740-4bb2-b661-08dd8ca641ed","Number of Non-Qatari Jobs","عدد وظائف غير القطريين","c70c10e6-764c-4ec7-a7a4-e96d4e72d76d","True","False"
"2c5f499f-a5f1-471a-b662-08dd8ca641ed","Sector Exports - Passenger","صادرات القطاع - الركاب","c70c10e6-764c-4ec7-a7a4-e96d4e72d76d","True","False"
"86453f7b-aa2a-4832-b663-08dd8ca641ed","Workforce (Economically Active)","القوى العاملة (النشطون اقتصاديًا)","e93a7eb3-66db-4869-9543-dad2ffa98e81","True","False"
"036e30bb-9612-46dc-b664-08dd8ca641ed","","","","True","False"
"0386c351-2912-4773-b665-08dd8ca641ed","","","c70c10e6-764c-4ec7-a7a4-e96d4e72d76d","True","False"
"f87388f1-b2c3-48e3-b667-08dd8ca641ed","Number of Jobs in the Sector (Financial & Insurance Sector)","عدد الوظائف في القطاع (الأنشطة المالية وأنشطة التأمين)","c70c10e6-764c-4ec7-a7a4-e96d4e72d76d","True","False"
"33d81050-2bcc-42e1-b668-08dd8ca641ed","","","c70c10e6-764c-4ec7-a7a4-e96d4e72d76d","True","False"
"83e07ffb-64ee-4d90-b669-08dd8ca641ed","","","","True","False"
"c2dd124d-65a4-4a7e-b66a-08dd8ca641ed","Sector Contribution to GDP (Tourism)","مساهمة القطاع في الناتج المحلي الإجمالي (السياحة)","c70c10e6-764c-4ec7-a7a4-e96d4e72d76d","True","False"
"7df3a1b8-a0b6-43e0-fd3b-08dd8ca66f9c","Sector Contribution To GDP (Health & Social Services)","مساهمة القطاع في الناتج المحلي الإجمالي (الرعاية الصحية والخدمات الاجتماعية)","c70c10e6-764c-4ec7-a7a4-e96d4e72d76d","True","False"
"1c46d5ad-0c16-4f63-fd3c-08dd8ca66f9c","Non-Hydrocarbon Exports (share of total exports)","الصادرات غير الهيدروكربونية","e93a7eb3-66db-4869-9543-dad2ffa98e81","True","False"
"583bc855-3436-4eee-fd3d-08dd8ca66f9c","number of medical graduates - Qataris","عدد خريجي الطب من القطريين","c70c10e6-764c-4ec7-a7a4-e96d4e72d76d","True","False"
"533daac2-2e84-4f4d-fd3e-08dd8ca66f9c","Private Expenditure on Health as a Percentage of Total Current Health Expenditure","نسبة إنفاق القطاع الخاص في الصحة من الإنفاق الحالي على قطاع الصحة","c70c10e6-764c-4ec7-a7a4-e96d4e72d76d","True","False"
"96344070-9d13-4a84-fd3f-08dd8ca66f9c","","","c70c10e6-764c-4ec7-a7a4-e96d4e72d76d","True","False"
"ba81b3e3-64dc-4f30-fd40-08dd8ca66f9c","","","c70c10e6-764c-4ec7-a7a4-e96d4e72d76d","True","False"
"e7d27610-ec54-4087-fd41-08dd8ca66f9c","Sector Contribution To GDP (ICT)","مساهمة القطاع في الناتج المحلي الإجمالي (المعلومات والاتصالات)","c70c10e6-764c-4ec7-a7a4-e96d4e72d76d","True","False"
"bc0144bd-8228-4022-fd42-08dd8ca66f9c","Network Readiness Index (NRI) Rank","ترتيب دولة قطر في مؤشر الجاهزية الشبكية","c70c10e6-764c-4ec7-a7a4-e96d4e72d76d","True","False"
"82cb353f-7635-44e6-fd43-08dd8ca66f9c","Global Cybersecurity Index (GCI) Rank","ترتيب دولة قطر في مؤشر الأمن السيبراني العالمي","c70c10e6-764c-4ec7-a7a4-e96d4e72d76d","True","False"
"d770cfff-555f-4d12-fd44-08dd8ca66f9c","","","c70c10e6-764c-4ec7-a7a4-e96d4e72d76d","True","False"
"55d5cfff-5e3e-436a-fd45-08dd8ca66f9c","Number of Jobs in the sector","عدد الوظائف في القطاع","c70c10e6-764c-4ec7-a7a4-e96d4e72d76d","True","False"
"a46e0a94-6d58-4983-fd46-08dd8ca66f9c","Sector Exports (Transportation and Storage)","صادرات القطاع (النقل والتخزين)","c70c10e6-764c-4ec7-a7a4-e96d4e72d76d","True","False"
"70b9828b-9a49-4b1b-fd47-08dd8ca66f9c","Goods Re-export","إعادة تصدير السِّلع","c70c10e6-764c-4ec7-a7a4-e96d4e72d76d","True","False"
"65559064-b6a7-4b85-fd48-08dd8ca66f9c","Sector Exports - Freight","صادرات القطاع - الشحن","c70c10e6-764c-4ec7-a7a4-e96d4e72d76d","True","False"
"758f6b56-dec6-46d5-fd49-08dd8ca66f9c","Qataris Employed in Private Sector as Share of Total Qataris Employed","نسبة المواطنين القطريين العاملين في شركات القطاع الخاص","e93a7eb3-66db-4869-9543-dad2ffa98e81","True","False"
"c6f4f88b-5459-479b-fd4a-08dd8ca66f9c","Total Population","عدد السكان","e93a7eb3-66db-4869-9543-dad2ffa98e81","True","False"
"0cc207f1-3665-47fa-fd4b-08dd8ca66f9c","World Competitiveness Index Rank","ترتيب دولة قطر في مؤشر التنافسية العالمي","e93a7eb3-66db-4869-9543-dad2ffa98e81","True","False"
"cc51126f-9f21-42d1-fd4c-08dd8ca66f9c","Economic Complexity Index Rank","ترتيب دولة قطر في مؤشر التعقيد الاقتصادي العالمي","e93a7eb3-66db-4869-9543-dad2ffa98e81","True","False"
"6bd9178a-3172-4434-fd4d-08dd8ca66f9c","Sector Contribution To GDP (Transportation and storage)","مساهمة القطاع في الناتج المحلي الإجمالي (النقل والتخزين)","c70c10e6-764c-4ec7-a7a4-e96d4e72d76d","True","False"
"51acb8b7-b35f-434d-fd4e-08dd8ca66f9c","","","","True","False"
"d01ff014-b3b5-43e6-fd4f-08dd8ca66f9c","US Tariff - Delete","التعريفة الجمركية الأمريكية","c70c10e6-764c-4ec7-a7a4-e96d4e72d76d","True","False"
"cee2553d-6094-4b68-fd50-08dd8ca66f9c","Number of Qatari Jobs (Financial & Insurance)","عدد الوظائف للقطريين (الأنشطة المالية وأنشطة التأمين)","c70c10e6-764c-4ec7-a7a4-e96d4e72d76d","True","False"
"e071c86c-ef59-46b6-fd52-08dd8ca66f9c","","","c70c10e6-764c-4ec7-a7a4-e96d4e72d76d","True","False"
"9fa7d4bf-61ac-49a3-fd53-08dd8ca66f9c","Cost of Living","تكلفة المعيشة","e93a7eb3-66db-4869-9543-dad2ffa98e81","True","False"
"ab61b22e-a292-40d4-fd54-08dd8ca66f9c","Number of Jobs in the Sector (Tourism)","عدد وظائف القطاع","c70c10e6-764c-4ec7-a7a4-e96d4e72d76d","True","False"
"51c0cbe2-7c08-440f-4a6d-08dd8f83b962","Sector Exports (Manufacturing)","صادرات القطاع (الصناعات التحويلية)","c70c10e6-764c-4ec7-a7a4-e96d4e72d76d","True","False"
"a811e0d5-c456-4dff-4a6e-08dd8f83b962","Sector Exports (Financial Services & Insurance)","صادرات القطاع (الأنشطة المالية والتأمينية)","c70c10e6-764c-4ec7-a7a4-e96d4e72d76d","True","False"
"47ddf8d8-71d4-4f57-4a6f-08dd8f83b962","Qatar's Credit Rating","التصنيف الائتماني لدولة قطر","c70c10e6-764c-4ec7-a7a4-e96d4e72d76d","True","False"
"52e0edc0-98d6-43f3-4a70-08dd8f83b962","","","c70c10e6-764c-4ec7-a7a4-e96d4e72d76d","True","False"
"62ec52d0-abc7-4f7f-4a71-08dd8f83b962","","","","True","False"
"7402f9d2-0a2d-4ca5-fc27-08dd8f984037","Number of Jobs in the Sector (ICT)","عدد الوظائف في القطاع (تكنولوجيا المعلومات والاتصالات)","c70c10e6-764c-4ec7-a7a4-e96d4e72d76d","True","False"
"1cd9ae28-478d-423f-fc28-08dd8f984037","Sector Exports (Agriculture)","صادرات القطاع (الزراعة)","c70c10e6-764c-4ec7-a7a4-e96d4e72d76d","True","False"
"763a8c21-54b8-4fae-fc29-08dd8f984037","Number of Hotel Keys and Occupancy Rate","عدد الغرف الفندقية المتاحة ومعدل نسب الإشغال للفنادق","c70c10e6-764c-4ec7-a7a4-e96d4e72d76d","True","False"
"ce034763-db92-4839-fc2a-08dd8f984037","","","31c7e4b7-7d30-4576-b683-d5fc7aa05a6b","True","False"
"468af0d1-2d01-453a-fc2b-08dd8f984037","","","d4021384-4690-4a13-9ee6-fa63aef5d4f1","True","False"
"3f37e3d3-c5bc-4240-a62f-08dd91e8111f","","","","True","False"
"4fecbf64-420b-4e82-a630-08dd91e8111f","","","e93a7eb3-66db-4869-9543-dad2ffa98e81","True","False"
"72bc5596-7027-45e5-a631-08dd91e8111f","","","5c103a27-3fbf-4115-a3a8-98ad20d19599","True","False"
"a4cfaa82-3184-407e-1119-08dd91e81cf3","","","","True","False"
"ba375fc2-0daf-4fdf-fd4c-08dd9840be66","","","31c7e4b7-7d30-4576-b683-d5fc7aa05a6b","True","False"
"c59af321-87fe-447a-fd4d-08dd9840be66","","","e93a7eb3-66db-4869-9543-dad2ffa98e81","True","False"
"4dbd6ac1-cc69-4e69-fd4e-08dd9840be66","","","","True","False"
"46c35946-0659-429a-3f9d-08dd9915ceb4","","","31c7e4b7-7d30-4576-b683-d5fc7aa05a6b","True","False"
"19624ff5-b673-4d3b-3f9e-08dd9915ceb4","","","","True","False"
"77fb2c3b-b7b8-4672-3f9f-08dd9915ceb4","","","31c7e4b7-7d30-4576-b683-d5fc7aa05a6b","True","False"
"49a4ba4a-f044-44cd-3fa0-08dd9915ceb4","","","","True","False"
"6ece2e22-0405-4777-3fa1-08dd9915ceb4","","","","True","False"
"2170a893-25fe-41e8-253d-08dd9d08390b","","","","True","False"
"6548a6f6-6364-4d4a-253e-08dd9d08390b","test1","تست1","d4021384-4690-4a13-9ee6-fa63aef5d4f1","True","False"
"35db7935-881c-43a7-962e-08dda1eb5b06","","","c70c10e6-764c-4ec7-a7a4-e96d4e72d76d","True","False"
"3d381732-2bca-4eff-962f-08dda1eb5b06","","","","True","False"
"e6c8a2a3-d505-4a63-52de-08dda272bad8","","","31c7e4b7-7d30-4576-b683-d5fc7aa05a6b","True","False"
"9b19d3e4-249a-4c4f-a21c-08dda980cfc7","","","","True","False"
"a39bfd46-9836-404f-a21d-08dda980cfc7","","","c70c10e6-764c-4ec7-a7a4-e96d4e72d76d","True","False"
"49c89bd2-40f3-4d8a-a21e-08dda980cfc7","","","","True","False"
"0cfbcc68-cf83-45fa-71c7-08ddc1ebbc1a","","","","True","False"
"d616f595-60c3-4a50-0474-08ddd3e1e853","","","31c7e4b7-7d30-4576-b683-d5fc7aa05a6b","True","False"
"0edab4c8-0676-4c87-96df-08ddda55feb2","","","31c7e4b7-7d30-4576-b683-d5fc7aa05a6b","True","False"
"e430879c-c5c8-4e4f-2385-08dde567c694","","","43193c15-058d-4124-a152-aec091e2f2b4","True","False"
"d4cbe501-51bd-4107-2386-08dde567c694","","","","True","False"
"ce7f48b8-4537-44fc-2387-08dde567c694","","","","True","False"
"f18a1729-463d-4e8f-573e-08dde617a542","","","","True","False"
"cc01e440-7863-4992-8abc-08dde9f687d8","","","","True","False"
"68da9cfe-b050-44da-8abd-08dde9f687d8","","","","True","False"
"843843e9-1934-485b-902a-08ddf116ff5b","","","","True","False"
"18ea79ca-0b0d-470d-0ce1-08ddf42157c0","","","","True","False"
"7b089df0-88fd-46d9-468a-08ddf694b391","","","9e884d56-31ee-4708-b724-25bca42205c7","True","False"
"fd654d49-86be-4491-3e60-08ddf993d966","","","31c7e4b7-7d30-4576-b683-d5fc7aa05a6b","True","False"
"6710f679-ea9e-4194-3e61-08ddf993d966","","","039b6f8d-fe85-4260-9dbe-8fb27db40c57","True","False"
"4e394d16-f430-4297-3e62-08ddf993d966","","","5c103a27-3fbf-4115-a3a8-98ad20d19599","True","False"
"206e44d4-1b0d-4c95-3e63-08ddf993d966","","","43193c15-058d-4124-a152-aec091e2f2b4","True","False"
"11cf36bb-4810-4c39-b3e6-08ddf993df51","","","5c103a27-3fbf-4115-a3a8-98ad20d19599","True","False"
"f54a3db8-428f-4ebd-b3e7-08ddf993df51","","","9e884d56-31ee-4708-b724-25bca42205c7","True","False"
"37c65254-6ebb-4e9e-b3e8-08ddf993df51","Global Innovation Index Rank","ترتيب دولة قطر في مؤشر الابتكار العالمي","43193c15-058d-4124-a152-aec091e2f2b4","True","False"
"09e359fb-2afe-4958-2d92-08de0576f67d","","","","True","False"
"b363ecb4-f82e-431f-2d93-08de0576f67d","","","","True","False"
"a0343d24-6742-4108-c400-08de06fae464","","","31c7e4b7-7d30-4576-b683-d5fc7aa05a6b","True","False"
"b70011f4-248d-40a0-c027-08de06fae781","","","31c7e4b7-7d30-4576-b683-d5fc7aa05a6b","True","False"
"6431cc39-2356-44e4-c028-08de06fae781","","","","True","False"
"492adfa0-c312-4964-995a-08de0aee0001","","","c70c10e6-764c-4ec7-a7a4-e96d4e72d76d","True","False"
"61cd97c1-aa02-472b-bb04-08de0ba11ad8","Self-Sufficiency for Strategic Commodities","الاكتفاء الذاتي من السلع الاستراتيجية","c70c10e6-764c-4ec7-a7a4-e96d4e72d76d","True","False"
"748bc532-9218-4ed2-bb05-08de0ba11ad8","Minimum Reserves of Strategic Commodities","المخزون الاستراتيجي – الحد الأدنى","c70c10e6-764c-4ec7-a7a4-e96d4e72d76d","True","False"
"48bd93e9-9d01-43a3-17ad-08de1c613209","","","31c7e4b7-7d30-4576-b683-d5fc7aa05a6b","True","False"
"08ed304d-c781-4086-17ae-08de1c613209","","","31c7e4b7-7d30-4576-b683-d5fc7aa05a6b","True","False"
"4672641a-3356-4fad-94cb-092521ec071a","Nominal Price indexes - archived","مؤشرات الأسعار الاسمية-archived","5c103a27-3fbf-4115-a3a8-98ad20d19599","True","False"
"fb30a185-ce04-49f9-aebf-0970ee873d66","Total Capital Investments CAPEX (QAR, m)-2","الاستثمارات الرأسمالية  CAPEX الإجمالية (مليون ر.ق.)-1","a556e8f5-d8ed-42ed-8d48-73a69430781e","True","False"
"d286fc3c-f6a0-49e7-b46a-0be5159e6475","Percentage of In-Country Value (%)-2","Percentage of In-Country Value (%)-2","a556e8f5-d8ed-42ed-8d48-73a69430781e","True","False"
"1bd0aefa-44a2-4d97-a0c0-0c08d4fb65ff","Satisfaction score (NPS) of Karwa Taxis","درجة الرضا عن تاكسي كروة","d4021384-4690-4a13-9ee6-fa63aef5d4f1","True","False"
"0d6f8d4b-0450-42f6-a36b-0c8407724c08","Value of contracts awarded from total public procurement (QAR billion)-1","Value of contracts awarded from total public procurement (QAR billion)-2","a556e8f5-d8ed-42ed-8d48-73a69430781e","True","False"
"fa99fe1b-67ff-4d0b-bf71-0d26577d96a2","Share of Students Who Have Completed University Education As a Percentage of Total Post-Secondary Students - Non Qatari","نسبة الطلبة الذين أكملوا تعليمهم الجامعي كنسبة من إجمالي طلاب ما بعد الثانوية  - غير القطريين","c70c10e6-764c-4ec7-a7a4-e96d4e72d76d","True","False"
"46a869e1-813a-48fa-bc0c-0d5db5ef3923","This Ratio of Qatari Males who are Enrolled in Higher Education","معدل الالتحاق الإجمالي للذكور القطريين بالتعليم العالي","d4021384-4690-4a13-9ee6-fa63aef5d4f1","True","False"
"cc2c80e4-646d-4222-9130-0e41c6995a1c","Port Utilization","نسبة استغلال الموانئ","c70c10e6-764c-4ec7-a7a4-e96d4e72d76d","True","False"
"687a6199-d27b-4c35-a249-0eee77d142db","Export Cost ","تكلفة التصدير","c70c10e6-764c-4ec7-a7a4-e96d4e72d76d","True","False"
"9948739b-c09e-4628-ad8c-0f77f659873a","Number of Financing Facilities Approved and Granted-2","Number of Financing Facilities Approved and Granted-2","a556e8f5-d8ed-42ed-8d48-73a69430781e","True","False"
"b8850afa-e4f2-49e8-b8dd-0fc999546ee9","Domestic vs External Debt","الدين المحلي مقابل الخارج","5c103a27-3fbf-4115-a3a8-98ad20d19599","True","False"
"b30373da-41e9-4162-bdc3-10224156915d","Financial incentives disbursement","التحفيزات المالية","31c7e4b7-7d30-4576-b683-d5fc7aa05a6b","True","False"
"aa8066e4-eee6-48de-8ec7-104817e451c4","Expected GDP Impact in 2022-2","تأثير الناتج المحلي الإجمالي المتوقع في عام 2022-7","d4021384-4690-4a13-9ee6-fa63aef5d4f1","True","False"
"8e377da9-3583-4044-abb1-10c975691c51","Import Time","الوقت المستغرق للاستيراد","c70c10e6-764c-4ec7-a7a4-e96d4e72d76d","True","False"
"60d9a968-c924-4da9-8b16-115f5a8a0dc5","FDI Stock","إجمالي مخزون الاستثمار الأجنبي المباشر","31c7e4b7-7d30-4576-b683-d5fc7aa05a6b","True","False"
"c9e51b4c-7b0c-48a2-a470-11bd54ddabd2","Number of Policy Publications-1","Number of Policy Publications-2","039b6f8d-fe85-4260-9dbe-8fb27db40c57","True","False"
"b80e65b6-c1c4-4daf-93cd-11dc592f5ed7","Average Rate of School Absenteeism","معدل التغيب عن المدرسة في الصفوف 1-12","43193c15-058d-4124-a152-aec091e2f2b4","True","False"
"57fbdd91-4379-445e-9d7c-12ac66e640c4","Project goals achievement percentage of PS Strategy","Project goals achievement percentage of PS Strategy","a556e8f5-d8ed-42ed-8d48-73a69430781e","True","False"
"4da9ad65-aa19-4498-8df7-12eb3b45bfad","The percentage of completion of the development of the intellectual property strategy","The percentage of completion of the development of the intellectual property strategy","d4021384-4690-4a13-9ee6-fa63aef5d4f1","True","False"
"1e52ce00-be20-4073-accb-14173ed8658e","- Of which are local-6","القيمة المضافة الإجمالية GVA المحلية (مليون ر.ق.)-1","a556e8f5-d8ed-42ed-8d48-73a69430781e","True","False"
"8c2e44f0-93cd-48f4-9a4f-147bd1c540d0","Number of Teachers per Admins Staff (K-12 Public Schools), Overall","نسبة المعلمين إلى الإداريين في المدارس الحكومية (رياض الأطفال – المرحلة الثانوية)","c70c10e6-764c-4ec7-a7a4-e96d4e72d76d","True","False"
"fa2881c7-9a64-4d89-90be-1504e7fcf382","The indicators associated with each of the following outputs for IP Strategy","The indicators associated with each of the following outputs for IP Strategy","d4021384-4690-4a13-9ee6-fa63aef5d4f1","True","False"
"a4dda68f-fedd-4176-b567-150ed06acd9e","Share of Private Banks' Credit to SMEs","حصة الائتمان المقدم للشركات الصغيرة والمتوسطة","c70c10e6-764c-4ec7-a7a4-e96d4e72d76d","True","False"
"d30ff68c-85ec-4adf-bf54-1525f241021d","- Of which are partnerships-4","عدد الشركات (الشراكات)-1","039b6f8d-fe85-4260-9dbe-8fb27db40c57","True","False"
"005df265-fd53-459f-a82e-154c9d4d16b0","Non-Hydrocarbon Government Revenue as Share of Non-Hydrocarbon GDP","نسبة الإيرادات الحكومية غير الهيدروكربونية من إجمالي الناتج المحلي غير الهيدروكربوني","e93a7eb3-66db-4869-9543-dad2ffa98e81","True","False"
"2f1d71ca-d2a7-4190-8a38-15695ae493b9","Expected GDP Impact in 2021-6","تأثير الناتج المحلي الإجمالي المتوقع في عام 2021-4","d4021384-4690-4a13-9ee6-fa63aef5d4f1","True","False"
"4c8b1c55-4411-4c84-b959-15baecf60189","Yearly Value of Stocks Traded (share of total market cap)","القيمة السنوية للأسهم المتداولة (نسبة من إجمالي القيمة السوقية)","31c7e4b7-7d30-4576-b683-d5fc7aa05a6b","True","False"
"a663fa23-8949-4549-9f73-1651d1b6d59c","Net Inward FDI as % of GDP","Net Inward FDI as % of GDP","a556e8f5-d8ed-42ed-8d48-73a69430781e","True","False"
"3b2018f4-47be-4c4d-b25b-1756fcec3e41","Total Capital Investments CAPEX (QAR, m)-1","الاستثمارات الرأسمالية  CAPEX الإجمالية (مليون ر.ق.)-2","039b6f8d-fe85-4260-9dbe-8fb27db40c57","True","False"
"3926609b-29df-42b9-89ed-17e780029d74","Total Exports Demo","Total Exports Demo","a556e8f5-d8ed-42ed-8d48-73a69430781e","True","False"
"f03a3445-48ad-410c-b143-185c5c8428d5","Project goals achievement percentage of IP Strategy","Project goals achievement percentage of IP Strategy","d4021384-4690-4a13-9ee6-fa63aef5d4f1","True","False"
"b25a3a3a-70fe-4666-af80-18e4d59d83f3","Remittances","التحويلات المالية","31c7e4b7-7d30-4576-b683-d5fc7aa05a6b","True","False"
"7ccee3d7-17bd-4171-a7ac-19365f97f5d9","- Of which are foreign-3","الاستثمارات  الرأسمالية  CAPEX الأجنبية (مليون ر.ق.)-2","039b6f8d-fe85-4260-9dbe-8fb27db40c57","True","False"
"decc642e-0d7d-4dcb-8490-1ae918489eba","Expected GDP Impact in 2023-7","تأثير الناتج المحلي الإجمالي المتوقع في عام 2023-3","d4021384-4690-4a13-9ee6-fa63aef5d4f1","True","False"
"65692c6a-7d82-44a8-a091-1b57cebb1f70","FDI value to Qatar (QAR bn)-2","FDI value to Qatar (QAR bn)-2","a556e8f5-d8ed-42ed-8d48-73a69430781e","True","False"
"93032528-4506-4bf2-b118-1bab8728ce09","Global Merchandise Trade Growth","النمو السنوي لتجارة السلع","5c103a27-3fbf-4115-a3a8-98ad20d19599","True","False"
"da06207a-2df2-4562-a371-1bb6f2b065c1","The percentage of completion of the PS strategy preparation","The percentage of completion of the PS strategy preparation","a556e8f5-d8ed-42ed-8d48-73a69430781e","True","False"
"7c045669-f790-465d-b52f-1beab1a3c3b2","CPI: furnishings, household equipment and routine household maintenance (%)","CPI: furnishings, household equipment and routine household maintenance (%)","a556e8f5-d8ed-42ed-8d48-73a69430781e","True","False"
"c09f2fa8-e9ea-4fc8-b1bf-1e45f06899e4","Annual write-off rate-2","Annual write-off rate-2","a556e8f5-d8ed-42ed-8d48-73a69430781e","True","False"
"910c3642-8553-4608-a6ca-2037fc72a7cc","Raising the efficiency of the return on investment on education","Raising the efficiency of the return on investment on education","d4021384-4690-4a13-9ee6-fa63aef5d4f1","True","False"
"2f52bfbd-39d1-4b98-81b0-20e6326bf450","Dataset-1","Dataset-5","d4021384-4690-4a13-9ee6-fa63aef5d4f1","True","False"
"30f5155a-05ad-47c6-a0af-219166a20e3a","Expected GDP Impact in 2023-3","تأثير الناتج المحلي الإجمالي المتوقع في عام 2023-1","d4021384-4690-4a13-9ee6-fa63aef5d4f1","True","False"
"bf0661d2-7aff-4d88-b726-232fafb8db0f","Number of Companies-1","عدد الشركات المسجلة-1","039b6f8d-fe85-4260-9dbe-8fb27db40c57","True","False"
"e75b5176-ff6d-4928-a920-239ac5f4c4a7","The Percentage of Goals Accomplished by Civil Service Employees","نسبة الأهداف التي أنجزها موظفو الخدمة المدنية","d4021384-4690-4a13-9ee6-fa63aef5d4f1","True","False"
"33c1d25c-19d5-4112-b10d-23dc3e3b5eae","Number of Online Engagements-2","Number of Online Engagements-1","039b6f8d-fe85-4260-9dbe-8fb27db40c57","True","False"
"0e6786aa-0c86-4395-921a-24aad56280b8","Number of 3-Stars Hotel Keys","عدد الغرف الفندقية المتاحة من فئة ثلاثة نجوم","d4021384-4690-4a13-9ee6-fa63aef5d4f1","True","False"
"16bcf4e3-d02e-4dc8-8ddd-24fadbaa9621","Value of Assets Under Management (QAR, bn)-1","قيمة الأصول من الشركات-1","039b6f8d-fe85-4260-9dbe-8fb27db40c57","True","False"
"55f354bd-3861-430c-b907-250224a1d995","Budget Allocation by Sector","مخصصات الموازنة حسب القطاع","5c103a27-3fbf-4115-a3a8-98ad20d19599","True","False"
"a556ef9d-4795-4695-b2d3-25142a6a5fe4","Number of Students per Teacher in Public Schools (K-12 Public Schools)","نسبة المعلمين الى الطلبة في المدارس الحكومية (رياض الأطفال – المرحلة الثانوية)","c70c10e6-764c-4ec7-a7a4-e96d4e72d76d","True","False"
"d7fff5f3-82f2-42a6-a1ed-25930f34329d","Sector Jobs","Sector Jobs","9e884d56-31ee-4708-b724-25bca42205c7","True","False"
"f834d328-e379-4221-a9ec-2620875ac997","Qatar LNG Export","صادرات قطر من الغاز الطبيعي المسال","5c103a27-3fbf-4115-a3a8-98ad20d19599","True","False"
"917b3b1e-6509-44b2-a696-266fdda9762e","GDP","GDP","d4021384-4690-4a13-9ee6-fa63aef5d4f1","True","False"
"7c3ab28c-a066-47a5-914b-26861ea54161","Commodity Price Index","مؤشر أسعار السلع","5c103a27-3fbf-4115-a3a8-98ad20d19599","True","False"
"33fb9a78-b111-480b-9daf-27b4847548d6","Number of Jobs Created-2","Number of Jobs Created-2","039b6f8d-fe85-4260-9dbe-8fb27db40c57","True","False"
"7e54d61c-9b11-44fc-bb18-2c0552dca890","Assets deployed in Qatar by Fund of Funds","حجم صندوق الصناديق الاستثمارية العاملة في دولة قطر","c70c10e6-764c-4ec7-a7a4-e96d4e72d76d","True","False"
"194fcb35-bb1c-46c6-8de5-2c125292c51a","Inflation","معدل التضخم","31c7e4b7-7d30-4576-b683-d5fc7aa05a6b","True","False"
"4089346f-276c-4b96-90a4-2f43d89a787a","Expected GDP Impact in 2023-6","تأثير الناتج المحلي الإجمالي المتوقع في عام 2023-4","d4021384-4690-4a13-9ee6-fa63aef5d4f1","True","False"
"f724ffb8-de04-4a4e-98d9-2f8dbc777d9b","The Average Scores for the Programme for International Student Assessment (PISA)","متوسط درجات اختبار الدراسة الدولية لقياس تقدم القراءة","d4021384-4690-4a13-9ee6-fa63aef5d4f1","True","False"
"e685c612-7001-4ff9-ab76-30f0a793f5c5","Combined Total Transport Services Exports (QAR,bn)","Combined Total Transport Services Exports (QAR,bn)","a556e8f5-d8ed-42ed-8d48-73a69430781e","True","False"
"0fc5ab77-699b-403c-83a6-30f2ef1bd9d8","Trade Balance Demo","Trade Balance Demo","a556e8f5-d8ed-42ed-8d48-73a69430781e","True","False"
"4ac71979-8709-443e-87a4-33e9b1475db6","Cost of living index by Numbeo","Cost of living index by Numbeo","a556e8f5-d8ed-42ed-8d48-73a69430781e","True","False"
"eae5aa30-a5e6-4d0c-8d1a-341554b4bd64","Share of Beds in Semi-Public Hospitals","نسبة الأسرة في مستشفيات القطاع شبه حكومي","c70c10e6-764c-4ec7-a7a4-e96d4e72d76d","True","False"
"d8803f33-1be0-4061-a857-342a1f42075e","ROI (Actual Received) - (QAR, Bn)","ROI (Actual Received) - (QAR, Bn)-2","a556e8f5-d8ed-42ed-8d48-73a69430781e","True","False"
"29f93138-2c14-4084-b0c1-343ddd6f3be9","- Of which are partnerships-1","الاستثمارات  الرأسمالية  CAPEX الشراكات (مليون ر.ق.)-1","a556e8f5-d8ed-42ed-8d48-73a69430781e","True","False"
"3cf40c80-d8c5-4203-98f1-3464fe97cde0","Employment in the Sector for Qataris","Employment in the Sector for Qataris","c70c10e6-764c-4ec7-a7a4-e96d4e72d76d","True","False"
"12b8af94-6593-4f8f-b5d9-34c9d1d2c4f5","- Of which are local-3","عدد الشركات (المحلية)-1","039b6f8d-fe85-4260-9dbe-8fb27db40c57","True","False"
"89ec6559-fcb6-47b4-b1cc-34ea9c9dc0c8","FDI value to Qatar (QAR bn)-1","FDI value to Qatar (QAR bn)-1","039b6f8d-fe85-4260-9dbe-8fb27db40c57","True","False"
"2b335911-029b-4418-b2dc-359c1eb38f2a","Investing in early education","Investing in early education","d4021384-4690-4a13-9ee6-fa63aef5d4f1","True","False"
"b6878478-62d5-4ad9-ab94-3638b375b7bb","- Of which are foreign-6","القيمة المضافة الإجمالية GVA الأجنبية (مليون ر.ق.)-1","a556e8f5-d8ed-42ed-8d48-73a69430781e","True","False"
"e17c68a2-eaf6-49c4-bb03-36a5a20680b4","Private Sector Contribution","مساهمة القطاع الخاص","c70c10e6-764c-4ec7-a7a4-e96d4e72d76d","True","False"
"52a01f5b-c693-46e0-bae0-36a928b301ba","Awareness Index of Qatar Tourism Brand Equity Tracker (%)","مؤشر الوعي الخاص بتتبع حقوق الملكية في السياحة القطرية (٪)","d4021384-4690-4a13-9ee6-fa63aef5d4f1","True","False"
"c6fbf6b7-79b3-4478-9380-37ebdc332b4b","Reduction of Hospital Stay for Patients","Reduction of Hospital Stay for Patients","d4021384-4690-4a13-9ee6-fa63aef5d4f1","True","False"
"b4b097eb-9a69-4c3e-b4b9-3818d622e1f7","Number of ICT Companies","عدد شركات الاتصالات وتكنولوجيا المعلومات","c70c10e6-764c-4ec7-a7a4-e96d4e72d76d","True","False"
"4dbe15c2-0aba-4ead-8077-38ae047144fc","Number of Information Desks Equipped with Tourism Material","عدد مكاتب المعلومات المجهزة بالمواد السياحية","d4021384-4690-4a13-9ee6-fa63aef5d4f1","True","False"
"80806c6e-efe6-4ec6-90b6-38d3fb904a7e","Cost per Student (K-12 Public Schools)","تكلفة الطالب في المدارس الحكومية (رياض الأطفال – المرحلة الثانوية)","c70c10e6-764c-4ec7-a7a4-e96d4e72d76d","True","False"
"e58c0681-b58f-45e3-aa46-3924780f4fe6","Employment in the Sector","Employment in the Sector","c70c10e6-764c-4ec7-a7a4-e96d4e72d76d","True","False"
"f6dc97db-3e69-40e0-8aa3-3c45c928c7d5","Number of Visitors on the Visit Qatar website (M)","عدد زوار موقع Visit Qatar (بالملايين)","d4021384-4690-4a13-9ee6-fa63aef5d4f1","True","False"
"eda3b0a6-5414-4a9d-90f7-3c799942f198","Total Production of Vegetables Using Greenhouse (ton/year)","Dataset-4","d4021384-4690-4a13-9ee6-fa63aef5d4f1","True","False"
"4df50ace-410b-4eda-b82f-3d9d900b018a","NPPT dataset","NPPT dataset","a556e8f5-d8ed-42ed-8d48-73a69430781e","True","False"
"3290190b-c810-4cc6-8a34-3e5f92eb6073","Strengthen the role of technical and vocational education to prepare for the labor market","Strengthen the role of technical and vocational education to prepare for the labor market","d4021384-4690-4a13-9ee6-fa63aef5d4f1","True","False"
"79f364ea-1496-49eb-b80f-3ea336c6b428","Industrial Zones Development - Completion (%)","Industrial Zones Development - Completion (%)","a556e8f5-d8ed-42ed-8d48-73a69430781e","True","False"
"0bc2668c-f848-472f-ad2f-3fae07215bc9","Government Revenues Demo","Government Revenues Demo","a556e8f5-d8ed-42ed-8d48-73a69430781e","True","False"
"07aa489f-5cb5-4f17-9983-40457d05b57b","Expected GDP Impact in 2024-3","تأثير الناتج المحلي الإجمالي المتوقع في عام 2024-5","d4021384-4690-4a13-9ee6-fa63aef5d4f1","True","False"
"7d9d0822-a58e-422c-964a-40ce5836e462","Number of Companies Registered in the Stock Exchange-2","عدد الشركات المدرجة في البورصة-2","a556e8f5-d8ed-42ed-8d48-73a69430781e","True","False"
"588f1d52-9360-4f7e-845e-40d0ee88ea19","Business-funded BERD (as a proportion % of BERD)","نسبة إنفاق قطاع الأعمال الخاص على البحث والتطوير من إجمالي إنفاق الأعمال على البحث والتطوير","43193c15-058d-4124-a152-aec091e2f2b4","True","False"
"a94d04f9-2d22-4639-abf9-40f90b6b253c","Annual Revenue of each sector in the state's treasury","الإيراد السنوي لكل قطاع في خزينة الدولة","31c7e4b7-7d30-4576-b683-d5fc7aa05a6b","True","False"
"74ae8434-01b9-4261-bf55-4318abc7641d","Public Debt as a Function of GDP Demo","Public Debt as a Function of GDP Demo","a556e8f5-d8ed-42ed-8d48-73a69430781e","True","False"
"bc2992e3-4c08-482d-b2e7-4343aafed087","Value of Investment Projects-1","Value of Investment Projects-1","a556e8f5-d8ed-42ed-8d48-73a69430781e","True","False"
"0b521901-e5f0-43e7-af07-43e975bedf70","The Number of Hours Allocated for Learning and Development per Employee","عدد الساعات المخصصة للتعلم والتطوير لكل موظف","d4021384-4690-4a13-9ee6-fa63aef5d4f1","True","False"
"a0c2e90b-f288-4654-b732-448a2355654c","Share of High-Skilled White Collar (Agriculture)","نسبة الوظائف عالية المهارة من ذوي الياقات البيضاء (الزراعة)","c70c10e6-764c-4ec7-a7a4-e96d4e72d76d","True","False"
"2e4ba116-867a-4b33-abeb-44f5d633f009","Datasets-2","Datasets-1","d4021384-4690-4a13-9ee6-fa63aef5d4f1","True","False"
"782dfc08-1b17-4270-b041-45f05ca050ab","Value of Assets Under Management (QAR, bn)-2","قيمة الأصول من الشركات-2","a556e8f5-d8ed-42ed-8d48-73a69430781e","True","False"
"b74ef0a9-36d9-441b-aaee-4679f1d46355","Oil Revenues Demo","Oil Revenues Demo","a556e8f5-d8ed-42ed-8d48-73a69430781e","True","False"
"47613f79-40c4-4249-a406-469cbcb5eb1f","Gross Value Added (QAR, m)-2","القيمة المضافة الإجمالية (مليون ر.ق.)-1","a556e8f5-d8ed-42ed-8d48-73a69430781e","True","False"
"02fcdd46-0963-4e37-8af1-4770b516029f","Crop Yield - Vegetables, Open Field","إنتاجية المحاصيل - الخضراوات  ، الحقول المكشوفة","c70c10e6-764c-4ec7-a7a4-e96d4e72d76d","True","False"
"728b4978-dca3-4c29-aa89-477447a6af45","Qataris Graduating from STEM ( share of all Qataris graduates )","نسبة القطريين المتخرجين من تخصصات العلوم                   ، تكنولوجيا المعلومات                   ، الهندسة                   ، والرياضيات (نسبة من أصل جميع الخريجين القطريين)","c70c10e6-764c-4ec7-a7a4-e96d4e72d76d","True","False"
"d85057ea-8528-41ab-ad26-493cae930538","Value of contracts awarded from total public procurement (QAR billion)-2","Value of contracts awarded from total public procurement (QAR billion)-1","a556e8f5-d8ed-42ed-8d48-73a69430781e","True","False"
"186ef975-a9eb-4856-b724-498c182da2b2","Consideration metric of Qatar Tourism Brand Equity tracker (%)","مقياس تعقب حقوق الملكية في السياحة القطرية (٪)","d4021384-4690-4a13-9ee6-fa63aef5d4f1","True","False"
"ff490039-7788-4735-a608-49cff625e2b9","Datsets-1","Datsets-2","d4021384-4690-4a13-9ee6-fa63aef5d4f1","True","False"
"f4182665-b0ec-4a3e-a8fd-4a3070c2d653","Number of ICV-Certified companies-1","Number of ICV-Certified companies-1","a556e8f5-d8ed-42ed-8d48-73a69430781e","True","False"
"db61b0e2-9e23-40b4-81e6-4a6e4d2ccb3d","Airport Utilization","نسبة استغلال المطار","c70c10e6-764c-4ec7-a7a4-e96d4e72d76d","True","False"
"38467659-d279-4591-931e-4a6f17af6af5","Physically Active","النشطون بدنياً","43193c15-058d-4124-a152-aec091e2f2b4","True","False"
"03b6dab9-bdb3-4858-9727-4aa7bd3be850","Public Debt as a Percentage of GDP (%)","الدين العام  (نسبة من الناتج المحلي الإجمالي)","31c7e4b7-7d30-4576-b683-d5fc7aa05a6b","True","False"
"ae51b58e-b2a2-4619-9b0b-4ac435e5e00c","Satisfaction Score (NPS) of Ride-Hailing Services (Uber & Careem)","درجة الرضا عن خدمات النقل (أوبر وكريم)","d4021384-4690-4a13-9ee6-fa63aef5d4f1","True","False"
"481b0ca4-e2d5-4404-b795-4b629cb8f660","Number of Investor Leads-1","Number of Investor Leads-1","a556e8f5-d8ed-42ed-8d48-73a69430781e","True","False"
"298c3ba8-c463-43c9-a346-4be94d11990d","Approved Companies-1","المشاريع المعتمدة-2","a556e8f5-d8ed-42ed-8d48-73a69430781e","True","False"
"b70ea29b-7b99-4b8f-a9dc-4c8d924d5b63","Percentage of achievement in Freight Route Designing Guidebook","النسبة المئوية لإنجاز دليل تصميم طرق الشحن","a556e8f5-d8ed-42ed-8d48-73a69430781e","True","False"
"293496ae-5d13-4139-83a1-4d833396793b","Share of Qatari Teachers","نسبة المعلمين القطريين","c70c10e6-764c-4ec7-a7a4-e96d4e72d76d","True","False"
"1de97dd5-25aa-4bed-b4d7-4fbd3a3dd84b","Cost of living index by World Data","Cost of living index by World Data","a556e8f5-d8ed-42ed-8d48-73a69430781e","True","False"
"5aa26781-72fa-4b93-98a8-50354363663e","Percentage of energy generated by solar","نسبة الطاقة المولدة من الطاقة الشمسية","9e884d56-31ee-4708-b724-25bca42205c7","True","False"
"a597be99-ce19-4a2b-aee3-5073fc5e19ac","Credit Provided for Private Housing","Credit Provided for Private Housing - (QAR, Bn)-2","039b6f8d-fe85-4260-9dbe-8fb27db40c57","True","False"
"46a6014b-d34c-49b7-84e7-5104aa26e8ce","lusail dataset","lusail dataset","a556e8f5-d8ed-42ed-8d48-73a69430781e","True","False"
"240824df-0750-4dcc-bbd7-510767fbc575","Credit Provided to SMEs (QAR, Bn)","Credit Provided to SMEs (QAR, Bn)-2","a556e8f5-d8ed-42ed-8d48-73a69430781e","True","False"
"1ce28a27-bc22-428e-81c9-5153545dfbb2","ROI (Actual Received)","ROI (Actual Received) - (QAR, Bn)-1","039b6f8d-fe85-4260-9dbe-8fb27db40c57","True","False"
"2e13be6d-c715-46b9-a667-516a32953d55","Expected GDP Impact in 2023-2","تأثير الناتج المحلي الإجمالي المتوقع في عام 2023-8","d4021384-4690-4a13-9ee6-fa63aef5d4f1","True","False"
"61468c22-7760-407c-8ede-526158b42402","Labor Accommodation - Completion (%)","Labor Accommodation - Completion (%)","a556e8f5-d8ed-42ed-8d48-73a69430781e","True","False"
"306210b0-09af-4f3d-b6ee-526da56e0507","Raising the attainment levels and completion of stage","Raising the attainment levels and completion of stage","d4021384-4690-4a13-9ee6-fa63aef5d4f1","True","False"
"13fb8ac9-ce52-44ed-a70d-52fefe625ef2","Investment into the Sector (Transportation and Storage)","الاستثمار في القطاع (النقل والتخزين)","c70c10e6-764c-4ec7-a7a4-e96d4e72d76d","True","False"
"92e13384-3310-4618-9267-54590861d9b8","Percentage of completion of the implementation of the initiatives emanating from the ADP strategy","Percentage of completion of the implementation of the initiatives emanating from the ADP strategy","a556e8f5-d8ed-42ed-8d48-73a69430781e","True","False"
"f4a555df-92c1-417f-89b6-557d9cb7cfd0","Sector Jobs - Qataris","Sector Jobs - Qataris","9e884d56-31ee-4708-b724-25bca42205c7","True","False"
"f969efc8-92be-4f1b-9780-55c61b684a5e","Reduction of Non-urgent visits to Emergency Room","Reduction of Non-urgent visits to Emergency Room","d4021384-4690-4a13-9ee6-fa63aef5d4f1","True","False"
"1325bb77-6b21-472a-b0eb-55d5f6598d7c","Economic Complexity Index Ranking","Economic Complexity Index Ranking","a556e8f5-d8ed-42ed-8d48-73a69430781e","True","False"
"e4c7b92a-3430-4420-9658-56779bf1f51e","Percentage Increase in Annual Savings from The Public Healthcare Budget","Percentage Increase in Annual Savings from The Public Healthcare Budget","d4021384-4690-4a13-9ee6-fa63aef5d4f1","True","False"
"b7423a5a-03cc-43e2-a035-57ab9a8c95a8","Exports of Pharmaceuticals, Medical Devices and Consumables","الصادرات من المستحضرات الدوائية و الأجهزة و المواد الاستهلاكية الطبية","c70c10e6-764c-4ec7-a7a4-e96d4e72d76d","True","False"
"35227ee8-c158-4843-aae5-582d2f8bf0e5","Expected GDP Impact in 2023-4","تأثير الناتج المحلي الإجمالي المتوقع في عام 2023-6","d4021384-4690-4a13-9ee6-fa63aef5d4f1","True","False"
"0a55c9db-06e3-4c8c-be00-583ed9250462","Smoking Rate","معدل التدخين","43193c15-058d-4124-a152-aec091e2f2b4","True","False"
"5620107f-b4df-434f-8a21-58d344380e2e","Non-Hydrocarbon Government Revenues as Share of Government Revenues","نسبة الإيرادات الحكومية غير الهيدروكربونية من إجمالي الإيرادات الحكومية","e93a7eb3-66db-4869-9543-dad2ffa98e81","True","False"
"e60d03d5-8483-4b59-b23d-591013d8a4fb","Number of Returning Clients-1","Number of Returning Clients-1","039b6f8d-fe85-4260-9dbe-8fb27db40c57","True","False"
"6d7cf2e5-11f4-4ea7-afdf-59f5254a9592","GDP Growth Demo","GDP Growth Demo","a556e8f5-d8ed-42ed-8d48-73a69430781e","True","False"
"a77a475b-ec74-4c40-8465-5a256251c49f","Spend by MICE Travellers (M, QAR)","إنفاق المسافرين على الاجتماعات والحوافز والمؤتمرات والمعارض (مليون ريال قطري)","d4021384-4690-4a13-9ee6-fa63aef5d4f1","True","False"
"1f9967eb-270c-4194-bccb-5a5887a5ab5a","Percentage of Skilled Labor Out of the Total Labor Force-2","نسبة العمالة الماهرة من العمالة الإجمالية-1","a556e8f5-d8ed-42ed-8d48-73a69430781e","True","False"
"402144ab-15f4-44a1-872f-5aa37a2d9a42","Budget","Budget","a556e8f5-d8ed-42ed-8d48-73a69430781e","True","False"
"a11b07ab-b0fb-4043-8b5c-5ad6272935ad","CPI: recreation and culture (%)","CPI: recreation and culture (%)","a556e8f5-d8ed-42ed-8d48-73a69430781e","True","False"
"a40447a8-002a-4a9f-9bd7-5b5e1c4cf900","Number of Industrial Laws and Legislations Reviewed","عدد القوانين والتشريعات الصناعية التي تم مراجعتها ","a556e8f5-d8ed-42ed-8d48-73a69430781e","True","False"
"1b069add-ccd9-4ecf-bf96-5c01d4ad9dbe","Diabetes Rate","معدل داء السكري","43193c15-058d-4124-a152-aec091e2f2b4","True","False"
"46ed8339-423d-4d7b-96e6-5c2e392967d9","Number of Staff-2","عدد الموظفين-1","a556e8f5-d8ed-42ed-8d48-73a69430781e","True","False"
"6631b940-dc37-410c-9d52-5d295f5646f5","Number of Luxury Cruises Launched  ","عدد الرحلات البحرية الفاخرة التي تم إطلاقها","d4021384-4690-4a13-9ee6-fa63aef5d4f1","True","False"
"0ebe8714-be31-435c-ab08-5d6f90ff5a92","Regulatory Quality Index","مؤشر الجودة التنظيمية","e93a7eb3-66db-4869-9543-dad2ffa98e81","True","False"
"da27153d-3966-4f8b-a091-5f0331c55bb1","B-READY Index Rank","ترتيب دولة قطر في مؤشر جاهزية الأعمال","43193c15-058d-4124-a152-aec091e2f2b4","True","False"
"80ced017-8c1a-4013-a20e-5f3dcf6a0a7b","- Of which are partnerships-2","الاستثمارات  الرأسمالية  CAPEX الشراكات (مليون ر.ق.)-2","039b6f8d-fe85-4260-9dbe-8fb27db40c57","True","False"
"360e8845-c761-46a1-9c6f-5f6bbc0cf7e1","Number of Hospital Beds","عدد الأسرة في المستشفيات","c70c10e6-764c-4ec7-a7a4-e96d4e72d76d","True","False"
"baecbccc-de9c-4692-8bde-608652297f23","Project goals achievement percentage","نسبة تحقيق أهداف المشروع","a556e8f5-d8ed-42ed-8d48-73a69430781e","True","False"
"ad571512-2f76-4997-aec1-6107e12b97e2","Water Consumption","استهلاك المياه","c70c10e6-764c-4ec7-a7a4-e96d4e72d76d","True","False"
"9c434b4c-5870-4db9-bd23-61237dbe806b","Number of Expedition Cruises Launched ","عدد الرحلات الاستكشافية التي تم إطلاقها","d4021384-4690-4a13-9ee6-fa63aef5d4f1","True","False"
"a93deb49-8ed7-4153-989f-6165cfc351ef","Localizing educational jobs / attracting Qataris to the teaching profession","Localizing educational jobs / attracting Qataris to the teaching profession","d4021384-4690-4a13-9ee6-fa63aef5d4f1","True","False"
"4dccb98b-1210-4059-8d44-62cede315142","Electronic System","نظام إلكتروني","d4021384-4690-4a13-9ee6-fa63aef5d4f1","True","False"
"b5e3dac4-7e41-4574-a88c-64fe01074ead","Expected GDP Impact in 2024-5","تأثير الناتج المحلي الإجمالي المتوقع في عام 2024-4","d4021384-4690-4a13-9ee6-fa63aef5d4f1","True","False"
"c937c98f-88c0-4c71-aa03-651441969e5d","Number of Medical Tourists","عدد زوّار السياحة العلاجية","c70c10e6-764c-4ec7-a7a4-e96d4e72d76d","True","False"
"bedd19af-3816-4d61-a096-657361eb6d00","Transportation and logistics Projects: Completion (%)","Transportation and logistics Projects: Completion (%)","a556e8f5-d8ed-42ed-8d48-73a69430781e","True","False"
"7bbe1254-b6c1-41d8-afa5-664374b4330b","Datasets-6","Datasets-3","d4021384-4690-4a13-9ee6-fa63aef5d4f1","True","False"
"9229663a-6caa-480d-876b-66b1f05549af","Expenditure Breakdown","تفصيل الإنفاق","5c103a27-3fbf-4115-a3a8-98ad20d19599","True","False"
"a55f669f-7fb2-4e7f-9480-66ba74955dbc","Benchmark - Government Revenues ","Benchmark - Government Revenues ","a556e8f5-d8ed-42ed-8d48-73a69430781e","True","False"
"5d3c4de2-2bae-4adb-aed9-6746684b0d41","The indicators associated with each of the following outputs","المؤشرات المرتبطة بكل مُخرج من المُخرجات الآتية","a556e8f5-d8ed-42ed-8d48-73a69430781e","True","False"
"b00e50d8-c84d-46ab-acbb-680cccb79980","Qatari Nationals (Economically Active)","تعداد القطريين (النشيطون اقتصاديًا)","e93a7eb3-66db-4869-9543-dad2ffa98e81","True","False"
"e5a8665a-2a4b-495f-8a1d-68897d50834f","CPI: housing, water, electricity, gas and other fuels (%)","CPI: housing, water, electricity, gas and other fuels (%)","a556e8f5-d8ed-42ed-8d48-73a69430781e","True","False"
"b0583f71-1f8d-4a75-a4b6-69fd0f3f7329","Number of Granted Incentives-2","صفقات حوافز تحت المراجعة والتقييم-2","a556e8f5-d8ed-42ed-8d48-73a69430781e","True","False"
"91095a12-a7a1-463e-8596-6a621252b0bf","The Participation Rate of Qataris","معدل مشاركة القطريين","d4021384-4690-4a13-9ee6-fa63aef5d4f1","True","False"
"d38b581e-863e-4c81-885c-6a7bec65b6dc","Datasets-1","Datasets-6","d4021384-4690-4a13-9ee6-fa63aef5d4f1","True","False"
"b4eddc00-38bc-46dc-84b4-6b0049520128","Project goals achievement percentage for APD Strategy","Project goals achievement percentage for APD Strategy","a556e8f5-d8ed-42ed-8d48-73a69430781e","True","False"
"582d0795-2243-4c42-bab9-6b4eae7bacec","حجم القدرات اللوجستية التي تخدم المتطلبات لحركة وتخزين مختلف البضائع التجارية","حجم القدرات اللوجستية التي تخدم المتطلبات لحركة وتخزين مختلف البضائع التجارية","d4021384-4690-4a13-9ee6-fa63aef5d4f1","True","False"
"b41ed059-b8f1-41a1-b01e-6b9b27de5042","Percentage of achievement in the GIS Portal","النسبة المئوية لإنجاز بوابة نظام المعلومات الجغرافية ","a556e8f5-d8ed-42ed-8d48-73a69430781e","True","False"
"491f4d60-13c3-41ff-abad-6be06538f2f2","Mo – Economic Complexity Index Ranking","Mo – Economic Complexity Index Ranking","a556e8f5-d8ed-42ed-8d48-73a69430781e","True","False"
"01f6d6de-f780-41ce-8cbf-6c6dc9a3f89d","Number of trained local workforce (#)-2","Number of trained local workforce (#)-1","a556e8f5-d8ed-42ed-8d48-73a69430781e","True","False"
"6a94bf79-5225-4696-ac38-6c9fd1736fd0","Share of High Skilled Qatari","نسبة الوظائف عالية المهارة من القطريين","c70c10e6-764c-4ec7-a7a4-e96d4e72d76d","True","False"
"03eeede4-b055-4157-9a5d-6e06a4b3b498","Percentage of achievement in data collection","النسبة المئوية لإنجاز جمع البيانات","a556e8f5-d8ed-42ed-8d48-73a69430781e","True","False"
"22772bd5-8959-454b-9672-6e1222215be5","Total Expenditure on Health Services from Medical Tourism","إجمالي الإنفاق على الخدمات الصحية من السياحة العلاجية","c70c10e6-764c-4ec7-a7a4-e96d4e72d76d","True","False"
"aca9bf5c-deb3-4a6c-be5b-6e17aeb860ce","Number of Jobs Created-1","Number of Jobs Created-1","a556e8f5-d8ed-42ed-8d48-73a69430781e","True","False"
"f40c099b-fe38-4c0c-ab6b-6f482504ba41","Qatar Fertilizer and Ammonia Exports","صادرات الأسمدة والأمونيا القطرية","5c103a27-3fbf-4115-a3a8-98ad20d19599","True","False"
"1c099eff-96cf-4824-8690-6f58e4f2c8a1","Expected GDP Impact in 2024-8","تأثير الناتج المحلي الإجمالي المتوقع في عام 2024-2","d4021384-4690-4a13-9ee6-fa63aef5d4f1","True","False"
"f362f78d-881e-449f-b61b-707bc0c3fa0d","Total Estimated Budget","Total Estimated Budget","d4021384-4690-4a13-9ee6-fa63aef5d4f1","True","False"
"1cf730cb-b956-4e05-abbd-7105f5446d92","Expected GDP Impact in 2022-6","تأثير الناتج المحلي الإجمالي المتوقع في عام 2022-3","d4021384-4690-4a13-9ee6-fa63aef5d4f1","True","False"
"4fa16aa1-9110-4968-b5d4-728a24fbf144","Real Estate Transactions","إجمالي حجم المعاملات العقارية","31c7e4b7-7d30-4576-b683-d5fc7aa05a6b","True","False"
"00ed77ae-fd9a-46fe-bb6f-73aa8def580f","Datasets-5","Datasets-2","d4021384-4690-4a13-9ee6-fa63aef5d4f1","True","False"
"28b3da82-9bc7-4aae-88de-73c69495a33d","Total Number of Active Companies-1","إجمالي الشركات النشطة-1","a556e8f5-d8ed-42ed-8d48-73a69430781e","True","False"
"42e49847-b2b4-4798-9f37-7550a4c364ed","Number of Events-1","Number of Events-2","a556e8f5-d8ed-42ed-8d48-73a69430781e","True","False"
"13262750-1a55-4af5-8b27-76570645d786","Number of Health Practitioners","عدد ممارسي مهنة الطب","c70c10e6-764c-4ec7-a7a4-e96d4e72d76d","True","False"
"7bc7b9a4-8c6b-432d-b55e-767df6f6886a","Foreign Investments into the Sector","الاستثمار الأجنبي في القطاع","c70c10e6-764c-4ec7-a7a4-e96d4e72d76d","True","False"
"46de1ee0-55ea-4990-ad02-76937f4c7c75","CPI: education (%)","CPI: education (%)","a556e8f5-d8ed-42ed-8d48-73a69430781e","True","False"
"d5b90910-0224-4d72-9a42-77664d400101","State Budget Performance","أداء ميزانية الولاية","5c103a27-3fbf-4115-a3a8-98ad20d19599","True","False"
"cd5598a6-6ef5-45eb-9cad-793af4de85fc","Developing human cadres in the educational field","Developing human cadres in the educational field","d4021384-4690-4a13-9ee6-fa63aef5d4f1","True","False"
"03f0db40-f84b-4b9e-8087-79b0d0a82170","The indicators associated with each of the following outputs for PS Strategy","The indicators associated with each of the following outputs for PS Strategy","a556e8f5-d8ed-42ed-8d48-73a69430781e","True","False"
"1336b40f-d0e0-431b-8212-7a8302bdeaba","Time Performance Indicator ","مؤشر الأداء الزمني","a556e8f5-d8ed-42ed-8d48-73a69430781e","True","False"
"585e5297-a7cd-4919-bcea-7ad79470f218","Manufacturing Projects - Completion (%)","Manufacturing Projects - Completion (%)","a556e8f5-d8ed-42ed-8d48-73a69430781e","True","False"
"9ec9c10c-481c-4fbb-8cf2-7b1c629c0886","Share of High-Skilled Blue Collar (Manufacturing)","نسبة الوظائف عالية المهارة من ذوي الياقات الزرقاء (الصناعات التحويلية)","c70c10e6-764c-4ec7-a7a4-e96d4e72d76d","True","False"
"4037f373-bf35-44e1-a902-7bb3dd8c4a91","US Tariff-1","التعريفة الجمركية الأمريكية-1","c70c10e6-764c-4ec7-a7a4-e96d4e72d76d","True","False"
"2638abb1-294b-491f-8c8c-7c4d50e39934","Exports (QAR, bn)","Exports (QAR, bn)","9e884d56-31ee-4708-b724-25bca42205c7","True","False"
"1892f6f6-16ad-4839-acc3-7c4f1bfe4a5b","- Of which are local-2","القيمة المضافة الإجمالية GVA المحلية (مليون ر.ق.)-2","039b6f8d-fe85-4260-9dbe-8fb27db40c57","True","False"
"2df5d437-e6cc-4fa5-9c4f-7cf259102cef","Net Enrolment Rate in Technical and Vocational Education (TVET)","صافي معدل الالتحاق بالتعليم التقني والتدريب المهني ","d4021384-4690-4a13-9ee6-fa63aef5d4f1","True","False"
"f839de6c-8c92-40f6-a887-7edb63732039","Approved Companies-2","المشاريع المعتمدة-1","039b6f8d-fe85-4260-9dbe-8fb27db40c57","True","False"
"20a5a471-5083-4dfa-b767-7f22f3fee8f2","Annual Budget Allocation per Sector from the Total Budget","الحصة السنوية المخصصة لكل قطاع من اجمالي الموازنة","31c7e4b7-7d30-4576-b683-d5fc7aa05a6b","True","False"
"583f5929-cde6-4c21-ba13-7fc2cd2258b4","Number of trained local workforce (#)-1","Number of trained local workforce (#)-2","a556e8f5-d8ed-42ed-8d48-73a69430781e","True","False"
"d01a3fc4-9117-43fc-8314-7fdfa7a3f440","Percentage of implementation of initiatives emanating from the PS strategy","Percentage of implementation of initiatives emanating from the PS strategy","a556e8f5-d8ed-42ed-8d48-73a69430781e","True","False"
"39435b10-9ec2-43c6-afe1-807b4e4fcf4a","Percentage of completion of the preparation of integrated systems","نسبة الإنجاز في إعداد النُّظُم المتكاملة","a556e8f5-d8ed-42ed-8d48-73a69430781e","True","False"
"50df01f3-d291-4a94-bd6f-8087df24aa8a","Share of Students Who Have Completed University Education As a Percentage of Total Post-Secondary Students - Qatari","نسبة الطلبة الذين أكملوا التعليم الجامعي كنسبة من إجمالي طلبة ما بعد المرحلة الثانوية - قطريين","c70c10e6-764c-4ec7-a7a4-e96d4e72d76d","True","False"
"748df6c6-a0bd-4557-8a24-815bf8ff7161","Share of High-Skilled Jobs","نسبة الوظائف عالية المهارة","c70c10e6-764c-4ec7-a7a4-e96d4e72d76d","True","False"
"96a28a1c-2d95-4e21-9b19-819bc538d375","Yearly growth of sector operating entities (%)","Yearly growth of sector operating entities (%)","9e884d56-31ee-4708-b724-25bca42205c7","True","False"
"e5b9ff95-b834-4457-80c2-81bbd2982738","Percentage of completion of the systems environment","النسبة المئوية لاستكمال بيئة النُظُم","a556e8f5-d8ed-42ed-8d48-73a69430781e","True","False"
"5df7fa1f-fafe-40e3-9b61-8251c56f8ed0","Satisfaction Score (NPS) of Domestic Tourism","درجة الرضا عن السياحة الداخلية","d4021384-4690-4a13-9ee6-fa63aef5d4f1","True","False"
"e7b61ac2-ebf2-4ac2-ace9-832381a4faba","Number of Investor Leads-2","Number of Investor Leads-2","039b6f8d-fe85-4260-9dbe-8fb27db40c57","True","False"
"c1392d7e-8305-4df3-8b74-83b9cc78cff2","Number of Non-Qatari Jobs (Financial and Insurance Activities)","عدد الوظائف لغير القطريين(الأنشطة المالية وأنشطة التأمين)","c70c10e6-764c-4ec7-a7a4-e96d4e72d76d","True","False"
"01772ba0-d269-4063-ab49-83bfe9e1659e","Expected GDP Impact in 2024-7","تأثير الناتج المحلي الإجمالي المتوقع في عام 2024-1","d4021384-4690-4a13-9ee6-fa63aef5d4f1","True","False"
"06fe4f3b-2c91-445a-9e1b-8681a8d4039d","- Of which are partnerships-6","القيمة المضافة الإجمالية GVA الشراكات (مليون ر.ق.)-1","039b6f8d-fe85-4260-9dbe-8fb27db40c57","True","False"
"86594479-99ef-41d1-a94d-86da7ed9fb53","Gross Value Added GVA (QAR, m)-1","القيمة المضافة الإجمالية GVA الإجمالية (مليون ر.ق.)-2","a556e8f5-d8ed-42ed-8d48-73a69430781e","True","False"
"d46cb030-8ab8-4fd2-a072-870f15d267e4","Expected GDP Impact in 2021-5","تأثير الناتج المحلي الإجمالي المتوقع في عام 2021-5","d4021384-4690-4a13-9ee6-fa63aef5d4f1","True","False"
"2e6a63ba-6fd6-4276-8079-87123cbd813d","Value of investments in fixed assets (QAR billion)-2","Value of investments in fixed assets (QAR billion)-2","a556e8f5-d8ed-42ed-8d48-73a69430781e","True","False"
"c59809ec-7685-460d-aa1e-875b2f1a713e","Leased Area (square meters)-2","المساحة المؤجرة (متر مربع)-1","a556e8f5-d8ed-42ed-8d48-73a69430781e","True","False"
"dce52566-4595-40f2-b329-884d612aff57","Share of Students Who Have Completed University Education As a Percentage of Total Post-Secondary Students - Overall","نسبة الطلبة الذين أكملوا التعليم الجامعي كنسبة من إجمالي طلبة ما بعد المرحلة الثانوية - بشكل عام","c70c10e6-764c-4ec7-a7a4-e96d4e72d76d","True","False"
"299107d1-5b9b-4261-b46c-88cddbab7230","Export Time","الوقت المستغرق للتصدير","c70c10e6-764c-4ec7-a7a4-e96d4e72d76d","True","False"
"72dfda0a-c85b-46f3-9f42-895481beccdb","Total Investments (QAR, m)-2","الاستثمارات الإجمالية (مليون ر.ق.)-1","a556e8f5-d8ed-42ed-8d48-73a69430781e","True","False"
"6d35354a-faa5-44a2-9c55-8a09bdf54339","Ensuring the well-being and quality of life of the student","Ensuring the well-being and quality of life of the student","d4021384-4690-4a13-9ee6-fa63aef5d4f1","True","False"
"9c9544d1-acd2-44e2-afb8-8a57a29a1ad8","Number of licensed FinTech & InsurTech players","عدد شركات التكنولوجيات المالية وتكنولوجيات التأمين المرخصة","c70c10e6-764c-4ec7-a7a4-e96d4e72d76d","True","False"
"e08b675e-6d35-4b72-b7f0-8b934e91b9ba","Number of Companies Registered in the Stock Exchange-1","عدد الشركات المدرجة في البورصة-1","039b6f8d-fe85-4260-9dbe-8fb27db40c57","True","False"
"d1ef9ef5-aa9a-4132-a04b-8cf63fe8387e","Share of high-skilled labor - Qataris","نسبة الوظائف عالية المهارة من إجمالي الوظائف في القطاع - القطريين","c70c10e6-764c-4ec7-a7a4-e96d4e72d76d","True","False"
"d8aea3ca-590f-45ff-8fe8-8dee9e1ac1ab","Identify and develop investment opportunities in PE and PVC by 2026","تحديد وتطوير على الاقل فرصة استثمارية  في مجال البولي إيثيلين و كلوريد البوليفينيل بحلول عام 2026","d4021384-4690-4a13-9ee6-fa63aef5d4f1","True","False"
"a53d012f-d31e-499e-aac4-8e0028f65a15","Total Number of Active Companies-2","إجمالي الشركات النشطة-2","039b6f8d-fe85-4260-9dbe-8fb27db40c57","True","False"
"e6f42ea3-2943-48dc-a4fb-8e2db81927dc","Number of large companies targeted","عدد الشركات الكبرى المستهدفة ","d4021384-4690-4a13-9ee6-fa63aef5d4f1","True","False"
"e9caea54-eaa9-4d0b-bad1-8e3af72b8366","Consumer price index (%)","Consumer price index (%)","a556e8f5-d8ed-42ed-8d48-73a69430781e","True","False"
"c3103182-26b4-4fe9-8efa-8f65a971939c","Professional Services Exports","Professional Services Exports","c70c10e6-764c-4ec7-a7a4-e96d4e72d76d","True","False"
"51368573-51d8-473d-8cb2-90583eca0531","Enhancing and empowering students with the 21st century skills","Enhancing and empowering students with the 21st century skills","d4021384-4690-4a13-9ee6-fa63aef5d4f1","True","False"
"093cdd96-6d1b-4ccf-af63-90eebf859ec4","- Of which are foreign-2","عدد الشركات (الأجنبية)-1","039b6f8d-fe85-4260-9dbe-8fb27db40c57","True","False"
"3fda10c5-4272-4db4-9026-9210a9d7a220","Yearly growth of sector operating entities: yearly closures (%)","Yearly growth of sector operating entities: yearly closures (%)","9e884d56-31ee-4708-b724-25bca42205c7","True","False"
"1708ac18-eea4-427a-9eb6-921333bd5174","Share of Qataris in High-Skilled White Collar","نسبة القطريين في وظائف المهارات العالية من ذوي الياقات البيضاء","c70c10e6-764c-4ec7-a7a4-e96d4e72d76d","True","False"
"7d9d6893-173f-41a1-b230-92a448c02c8f","SME's in operation for a minimum of four years (%)","SME's in operation for a minimum of four years (%)","9e884d56-31ee-4708-b724-25bca42205c7","True","False"
"6bd745d9-075f-4559-95a7-92c7fd71e939","US Tariff","التعريفة الجمركية - الأمريكية","c70c10e6-764c-4ec7-a7a4-e96d4e72d76d","True","False"
"e27e2984-0c6f-4a8a-9f08-92f674fed601","Reduction of Outpatient Visits to Hospitals","Reduction of Outpatient Visits to Hospitals","d4021384-4690-4a13-9ee6-fa63aef5d4f1","True","False"
"fab1cf13-bdb0-401d-917f-93247c7e94c7","Sector Contribution to GDP (Training)","مساهمة القطاع في الناتج المحلي الإجمالي (تدريب قطاع )","c70c10e6-764c-4ec7-a7a4-e96d4e72d76d","True","False"
"2b6478ba-a05a-4675-ba4d-93845807a375","Number of  International delegates won (k)","عدد المندوبين الدوليين الفائزين","d4021384-4690-4a13-9ee6-fa63aef5d4f1","True","False"
"f29e14ed-d359-4ca6-b84f-9490a3dbcfce","Number of Followers of Visit Qatar & Qatar Calendar Accounts Across all Social Media Platforms (M)","عدد المتابعين الذين زاروا حسابات Visit Qatar & Qatar Calendar عبر جميع منصات التواصل الاجتماعي (مليون)","d4021384-4690-4a13-9ee6-fa63aef5d4f1","True","False"
"6cd0addd-9526-4beb-9486-953aceed64d2","Number of Online Engagements-1","Number of Online Engagements-2","a556e8f5-d8ed-42ed-8d48-73a69430781e","True","False"
"8d4e41e6-5078-4876-bb0d-9542039d6b22","CPI: health (%)","CPI: health (%)","a556e8f5-d8ed-42ed-8d48-73a69430781e","True","False"
"b2e5691f-489b-4954-a132-95c9a1ff2a13","Expected GDP Impact in 2024-2","تأثير الناتج المحلي الإجمالي المتوقع في عام 2024-7","d4021384-4690-4a13-9ee6-fa63aef5d4f1","True","False"
"506e331e-3360-4ee8-bf67-968c2b70e423","Datsets-2","Datsets-1","d4021384-4690-4a13-9ee6-fa63aef5d4f1","True","False"
"11002925-a327-4b01-a247-97bf8aa9c668","حجم القدرة الاستيعابية للمستودعات الجمركية في المطارات","حجم القدرة الاستيعابية للمستودعات الجمركية في المطارات","d4021384-4690-4a13-9ee6-fa63aef5d4f1","True","False"
"7c528762-1b32-4819-a637-98038ff9ecc7","Credit Provided for Private Housing - (QAR, Bn)","Credit Provided for Private Housing - (QAR, Bn)-1","a556e8f5-d8ed-42ed-8d48-73a69430781e","True","False"
"67c9c47f-edd3-4ef8-bded-982427be70ed","Total Production of Organic Fertilizer (ton/year)","Dataset-8","d4021384-4690-4a13-9ee6-fa63aef5d4f1","True","False"
"432d7a5b-7e06-4e97-be1f-98a0d8a2d7b3","Attract at least one global company in the field of rolling mills, die casting (especially for automotive components), repair and maintenance by 2029","استقطاب شركة عالمية واحدة على الأقل في مجال مصانع الدرفلة وصب القوالب(خاصة لمكونات السيارات) والإصلاح والصيانة بحلول العام 2029","d4021384-4690-4a13-9ee6-fa63aef5d4f1","True","False"
"50ef8a16-7bf5-4d52-8093-98a9cd898b26","Top issues/obstacles","Top issues/obstacles","a556e8f5-d8ed-42ed-8d48-73a69430781e","True","False"
"eb8cf7d4-9457-4481-91b9-98f568113a19","Annual write-off rate-1","Annual write-off rate-1","039b6f8d-fe85-4260-9dbe-8fb27db40c57","True","False"
"711ab844-ce8b-4899-9a84-990d570d89ed","Gross Value Added (QAR, m)-1","القيمة المضافة الإجمالية (مليون ر.ق.)-2","039b6f8d-fe85-4260-9dbe-8fb27db40c57","True","False"
"b3081714-bb56-44aa-8634-99236a47c31c","Qatar Share of Global Strategic Commodity Supply","حصة قطر من الإمدادات العالمية للسلع الاستراتيجية","5c103a27-3fbf-4115-a3a8-98ad20d19599","True","False"
"2c6b666e-211a-46ad-bf71-9a38a4ca051f","Regulatory Quality Index Rank","ترتيب دولة قطر في مؤشر جودة التنظيم","43193c15-058d-4124-a152-aec091e2f2b4","True","False"
"4a68ffd6-e2ee-4b36-b5ef-9b32f7556cdd","Identify and develop one investment opportunity in the fields of specialty chemicals, 3D Printing for spare parts, and advanced maintenance Center by 2028","تحديد عًلى اًلاقل فًرصة اًستثمارية واحدة فًًي مًجالات اًلكيماويات اًلمتخصصة وًالطباعةً ثلاثية اًلأبعاد لًقطع اًلغيار وًمركز اًلصيانة اًلمتقدم بًحلول عًامً 2028","d4021384-4690-4a13-9ee6-fa63aef5d4f1","True","False"
"a29f2b95-2ed0-4832-bc3e-9bcf5692a18d","Sector jobs - non Qataris","Sector jobs - non Qataris","9e884d56-31ee-4708-b724-25bca42205c7","True","False"
"19074f95-570d-42c1-a85a-9c08cbfbd2d6","Production in Greenhouses, Overall","الإنتاج في البيوت المحمية","c70c10e6-764c-4ec7-a7a4-e96d4e72d76d","True","False"
"71419bc1-961f-4abd-8dcb-9c0fb5c644f8","Percentage of Qataris Employed in the Joint and Private Sectors","نسبة القطريين الموظفين في القطاعين المشترك والخاص","d4021384-4690-4a13-9ee6-fa63aef5d4f1","True","False"
"430b8ddc-3e5f-4281-b65e-9c877c2b6647","Number of factories with value-added industries","عدد المصانع ذات صناعات القيمة المضافة","d4021384-4690-4a13-9ee6-fa63aef5d4f1","True","False"
"53574fcb-7d29-47f5-819d-9e0847e1eb4e","Percentage of In-Country Value (%)-1","Percentage of In-Country Value (%)-1","a556e8f5-d8ed-42ed-8d48-73a69430781e","True","False"
"5a01bc5f-4346-45d1-9b5b-9ea53fbde92c","Number of Agreements and MOUs-2","Number of Agreements and MOUs-2","039b6f8d-fe85-4260-9dbe-8fb27db40c57","True","False"
"baa02dc2-7b71-4336-a36c-9ed00c23bc37","Capital Investments (QAR, m)-1","الاستثمارات الرأسمالية (مليون ر.ق.)-1","039b6f8d-fe85-4260-9dbe-8fb27db40c57","True","False"
"0bec94e2-452d-4992-a7c9-a1131d3f5f54","Expected GDP Impact in 2024-6","تأثير الناتج المحلي الإجمالي المتوقع في عام 2024-3","d4021384-4690-4a13-9ee6-fa63aef5d4f1","True","False"
"ed525c0c-3f4f-4e06-8af3-a209c9e559b6","Return on Treasury","الإيراد في خزينة الدولة","31c7e4b7-7d30-4576-b683-d5fc7aa05a6b","True","False"
"090fa235-5f41-4a3b-8ccf-a21060b54dec","Number of Training Hours Undertaken by QT Staff","عدد ساعات التدريب التي قام بها موظفو قطر للسياحة","d4021384-4690-4a13-9ee6-fa63aef5d4f1","True","False"
"7e628478-db9d-4288-85a0-a321e6f268a0","Inflation Demo","Inflation Demo","a556e8f5-d8ed-42ed-8d48-73a69430781e","True","False"
"32a62247-fdff-4032-b3bb-a4f438bbe26f","Share of Qataris enrolled in Government Schools out of the Total Number of Qataris in State Schools (Public and Private)","نسبة القطريين الملتحقين بالمدارس الحكومية من مجموع القطريين في مدارس الدولة (الحكومية والخاصة)","c70c10e6-764c-4ec7-a7a4-e96d4e72d76d","True","False"
"1300df0d-32f5-4c17-8135-a53ed4e3317b","Dataset-3","Dataset-9","d4021384-4690-4a13-9ee6-fa63aef5d4f1","True","False"
"46f92d91-00e9-450b-8a7d-a55c68cfaf52","Contribution to GDP (QAR, bn)","Contribution to GDP (QAR, bn)","9e884d56-31ee-4708-b724-25bca42205c7","True","False"
"9f1b0ba8-2225-4f3e-973f-a5cf045627a9","Vessel Transit Activity","نشاط عبور السفن","5c103a27-3fbf-4115-a3a8-98ad20d19599","True","False"
"fe35202c-4fb7-4943-baa3-a65c4e61acd9","Summer dataset","Summer dataset","a556e8f5-d8ed-42ed-8d48-73a69430781e","True","False"
"e6ceb7d8-349f-4b67-8fb0-a67413fd8cac","Annual Growth in Labor Productivity","معدل النمو السنوي في إنتاجية العاملين","c70c10e6-764c-4ec7-a7a4-e96d4e72d76d","True","False"
"48ff2a81-3368-4b30-b401-a6afb6010731","Dataset-4","Dataset-3","a556e8f5-d8ed-42ed-8d48-73a69430781e","True","False"
"101d78b4-f632-48b3-988b-a6ed06972634","Number of Pax for Cruise Embarkations Ex Doha (K)","عدد ركاب الرحلات البحرية خارج الدوحة (بالآلاف)","d4021384-4690-4a13-9ee6-fa63aef5d4f1","True","False"
"e304245c-aeb4-42aa-810e-a6f38fe9c553","Value of investments in fixed assets (QAR billion)-1","Value of investments in fixed assets (QAR billion)-1","a556e8f5-d8ed-42ed-8d48-73a69430781e","True","False"
"7be4ecb2-9e4d-4f11-a880-a808e33e6201","Datasets-3","Datasets-4","d4021384-4690-4a13-9ee6-fa63aef5d4f1","True","False"
"3b2f2717-e12a-4e9c-95f5-a8d1a197e94d","Number of new requests to amend or change relevant legislation","عدد الطلبات الجديدة لتعديل أو تغير تشريعات ذات علاقة","d4021384-4690-4a13-9ee6-fa63aef5d4f1","True","False"
"18f1ee7f-8a9a-4523-9dcb-a8e4755a5b93","Monthly Change in Nominal Price Index","التغير الشهري في مؤشر الأسعار الاسمي","5c103a27-3fbf-4115-a3a8-98ad20d19599","True","False"
"238b93b0-369a-4794-9ada-a98f6eef951f","Expected GDP Impact in 2021-2","تأثير الناتج المحلي الإجمالي المتوقع في عام 2021-8","d4021384-4690-4a13-9ee6-fa63aef5d4f1","True","False"
"6a5ec7be-014a-400d-9320-aab976599654","The Economic Participation Rate of People with Disabilities","معدل المشاركة الاقتصادية لذوي الإعاقة","d4021384-4690-4a13-9ee6-fa63aef5d4f1","True","False"
"9cdc12aa-31a0-4ea1-8ff5-ac0688c72401","National Budget","الموازنة العامة للدولة","31c7e4b7-7d30-4576-b683-d5fc7aa05a6b","True","False"
"16fc2062-5aa3-4b08-82c1-ac56a1d5f72e","Total Number of Fattened Sheep and Goat","Dataset-6","d4021384-4690-4a13-9ee6-fa63aef5d4f1","True","False"
"07b1aacd-b1d2-4c9e-8f28-ada49f4ceff5","The Percentage of Citizens Participating in Successful Entrepreneurial Projects","نسبة المواطنين المشاركين في مشاريع ريادة أعمال ناجحة","d4021384-4690-4a13-9ee6-fa63aef5d4f1","True","False"
"41be0365-de61-4267-b272-aea1f178b5dc","Number of Returning Clients-2","Number of Returning Clients-2","a556e8f5-d8ed-42ed-8d48-73a69430781e","True","False"
"63eaf2c5-952e-4eca-9b1d-aea65c65e92e","A road map linking the free zones and all ports","خارطة طرق تربط بين المناطق الحرة وجميع المنافذ","d4021384-4690-4a13-9ee6-fa63aef5d4f1","True","False"
"b71b1861-2237-46d4-bb7c-af106b561cd4","Expected GDP Impact in 2022-7","تأثير الناتج المحلي الإجمالي المتوقع في عام 2022-2","d4021384-4690-4a13-9ee6-fa63aef5d4f1","True","False"
"4e923d8d-220e-4f8a-afb8-b073c9f6fb67","Investments into the Sector","الاستثمار في القطاع","c70c10e6-764c-4ec7-a7a4-e96d4e72d76d","True","False"
"921f9e0c-0001-4655-b7bd-b1298dc52c05","Labor Productivity Growth in Non-Hydrocarbon Sectors","نمو إنتاجية العاملين في القطاعات غير الهيدروكربونية","e93a7eb3-66db-4869-9543-dad2ffa98e81","True","False"
"b986244e-f9b6-4e22-ab4b-b13601493b7b","Share of Licensed Doctors Employed in Private Sector","نسبة الأطباء المرخصين العاملين بالقطاع الخاص","c70c10e6-764c-4ec7-a7a4-e96d4e72d76d","True","False"
"9439d25c-e03c-4587-882f-b2d4255602c6","Value of Investment Projects-2","Value of Investment Projects-2","039b6f8d-fe85-4260-9dbe-8fb27db40c57","True","False"
"b38962c9-acda-4bd3-9bb9-b51e3365d6d0","Private Sector Investment into the Sector (Health)","استثمار القطاع الخاص في القطاع(الرعاية الصحية)","c70c10e6-764c-4ec7-a7a4-e96d4e72d76d","True","False"
"7556d829-35c1-4fae-8166-b577e483c0b5","Number of Business Travellers for MICE (K)","عدد المسافرين من رجال الأعمال لحضور الاجتماعات والحوافز والمؤتمرات والمعارض (بالآلاف)","d4021384-4690-4a13-9ee6-fa63aef5d4f1","True","False"
"96e0dd17-24d8-4da1-9588-b661f53b928f","Expected GDP Impact in 2022-4","تأثير الناتج المحلي الإجمالي المتوقع في عام 2022-5","d4021384-4690-4a13-9ee6-fa63aef5d4f1","True","False"
"5893c1b0-ca0d-42b4-a410-b7104a28f3dd","Crop Yield  - Overall","إنتاجية المحاصيل","c70c10e6-764c-4ec7-a7a4-e96d4e72d76d","True","False"
"eb4e7cc9-79d1-4925-9cfa-b84d4073783c","Dataset-2","Dataset-7","a556e8f5-d8ed-42ed-8d48-73a69430781e","True","False"
"d15da8b2-498d-4d74-b4f9-b86a1325e0fc","Increase private sector industrial investment by QAR 14.5 bn in the period from 2023 to 2030","زيادة الاستثمار الصناعي الخاص بمبلغ 14.5 مليار ر.ق في الفترة من 2023 - 2030","d4021384-4690-4a13-9ee6-fa63aef5d4f1","True","False"
"55052d6e-cbd7-4fd0-9860-b90b4c617a55","Qatar's Helium Production Overtime","إنتاج قطر من الهيليوم على مر الوقت","5c103a27-3fbf-4115-a3a8-98ad20d19599","True","False"
"b52d07b6-496e-4349-9402-ba0f7e231e1d","hotels dataset","hotels dataset","a556e8f5-d8ed-42ed-8d48-73a69430781e","True","False"
"4892d0e2-28fc-4574-b43d-ba4abf8806d7","Active Licenses for Hotels (%)","التراخيص النشطة للفنادق (٪)","d4021384-4690-4a13-9ee6-fa63aef5d4f1","True","False"
"2bcc3c02-5cdd-49d6-b383-badd008c63af","Value of VC deals directed to Qatar-based start-ups (as a % of GDP)","قيمة صفقات رأس المال الاستثماري الموجهة إلى الشركات الناشئة في قطر","43193c15-058d-4124-a152-aec091e2f2b4","True","False"
"7870a7cd-a5e4-44dc-80c5-bb5282c0b8bc","Sovereign Fund Asset Size and Annual Returns","حجم أصول الصندوق السيادي والعائد الاستثماري السنوي","e93a7eb3-66db-4869-9543-dad2ffa98e81","True","False"
"fbc026d8-0168-4b85-be7c-bb802cd8183a","Number of Trained and Certified National Tourism Workforce","عدد القوى العاملة السياحية الوطنية المدربة والمعتمدة","d4021384-4690-4a13-9ee6-fa63aef5d4f1","True","False"
"cc4a9932-28ff-42bc-a48c-bc4f482a7049","Expected GDP Impact in 2024-1","تأثير الناتج المحلي الإجمالي المتوقع في عام 2024-8","d4021384-4690-4a13-9ee6-fa63aef5d4f1","True","False"
"e92c60df-4132-4c52-b87e-bd23ebefb8ac","- Of which are foreign-5","عدد الشركات (الأجنبية)-2","a556e8f5-d8ed-42ed-8d48-73a69430781e","True","False"
"7b2a03fc-c511-4c11-b6aa-bd77ce3b4ea2","Strait of Hormuz Transit Trade Volume","حجم التجارة العابرة لمضيق هرمز","5c103a27-3fbf-4115-a3a8-98ad20d19599","True","False"
"12a08667-7e80-45dd-870b-bda55ed79c7a","Share of high-skilled labor","نسبة الوظائف عالية المهارة من إجمالي الوظائف في القطاع","c70c10e6-764c-4ec7-a7a4-e96d4e72d76d","True","False"
"37cd080d-bf80-4b3e-9ade-bddd8130552e","The Average Number of Newly Employed Qataris in Civil Service Annually","متوسط عدد القطريين الموظفين حديثاً في الخدمة المدنية سنوياً","d4021384-4690-4a13-9ee6-fa63aef5d4f1","True","False"
"08c3ddaf-5a58-4e94-8fcb-be81e945b2ce","Qatar's Helium Export","صادرات قطر من الهيليوم","5c103a27-3fbf-4115-a3a8-98ad20d19599","True","False"
"30bc4622-d9c9-4654-b10b-be8f0ed5d5e1","Percentage of Active Companies from Total Registered Companies-1","Percentage of Active Companies from Total Registered Companies-1","a556e8f5-d8ed-42ed-8d48-73a69430781e","True","False"
"08534cf5-b51b-4dd4-8d8c-bff68e66f1f3","Occupancy Rate of Hotels","معدل إشغال الفنادق","d4021384-4690-4a13-9ee6-fa63aef5d4f1","True","False"
"661dbf8e-8e86-4949-bd10-c0bed1de01e8","R&D expenditures as % of GDP","R&D expenditures as % of GDP","c70c10e6-764c-4ec7-a7a4-e96d4e72d76d","True","False"
"ebb2d811-08f2-4e93-992c-c280c165c39e","Description","Description","a556e8f5-d8ed-42ed-8d48-73a69430781e","True","False"
"8c2754be-f18b-4a7f-a239-c3addfd994f5","Project achievement percentage-1","نسبة انجاز المشروع","a556e8f5-d8ed-42ed-8d48-73a69430781e","True","False"
"90b928b8-4a08-4b8a-baf2-c4e46273456c","Expected GDP Impact in 2023-8","تأثير الناتج المحلي الإجمالي المتوقع في عام 2023-2","d4021384-4690-4a13-9ee6-fa63aef5d4f1","True","False"
"600ace6e-189e-4cdf-a374-c50b2717d945","Number of patents (as per 1 million population)","Number of patents (as per 1 million population)","c70c10e6-764c-4ec7-a7a4-e96d4e72d76d","True","False"
"b702a135-ef05-4f35-bacf-c59380d5d28e","Share of Qatari Students Out of Total Number of Students in Public Schools (K-12)","نسبة الطلبة القطريين من إجمالي عدد الطلاب في المدارس الحكومية (رياض الأطفال – المرحلة الثانوية)","c70c10e6-764c-4ec7-a7a4-e96d4e72d76d","True","False"
"e26cd2e2-9d49-456c-a9be-c639913f7278","Local Content Value Across Sectors","القيمة المحلية المضافة في مختلف القطاعات","5c103a27-3fbf-4115-a3a8-98ad20d19599","True","False"
"b13f092d-5ba9-4323-814e-c6500774d06a","Percentage of Active Companies from Total Registered Companies-2","نسبة الشركات النشطة من إجمالي الشركات المسجلة (%)","039b6f8d-fe85-4260-9dbe-8fb27db40c57","True","False"
"14c9574f-7f91-42dd-8ae8-c868ea7cad37","west bay dataset","west bay dataset","a556e8f5-d8ed-42ed-8d48-73a69430781e","True","False"
"bbdbb946-9d8a-40a4-9e44-c877c039277e","- Of which are local-5","عدد الشركات (المحلية)-2","a556e8f5-d8ed-42ed-8d48-73a69430781e","True","False"
"c44fc187-5405-486e-9682-c8b65de87128","CPI: transport (%)","CPI: transport (%)","a556e8f5-d8ed-42ed-8d48-73a69430781e","True","False"
"0dc2cdd8-6ce8-4d56-8749-c8c645810616","Total Investments (QAR, m)-1","الاستثمارات الإجمالية (مليون ر.ق.)-2","039b6f8d-fe85-4260-9dbe-8fb27db40c57","True","False"
"dfbac12a-b23f-4db0-8942-c90f775485cc","MSCI Rank","ترتيب دولة قطر في مؤشر ""مورجان ستانلي كابيتال إنترناشيونال""","c70c10e6-764c-4ec7-a7a4-e96d4e72d76d","True","False"
"877dbae1-bfa9-4820-9f47-c935a8a1c82d","Number of Trained and Certified Tour Guides","عدد المرشدين السياحيين المدربين والمعتمدين","d4021384-4690-4a13-9ee6-fa63aef5d4f1","True","False"
"294e812b-d86a-4b70-9246-c94f1c433d25","Number of Financing Facilities Approved and Granted-1","Number of Financing Facilities Approved and Granted-1","039b6f8d-fe85-4260-9dbe-8fb27db40c57","True","False"
"572559a8-d56d-4c1f-a4f8-c95e01eecefa","Private Sector Contribution to GDP","نسبة مساهمة القطاع الخاص في الناتج المحلي الإجمالي","e93a7eb3-66db-4869-9543-dad2ffa98e81","True","False"
"ca429fb5-7a82-4c4d-92fc-ca02affb7c5b","Expected GDP Impact in 2022-8","تأثير الناتج المحلي الإجمالي المتوقع في عام 2022-1","d4021384-4690-4a13-9ee6-fa63aef5d4f1","True","False"
"09f5e616-1c8d-4521-af1f-cbb36c511979","Expected GDP Impact in 2022-5","تأثير الناتج المحلي الإجمالي المتوقع في عام 2022-6","d4021384-4690-4a13-9ee6-fa63aef5d4f1","True","False"
"2f882e4c-effe-4266-8368-cc1ea95a4acb","Credit Provided to SMEs ","Credit Provided to SMEs (QAR, Bn)-1","039b6f8d-fe85-4260-9dbe-8fb27db40c57","True","False"
"9220070d-11ed-44bf-a68f-ccda8cc7f780","Greenhouse Gas Emissions","انبعاثات الغازات الدفيئة","e93a7eb3-66db-4869-9543-dad2ffa98e81","True","False"
"0dc8d4a7-2517-49e7-a59d-cce5ec8caa3c","Percentage Increase in annual revenue generated by Public healthcare Providers","Percentage Increase in annual revenue generated by Public healthcare Providers","d4021384-4690-4a13-9ee6-fa63aef5d4f1","True","False"
"af11d76e-333e-4dcd-8f24-cd7ff1df78b2","Obesity Rate","معدل السمنة","43193c15-058d-4124-a152-aec091e2f2b4","True","False"
"31f43d59-3cd7-48cf-972d-ce0c5ec62c77","fuwairit dataset","fuwairit dataset","a556e8f5-d8ed-42ed-8d48-73a69430781e","True","False"
"df63f76c-d5cb-46e8-8e18-ce4a4ef661a7","Number of Agreements and MOUs-1","Number of Agreements and MOUs-1","a556e8f5-d8ed-42ed-8d48-73a69430781e","True","False"
"ffa5b3e3-ec39-4762-b5e8-cecb0312f577","Share of High-Skilled Blue Collar (Agriculture)","نسبة الوظائف عالية المهارة من ذوي الياقات الزرقاء (الزراعة)","c70c10e6-764c-4ec7-a7a4-e96d4e72d76d","True","False"
"74ef0c53-7e99-462d-9bb5-cfce3c446844","Number of Engaged Users on the Visit Qatar Website (M)","عدد المستخدمين المتفاعلين في موقع Visit Qatar  (مليون)","d4021384-4690-4a13-9ee6-fa63aef5d4f1","True","False"
"2284fbad-01fb-41c2-af72-d00086788e4b","Yearly growth of sector operating entities: yearly new entrants (%)","Yearly growth of sector operating entities: yearly new entrants (%)","9e884d56-31ee-4708-b724-25bca42205c7","True","False"
"c9d04624-898e-4c37-a41e-d12cdb8e1e6c","Program for International Student Assessment (PISA) Rank","ترتيب دولة قطر في مؤشر الاختبارات الدولية (PISA)","c70c10e6-764c-4ec7-a7a4-e96d4e72d76d","True","False"
"860dd26a-c89e-4100-9423-d2400ac231d3","Production in high tech greenhouses (share of total production in Greenhouses)","نسبة الزراعات في البيوت المحمية العالية التقنية من الإنتاج","c70c10e6-764c-4ec7-a7a4-e96d4e72d76d","True","False"
"341f5b01-00a9-40cf-981f-d2d58a393d6a","Expected GDP Impact in 2024-4","تأثير الناتج المحلي الإجمالي المتوقع في عام 2024-6","d4021384-4690-4a13-9ee6-fa63aef5d4f1","True","False"
"76a27450-0ee7-4a1d-91af-d310a5d8982e","Share of Private Sector Beds in Hospitals","نسبة الأسرة في مستشفيات القطاع الخاص","c70c10e6-764c-4ec7-a7a4-e96d4e72d76d","True","False"
"3cd29303-4ed6-40dd-9496-d3480d3fe2bb","Expected GDP Impact in 2021-8","تأثير الناتج المحلي الإجمالي المتوقع في عام 2021-2","d4021384-4690-4a13-9ee6-fa63aef5d4f1","True","False"
"b1335d37-3a33-46ac-99aa-d686b6fea49f","Active Licenses for Tourism Facilities and Business Events Organizing Offices (%)","التراخيص النشطة للمرافق السياحية ومكاتب تنظيم فعاليات الأعمال (٪)","d4021384-4690-4a13-9ee6-fa63aef5d4f1","True","False"
"e86c5269-0d71-427d-8fc0-d6c011373eeb","SME industrial zone expansion - Completion (%)","SME industrial zone expansion - Completion (%)","a556e8f5-d8ed-42ed-8d48-73a69430781e","True","False"
"45fbb3d2-128c-4b4e-8b62-d7da703a5d7b","Gross Written Insurance Premiums - National and International Companies","إجمالي أقساط التأمين المكتَتبة - الشركات الوطنية والدولية","c70c10e6-764c-4ec7-a7a4-e96d4e72d76d","True","False"
"9c9afe44-a344-4a3d-acab-d7fb40995de9","Licensed Companies-2","الشركات المرخصة-1","039b6f8d-fe85-4260-9dbe-8fb27db40c57","True","False"
"91c62f4b-574e-4bc2-9782-d872876e6974","Number of Languages Supported on the Visit Qatar Website and App","عدد اللغات المدعومة على موقع وتطبيق Visit Qatar","d4021384-4690-4a13-9ee6-fa63aef5d4f1","True","False"
"4cacb0f0-0135-44af-ac52-d8e668ce1d06","Number of Policy Publications-2","Number of Policy Publications-1","a556e8f5-d8ed-42ed-8d48-73a69430781e","True","False"
"b190ff0b-a6fc-404c-9e33-d8ebe5e65ba1","Expected GDP Impact in 2022-1","تأثير الناتج المحلي الإجمالي المتوقع في عام 2022-8","d4021384-4690-4a13-9ee6-fa63aef5d4f1","True","False"
"e3541887-ba26-43fa-9451-da6ecffd077f","Number of Tracked/Ticketed Visitors at QT-Organized Events (K)","عدد الزوار الحاصلين على تذاكر الفعاليات المنظمة من قطر للسياحة (بالآلاف)","d4021384-4690-4a13-9ee6-fa63aef5d4f1","True","False"
"2ca8fc3b-0cad-4cf8-8357-dbd643445e8e","Share of Beds in Public Hospitals","نسبة الأسرة في مستشفيات القطاع الحكومي","c70c10e6-764c-4ec7-a7a4-e96d4e72d76d","True","False"
"b610d077-3bb7-4bba-803d-dc23ede20f1d","- Of which are partnerships-3","القيمة المضافة الإجمالية GVA الشراكات (مليون ر.ق.)-2","a556e8f5-d8ed-42ed-8d48-73a69430781e","True","False"
"2f65daa5-6a30-45aa-bfe8-df7eb9a176ef","AuM managed from Qatar","حجم الأصول المدارة من دولة قطر","c70c10e6-764c-4ec7-a7a4-e96d4e72d76d","True","False"
"3f2ad24b-17fe-4d2a-b1aa-e074fdac4d42","Leased Area (square meters)-1","المساحة المؤجرة (متر مربع)-2","039b6f8d-fe85-4260-9dbe-8fb27db40c57","True","False"
"067166b3-cac7-4c42-91a7-e25e7bf4d9e4","Industrial Investor Portal - Completion (%)","Industrial Investor Portal - Completion (%)","a556e8f5-d8ed-42ed-8d48-73a69430781e","True","False"
"93b97c69-b2e4-4520-9951-e568085eb948","Tourists Number of arrival Tests","Tourists Number of arrival Tests","d4021384-4690-4a13-9ee6-fa63aef5d4f1","True","False"
"6f28f21e-92d1-4304-b526-e7014dfcdaa4","- Of which are local-4","الاستثمارات الرأسمالية  CAPEX المحلية (مليون ر.ق.)-2","a556e8f5-d8ed-42ed-8d48-73a69430781e","True","False"
"e39705f8-a683-47e5-8d31-e7b3383ab18c","Expected GDP Impact in 2021-7","تأثير الناتج المحلي الإجمالي المتوقع في عام 2021-3","d4021384-4690-4a13-9ee6-fa63aef5d4f1","True","False"
"e9156da3-4411-464f-a320-e7c92cb24a7a","Percentage of Floating Shares Owned by Foreigners","نسبة ملكية المستثمرين الأجانب من إجمالي القيمة السوقية للأسهم المتداولة","c70c10e6-764c-4ec7-a7a4-e96d4e72d76d","True","False"
"629d82bb-3eeb-4eb2-9e09-e95fbfaa0a91","- Of which are foreign-1","القيمة المضافة الإجمالية GVA الأجنبية (مليون ر.ق.)-2","039b6f8d-fe85-4260-9dbe-8fb27db40c57","True","False"
"038253f7-d51e-4260-a28d-e97b5341bb60","B-READY Index","مؤشر جاهزية الأعمال","e93a7eb3-66db-4869-9543-dad2ffa98e81","True","False"
"fdec5359-f2f8-4946-8042-ea3a5ad29bab","Percentage of Skilled Labor Out of the Total Labor Force-1","نسبة العمالة الماهرة من العمالة الإجمالية-2","039b6f8d-fe85-4260-9dbe-8fb27db40c57","True","False"
"ed3fff4e-a640-48d8-90d8-eac6a620ffd6","Import Cost","تكلفة الاستيراد","c70c10e6-764c-4ec7-a7a4-e96d4e72d76d","True","False"
"0f0d0f6e-6e2d-4f66-a575-eb2fb8a28957","Number of Investment Projects-2","Number of Investment Projects-2","039b6f8d-fe85-4260-9dbe-8fb27db40c57","True","False"
"5477825c-368d-421a-9716-ebed6bf30b46","Expected GDP Impact in 2023-5","تأثير الناتج المحلي الإجمالي المتوقع في عام 2023-5","d4021384-4690-4a13-9ee6-fa63aef5d4f1","True","False"
"4f8708a9-b407-424a-9933-ec577bf74da9","Number of Companies-2","عدد الشركات المسجلة-2","a556e8f5-d8ed-42ed-8d48-73a69430781e","True","False"
"004a4718-2f4c-4fb5-ad89-ec73d6f2bcd3","Employment in the Sector for Non-Qataris","Employment in the Sector for Non-Qataris","c70c10e6-764c-4ec7-a7a4-e96d4e72d76d","True","False"
"418c1a6b-437a-4e1c-8676-edad98b51c70","Domestic Investments into the Sector","الاستثمار المحلي في القطاع","c70c10e6-764c-4ec7-a7a4-e96d4e72d76d","True","False"
"df0999c3-338b-4992-962b-edb3b141d362","The Percentage of Qataris in the Civil Service","نسبة القطريين في الخدمة المدنية","d4021384-4690-4a13-9ee6-fa63aef5d4f1","True","False"
"2ae4ee3f-1a7b-455e-b111-edc80513c520","Potential reach of articles/editorial features (bn)","الوصول المحتمل للمقالات / الميزات التحريرية (مليار)","d4021384-4690-4a13-9ee6-fa63aef5d4f1","True","False"
"1c7e993d-4388-4448-9b76-edfcaeac4023","Revenue vs Expenditure","الإيرادات مقابل الإنفاق","5c103a27-3fbf-4115-a3a8-98ad20d19599","True","False"
"f5258baa-9e9d-430b-8efe-ee01ac9729d0","The percentage of completion of the APD strategy preparation","The percentage of completion of the APD strategy preparation","a556e8f5-d8ed-42ed-8d48-73a69430781e","True","False"
"5121c2b2-5e77-47b4-92ee-eed2c03b73b4","Total Companies-1","عدد الشركات الإجمالية-1","a556e8f5-d8ed-42ed-8d48-73a69430781e","True","False"
"0ba54b66-cdae-4479-8178-ef36652a67a9","Gross Value Added GVA (QAR, m)-2","القيمة المضافة الإجمالية GVA الإجمالية (مليون ر.ق.)-1","039b6f8d-fe85-4260-9dbe-8fb27db40c57","True","False"
"62f05477-c2a1-48c3-b9af-f013378de3e2","CPI: food and non-alcoholic beverages (%)","CPI: food and non-alcoholic beverages (%)","a556e8f5-d8ed-42ed-8d48-73a69430781e","True","False"
"a76f407c-00e7-4d64-b86e-f026f3c1cef2","Debt to GDP Ratio","نسبة الدين إلى الناتج المحلي الإجمالي","5c103a27-3fbf-4115-a3a8-98ad20d19599","True","False"
"9940aaee-42c1-4e00-ad2f-f04e2607cc35","Percentage of Transit on Stop-overs","نسبة السياح (الإقامة القصيرة) من إجمالي ركاب الترانزيت","c70c10e6-764c-4ec7-a7a4-e96d4e72d76d","True","False"
"06b24044-f678-4e7c-9564-f15b7dd47aac","R&D expenditures by the private sector as % of total expenditures","R&D expenditures by the private sector as % of total expenditures","c70c10e6-764c-4ec7-a7a4-e96d4e72d76d","True","False"
"698d345c-a692-4626-a8ca-f16a29780b16","The Percentage of Graduates from in Science, Technology, Engineering, and Mathematics Specializations (STEM)","نسبة الخريجين من تخصصات العلوم والتكنولوجيا والهندسة والرياضيات","d4021384-4690-4a13-9ee6-fa63aef5d4f1","True","False"
"cc33274f-3ad6-45a1-b941-f16c26574ace","Graduates from STEM ( Share of All Graduates )","نسبة المتخرجين من تخصصات العلوم ، تكنولوجيا المعلومات ، الهندسة ، والرياضيات (من أصل جميع الخريجين)","c70c10e6-764c-4ec7-a7a4-e96d4e72d76d","True","False"
"640e6850-87e7-4ce6-806e-f1f443d87841","Industrial Inspection Automation - Completion (%)","Industrial Inspection Automation - Completion (%)","a556e8f5-d8ed-42ed-8d48-73a69430781e","True","False"
"34402780-21a6-4949-9dd1-f28400bd9fcf","Expected GDP Impact in 2021-4","تأثير الناتج المحلي الإجمالي المتوقع في عام 2021-6","d4021384-4690-4a13-9ee6-fa63aef5d4f1","True","False"
"7b4c51ce-ae05-4fe8-9df3-f3017c408ff4","Number of Granted Incentives-1","صفقات حوافز تحت المراجعة والتقييم-1","039b6f8d-fe85-4260-9dbe-8fb27db40c57","True","False"
"45af9001-6c5a-427a-8036-f31751c60a1f","Expected GDP Impact in 2023-1","تأثير الناتج المحلي الإجمالي المتوقع في عام 2023-7","d4021384-4690-4a13-9ee6-fa63aef5d4f1","True","False"
"859cbd6c-1c4d-46ef-921f-f337b309f0de","Tourism Jobs","Tourism Jobs","a556e8f5-d8ed-42ed-8d48-73a69430781e","True","False"
"bd4ccc92-f8f9-41ed-ac98-f3ce9196bce1","- Of which are foreign-4","الاستثمارات  الرأسمالية  CAPEX الأجنبية (مليون ر.ق.)-1","a556e8f5-d8ed-42ed-8d48-73a69430781e","True","False"
"36d1a9db-e4fc-4a88-bbd8-f4c4455cb688","Number of ICV-Certified companies-2","Number of ICV-Certified companies-2","a556e8f5-d8ed-42ed-8d48-73a69430781e","True","False"
"ebd91b91-603c-4566-96d1-f5a27166f919","Capital Investments (QAR, m)-2","الاستثمارات الرأسمالية (مليون ر.ق.)-2","a556e8f5-d8ed-42ed-8d48-73a69430781e","True","False"
"c4899a33-2caf-49a3-837f-f79dce0ac1f1","Percentage of completion of projects emanating from the intellectual property strategy","Percentage of completion of projects emanating from the intellectual property strategy","d4021384-4690-4a13-9ee6-fa63aef5d4f1","True","False"
"442c7b35-1587-4400-96a1-f8037107ab00","Number of Events-2","Number of Events-1","039b6f8d-fe85-4260-9dbe-8fb27db40c57","True","False"
"10e56afb-52f1-40eb-b81f-f8316aa5f7ef","The Percentage of Civil Service Employees Receiving High Evaluations","نسبة موظفي الخدمة المدنية يتلقون تقييمات عالية","d4021384-4690-4a13-9ee6-fa63aef5d4f1","True","False"
"a3c61133-0eb4-4fca-ad23-f96e038277e3","Total Production of Dry Green Fodder (ton/year)","Dataset-2","d4021384-4690-4a13-9ee6-fa63aef5d4f1","True","False"
"7bea83d9-357d-4c06-bdef-f9a36a6dc14c","Compound Annual Growth Rate of Labor Productivity","معدل النمو السنوي المركب لإنتاجية العمل ","d4021384-4690-4a13-9ee6-fa63aef5d4f1","True","False"
"8246e2c2-36c0-48bf-ac73-f9a929daae7f","Active Licenses for Transportation Means (%)","التراخيص النشطة لوسائل النقل (٪)","d4021384-4690-4a13-9ee6-fa63aef5d4f1","True","False"
"b944f994-eab7-4e7c-8786-f9e2e96dc3d7","Qatarization Rate for Public Entities (%)","نسبة التقطير في الجهات العامة","43193c15-058d-4124-a152-aec091e2f2b4","True","False"
"02a4e191-7d40-4722-8653-fad3ec745b43","- Of which are partnerships-5","عدد الشركات (الشراكات)-2","a556e8f5-d8ed-42ed-8d48-73a69430781e","True","False"
"9f12b8f8-1afa-44b1-bde9-fae43c449e7e","Project achievement percentage-2","نسبة الإنجاز في المشروع","a556e8f5-d8ed-42ed-8d48-73a69430781e","True","False"
"02194278-9ddd-4148-969b-fb748ca82099","Tourism Jobs 2","Tourism Jobs 2","a556e8f5-d8ed-42ed-8d48-73a69430781e","True","False"
"1634bba2-07b7-4697-be47-fb86c842e05b","Satisfaction score (NPS) of Doha Metro","درجة الرضا عن مترو الدوحة","d4021384-4690-4a13-9ee6-fa63aef5d4f1","True","False"
"be67f405-3bef-4f9f-834a-fbef35226f78","Expected GDP Impact in 2021-9","تأثير الناتج المحلي الإجمالي المتوقع في عام 2021-1","d4021384-4690-4a13-9ee6-fa63aef5d4f1","True","False"
"8ff6ea41-22b4-4ed2-a1a3-fc751db2128c","International Co-invention","International Co-invention","c70c10e6-764c-4ec7-a7a4-e96d4e72d76d","True","False"
"046ce7d9-1478-43a0-a278-fcec34edb834","Number of Hotel Keys","عدد الغرف الفندقية المتاحة","d4021384-4690-4a13-9ee6-fa63aef5d4f1","True","False"
"bafacc7e-f737-476e-b6ba-fd40d28b5b2c","Total Value of Corporate Bonds Issued in Qatar","إجمالي قيمة سندات الشركات التي تمّ إصدارها في دولة قطر","c70c10e6-764c-4ec7-a7a4-e96d4e72d76d","True","False"
"127faf0a-9c85-4bd1-9b50-fda6c0e152fe","The Percentage of Government Employees Working in High-skilled Jobs","نسبة الموظفين الحكوميين يعملون في وظائف تتطلب مهارات عالية ","d4021384-4690-4a13-9ee6-fa63aef5d4f1","True","False"
"4fe7e09d-e927-4b91-9e7e-fdd0c8b11c18","In-Destination Spend","إنفاق السائح","c70c10e6-764c-4ec7-a7a4-e96d4e72d76d","True","False"
"d9f95c37-30c2-4cc8-9114-ff819beea57a","Number of obstacles (projects) / agreements (decisions of the committee in force) to solve obstacles or implement projects","عدد الاتفاقات (قرارات اللجنة النافذة) بحل أو بتطبيق المشاريع","d4021384-4690-4a13-9ee6-fa63aef5d4f1","True","False"
