"PublishedIndicatorId","SourceIndicatorId","NameEN","NameAR","IndicatorTypeId","IndicatorTypeEN","IndicatorTypeAR","IndicatorTypeCode","IndicatorPriorityTypeId","PriorityTypeEN","PriorityTypeAR","PriorityTypeCode","PriorityRanking","IndicatorEntityTypeId","EntityClassification","EntityClassificationName","PublishingStatus","PublishingStatusName","Published","IsActive","InactiveReason","Completed","IsAnalysisAdded","ShowBenchmarksOnOverview","IsRankingOrRatingIndicator","OverlayEN","OverlayAR","Comment","CreatedAt","UpdatedAt"
"f0a2e654-d78c-4d14-3e15-08ddb7179f33","9940aaee-42c1-4e00-ad2f-f04e2607cc35","Percentage of Transit on Stop-overs","نسبة السياح (الإقامة القصيرة) من إجمالي ركاب الترانزيت","c70c10e6-764c-4ec7-a7a4-e96d4e72d76d","Sector Indicator","قطاع","sectorindicator","2","Priority","مشروع ذو أولوية","priority","2","56f68520-57a9-4bff-a680-11cc3322f780","7","Sectors","2","Amended","True","False","","True","False","False","False","This indicator will be activated once it is published in the National Central Database","سيتم تفعيل المؤشر حين نشره من قبل قاعدة البيانات المركزية للدولة","","6/29/2025 6:53:10 PM",""
"64368107-c86b-4488-3e1c-08ddb7179f33","687a6199-d27b-4c35-a249-0eee77d142db","Export Cost ","تكلفة التصدير","c70c10e6-764c-4ec7-a7a4-e96d4e72d76d","Sector Indicator","قطاع","sectorindicator","2","Priority","مشروع ذو أولوية","priority","2","39740084-7387-4caa-886a-8bd5c71fd799","7","Sectors","2","Amended","True","False","","True","True","False","False","This indicator will be activated once it is published in the National Central Database","سيتم تفعيل المؤشر حين نشره من قبل قاعدة البيانات المركزية للدولة","","6/29/2025 6:58:45 PM",""
"a7eeeaa7-3a05-465c-3e1d-08ddb7179f33","ed3fff4e-a640-48d8-90d8-eac6a620ffd6","Import Cost","تكلفة الاستيراد","c70c10e6-764c-4ec7-a7a4-e96d4e72d76d","Sector Indicator","قطاع","sectorindicator","2","Priority","مشروع ذو أولوية","priority","2","39740084-7387-4caa-886a-8bd5c71fd799","7","Sectors","2","Amended","True","False","","True","True","False","False","This indicator will be activated once it is published in the National Central Database","سيتم تفعيل المؤشر حين نشره من قبل قاعدة البيانات المركزية للدولة","","6/29/2025 6:59:42 PM",""
"2137c6dc-b410-4258-3e1e-08ddb7179f33","db61b0e2-9e23-40b4-81e6-4a6e4d2ccb3d","Airport Utilization ","نسبة استغلال المطار ","c70c10e6-764c-4ec7-a7a4-e96d4e72d76d","Sector Indicator","قطاع","sectorindicator","2","Priority","مشروع ذو أولوية","priority","2","39740084-7387-4caa-886a-8bd5c71fd799","7","Sectors","2","Amended","True","False","","True","True","False","False","","","","6/29/2025 7:02:37 PM",""
"dc37d928-40d5-4998-3e24-08ddb7179f33","748df6c6-a0bd-4557-8a24-815bf8ff7161","Share of High-Skilled Jobs","نسبة الوظائف عالية المهارة","c70c10e6-764c-4ec7-a7a4-e96d4e72d76d","Sector Indicator","قطاع","sectorindicator","2","Priority","مشروع ذو أولوية","priority","2","0679a403-9ca5-4a05-952b-53250586775b","7","Sectors","2","Amended","True","False","","True","True","False","False","This indicator will be activated once it is published in the National Central Database","سيتم تفعيل المؤشر حين نشره من قبل قاعدة البيانات المركزية للدولة","","6/29/2025 7:10:42 PM",""
"60073a09-fb63-4825-3e25-08ddb7179f33","7bc7b9a4-8c6b-432d-b55e-767df6f6886a","Foreign Investments into the Sector","الاستثمار الأجنبي في القطاع","c70c10e6-764c-4ec7-a7a4-e96d4e72d76d","Sector Indicator","قطاع","sectorindicator","2","Priority","مشروع ذو أولوية","priority","2","0679a403-9ca5-4a05-952b-53250586775b","7","Sectors","2","Amended","True","False","","True","False","False","False","This indicator will be activated once it is published in the National Central Database","سيتم تفعيل المؤشر حين نشره من قبل قاعدة البيانات المركزية للدولة","","6/29/2025 7:11:43 PM",""
"f597b0c1-9e2c-4899-3e2b-08ddb7179f33","7e54d61c-9b11-44fc-bb18-2c0552dca890","Assets deployed in Qatar by Fund of Funds ","حجم صندوق الصناديق الاستثمارية العاملة في دولة قطر ","c70c10e6-764c-4ec7-a7a4-e96d4e72d76d","Sector Indicator","قطاع","sectorindicator","2","Priority","مشروع ذو أولوية","priority","2","a0d0a555-e73a-475d-a643-d1274460d246","7","Sectors","2","Amended","True","False","","True","True","False","False","","","","6/29/2025 7:20:02 PM",""
"57e6f80d-27a2-43de-3e41-08ddb7179f33","1708ac18-eea4-427a-9eb6-921333bd5174","Share of Qataris in High-Skilled White Collar"," نسبة القطريين في وظائف المهارات العالية من ذوي الياقات البيضاء","c70c10e6-764c-4ec7-a7a4-e96d4e72d76d","Sector Indicator","قطاع","sectorindicator","2","Priority","مشروع ذو أولوية","priority","2","f48b7019-ef34-4eb7-859d-2e4bde81d3c1","7","Sectors","2","Amended","True","False","","True","False","False","False","This indicator will be activated once it is published in the National Central Database","سيتم تفعيل المؤشر حين نشره من قبل قاعدة البيانات المركزية للدولة","","6/29/2025 8:27:01 PM",""
"e2546a69-1ba8-4b1e-3e4d-08ddb7179f33","63eaf2c5-952e-4eca-9b1d-aea65c65e92e","A road map linking the free zones and all ports","خارطة طرق تربط بين المناطق الحرة وجميع المنافذ","d4021384-4690-4a13-9ee6-fa63aef5d4f1","Program Indicator","برنامج","programindicator","2","Priority","مشروع ذو أولوية","priority","2","39740084-7387-4caa-886a-8bd5c71fd799","7","Sectors","2","Amended","True","False","","True","False","False","False","","","","6/29/2025 11:09:22 PM",""
"7ebf49ff-62db-4a91-3e4e-08ddb7179f33","11002925-a327-4b01-a247-97bf8aa9c668","حجم القدرة الاستيعابية للمستودعات الجمركية في المطارات","حجم القدرة الاستيعابية للمستودعات الجمركية في المطارات","d4021384-4690-4a13-9ee6-fa63aef5d4f1","Program Indicator","برنامج","programindicator","2","Priority","مشروع ذو أولوية","priority","2","39740084-7387-4caa-886a-8bd5c71fd799","7","Sectors","2","Amended","True","False","","True","False","False","False","","","","6/29/2025 11:09:58 PM",""
"61db52da-e839-40a4-3e54-08ddb7179f33","af11d76e-333e-4dcd-8f24-cd7ff1df78b2","Obesity Rate","معدل السمنة","43193c15-058d-4124-a152-aec091e2f2b4","Enablers","عوامل التمكين","enablers","2","Priority","مشروع ذو أولوية","priority","2","d0b039d5-04b0-42b6-a656-c4d66d506e67","1","Enablers","2","Amended","True","False","","True","False","False","False","","","","6/30/2025 10:50:31 AM",""
"d032d27f-d538-4da2-3e55-08ddb7179f33","0a55c9db-06e3-4c8c-be00-583ed9250462","Smoking Rate","معدل التدخين","43193c15-058d-4124-a152-aec091e2f2b4","Enablers","عوامل التمكين","enablers","2","Priority","مشروع ذو أولوية","priority","2","d0b039d5-04b0-42b6-a656-c4d66d506e67","1","Enablers","2","Amended","True","False","","True","False","False","False","","","","6/30/2025 10:51:15 AM",""
"c63a248e-8060-4845-3e56-08ddb7179f33","b944f994-eab7-4e7c-8786-f9e2e96dc3d7","Qatarization Rate for Public Entities (%)","نسبة التقطير في الجهات العامة","43193c15-058d-4124-a152-aec091e2f2b4","Enablers","عوامل التمكين","enablers","2","Priority","مشروع ذو أولوية","priority","2","d0b039d5-04b0-42b6-a656-c4d66d506e67","1","Enablers","2","Amended","True","False","","True","False","False","False","","","","6/30/2025 10:51:39 AM",""
"61f429d1-6c47-48ec-3e57-08ddb7179f33","92dcf9b6-d377-480e-8b26-034e86748654","NTM frequency ratio (%)","نسبة التدابير غير الجمركية","43193c15-058d-4124-a152-aec091e2f2b4","Enablers","عوامل التمكين","enablers","2","Priority","مشروع ذو أولوية","priority","2","df683627-ae84-4d71-a27d-cb75e298ad8f","1","Enablers","2","Amended","True","False","","True","False","False","False","","","","6/30/2025 10:55:49 AM",""
"71f4a5b5-baea-4789-3e58-08ddb7179f33","588f1d52-9360-4f7e-845e-40d0ee88ea19","Business-funded BERD (as a proportion % of BERD)","نسبة إنفاق قطاع الأعمال الخاص على البحث والتطوير من إجمالي إنفاق الأعمال على البحث والتطوير","43193c15-058d-4124-a152-aec091e2f2b4","Enablers","عوامل التمكين","enablers","2","Priority","مشروع ذو أولوية","priority","2","8d832af9-2cf0-4ed6-b3e6-28d51ee2d4f1","1","Enablers","2","Amended","True","False","","True","False","False","False","","","","6/30/2025 11:11:47 AM",""
"4861f716-4a3f-4304-3e59-08ddb7179f33","2284fbad-01fb-41c2-af72-d00086788e4b","Yearly growth of sector operating entities: yearly new entrants (%)","Yearly growth of sector operating entities: yearly new entrants (%)","9e884d56-31ee-4708-b724-25bca42205c7","Drivers","السائقين","drivers","2","Priority","مشروع ذو أولوية","priority","2","bbc57559-fb77-4c21-80ce-ca13cf90adf6","2","Drivers","2","Amended","True","False","","True","False","False","False","","","","6/30/2025 11:16:56 AM",""
"1a3c0f36-b514-4b19-3e5a-08ddb7179f33","a29f2b95-2ed0-4832-bc3e-9bcf5692a18d","Sector jobs - non Qataris","Sector jobs - non Qataris","9e884d56-31ee-4708-b724-25bca42205c7","Drivers","السائقين","drivers","2","Priority","مشروع ذو أولوية","priority","2","bbc57559-fb77-4c21-80ce-ca13cf90adf6","2","Drivers","2","Amended","True","False","","True","False","False","False","","","","6/30/2025 11:18:20 AM",""
"adb140b8-770f-4a34-3e5b-08ddb7179f33","2638abb1-294b-491f-8c8c-7c4d50e39934","Exports (QAR, bn)","Exports (QAR, bn)","9e884d56-31ee-4708-b724-25bca42205c7","Drivers","السائقين","drivers","2","Priority","مشروع ذو أولوية","priority","2","bbc57559-fb77-4c21-80ce-ca13cf90adf6","2","Drivers","2","Amended","True","False","","True","False","False","False","","","","6/30/2025 11:19:15 AM",""
"934bc0c8-5780-46b8-3e5c-08ddb7179f33","3fda10c5-4272-4db4-9026-9210a9d7a220","Yearly growth of sector operating entities: yearly closures (%)","Yearly growth of sector operating entities: yearly closures (%)","9e884d56-31ee-4708-b724-25bca42205c7","Drivers","السائقين","drivers","2","Priority","مشروع ذو أولوية","priority","2","bbc57559-fb77-4c21-80ce-ca13cf90adf6","2","Drivers","2","Amended","True","False","","True","False","False","False","","","","6/30/2025 11:19:49 AM",""
"c9bfb3a0-2d3a-4895-3e5d-08ddb7179f33","eb8cf7d4-9457-4481-91b9-98f568113a19","Annual write-off rate-1","Annual write-off rate-1","039b6f8d-fe85-4260-9dbe-8fb27db40c57","Special Entities","كيانات خاصة","specialentities","2","Priority","مشروع ذو أولوية","priority","2","38eb7aff-a40a-434c-b6bd-b1931041d523","4","SpecialEntities","2","Amended","True","True","","True","False","False","False","","","","6/30/2025 11:25:06 AM",""
"c8b626a1-4f80-40ec-3e5e-08ddb7179f33","1ce28a27-bc22-428e-81c9-5153545dfbb2","ROI (Actual Received)","ROI (Actual Received) - (QAR, Bn)-1","039b6f8d-fe85-4260-9dbe-8fb27db40c57","Special Entities","كيانات خاصة","specialentities","2","Priority","مشروع ذو أولوية","priority","2","38eb7aff-a40a-434c-b6bd-b1931041d523","4","SpecialEntities","2","Amended","True","False","","True","False","False","False","","","","6/30/2025 11:25:32 AM",""
"b92b131c-8a2e-49ef-3e64-08ddb7179f33","fdec5359-f2f8-4946-8042-ea3a5ad29bab","Percentage of Skilled Labor Out of the Total Labor Force-1","نسبة العمالة الماهرة من العمالة الإجمالية-2","039b6f8d-fe85-4260-9dbe-8fb27db40c57","Special Entities","كيانات خاصة","specialentities","2","Priority","مشروع ذو أولوية","priority","2","53039338-c0fc-412a-aa1c-ecd2d68b5c5b","4","SpecialEntities","2","Amended","True","False","","True","False","False","False","","","","6/30/2025 1:48:31 PM",""
"63073032-96e4-45fd-3e65-08ddb7179f33","0dc2cdd8-6ce8-4d56-8749-c8c645810616","Total Investments (QAR, m)-1","الاستثمارات الإجمالية (مليون ر.ق.)-2","039b6f8d-fe85-4260-9dbe-8fb27db40c57","Special Entities","كيانات خاصة","specialentities","2","Priority","مشروع ذو أولوية","priority","2","53039338-c0fc-412a-aa1c-ecd2d68b5c5b","4","SpecialEntities","2","Amended","True","False","","True","False","False","False","","","","6/30/2025 1:50:51 PM",""
"0f4a1200-7f7b-4f67-3e66-08ddb7179f33","16bcf4e3-d02e-4dc8-8ddd-24fadbaa9621","Value of Assets Under Management (QAR, bn)-1","قيمة الأصول من الشركات-1","039b6f8d-fe85-4260-9dbe-8fb27db40c57","Special Entities","كيانات خاصة","specialentities","2","Priority","مشروع ذو أولوية","priority","2","943d0b58-e556-4eea-81ee-3e1b83a43f0c","4","SpecialEntities","2","Amended","True","False","","True","False","False","False","","","","6/30/2025 1:53:08 PM",""
"f53e6941-a46d-4142-3e67-08ddb7179f33","bf0661d2-7aff-4d88-b726-232fafb8db0f","Number of Companies-1","عدد الشركات المسجلة-1","039b6f8d-fe85-4260-9dbe-8fb27db40c57","Special Entities","كيانات خاصة","specialentities","2","Priority","مشروع ذو أولوية","priority","2","943d0b58-e556-4eea-81ee-3e1b83a43f0c","4","SpecialEntities","2","Amended","True","False","","True","False","False","False","","","","6/30/2025 1:53:51 PM",""
"19d55db8-34f1-4697-3e68-08ddb7179f33","8f9d7ee2-f8c8-4076-a786-040832b8381c","Number of Staff-1","عدد الموظفين-2","039b6f8d-fe85-4260-9dbe-8fb27db40c57","Special Entities","كيانات خاصة","specialentities","2","Priority","مشروع ذو أولوية","priority","2","943d0b58-e556-4eea-81ee-3e1b83a43f0c","4","SpecialEntities","2","Amended","True","False","","True","False","False","False","","","","6/30/2025 1:54:12 PM",""
"ba86d4e8-86df-4abf-3e69-08ddb7179f33","b13f092d-5ba9-4323-814e-c6500774d06a","Percentage of Active Companies from Total Registered Companies-2","نسبة الشركات النشطة من إجمالي الشركات المسجلة (%)","039b6f8d-fe85-4260-9dbe-8fb27db40c57","Special Entities","كيانات خاصة","specialentities","2","Priority","مشروع ذو أولوية","priority","2","943d0b58-e556-4eea-81ee-3e1b83a43f0c","4","SpecialEntities","2","Amended","True","True","","True","False","False","False","","","","6/30/2025 1:54:35 PM",""
"1c0c06df-a200-4826-3e6a-08ddb7179f33","e08b675e-6d35-4b72-b7f0-8b934e91b9ba","Number of Companies Registered in the Stock Exchange-1","عدد الشركات المدرجة في البورصة-1","039b6f8d-fe85-4260-9dbe-8fb27db40c57","Special Entities","كيانات خاصة","specialentities","2","Priority","مشروع ذو أولوية","priority","2","943d0b58-e556-4eea-81ee-3e1b83a43f0c","4","SpecialEntities","2","Amended","True","False","","True","False","False","False","","","","6/30/2025 1:54:59 PM",""
"9af398b9-ca7f-4451-3e6b-08ddb7179f33","5a01bc5f-4346-45d1-9b5b-9ea53fbde92c","Number of Agreements and MOUs-2","Number of Agreements and MOUs-2","039b6f8d-fe85-4260-9dbe-8fb27db40c57","Special Entities","كيانات خاصة","specialentities","2","Priority","مشروع ذو أولوية","priority","2","e546e30f-6dfe-498e-8146-f90dc7946924","4","SpecialEntities","2","Amended","True","False","","True","False","False","False","","","","6/30/2025 1:57:52 PM",""
"e695ef47-c754-419c-3e6c-08ddb7179f33","89ec6559-fcb6-47b4-b1cc-34ea9c9dc0c8","FDI value to Qatar (QAR bn)-1","FDI value to Qatar (QAR bn)-1","039b6f8d-fe85-4260-9dbe-8fb27db40c57","Special Entities","كيانات خاصة","specialentities","2","Priority","مشروع ذو أولوية","priority","2","e546e30f-6dfe-498e-8146-f90dc7946924","4","SpecialEntities","2","Amended","True","False","","True","False","False","False","","","","6/30/2025 2:00:57 PM",""
"45d63a3d-01cd-485d-3e6d-08ddb7179f33","7b4c51ce-ae05-4fe8-9df3-f3017c408ff4","Number of Granted Incentives-1","صفقات حوافز تحت المراجعة والتقييم-1","039b6f8d-fe85-4260-9dbe-8fb27db40c57","Special Entities","كيانات خاصة","specialentities","2","Priority","مشروع ذو أولوية","priority","2","e546e30f-6dfe-498e-8146-f90dc7946924","4","SpecialEntities","2","Amended","True","False","","True","False","False","False","","","","6/30/2025 2:01:25 PM",""
"8822f966-05c2-417f-3e6e-08ddb7179f33","33c1d25c-19d5-4112-b10d-23dc3e3b5eae","Number of Online Engagements-2","Number of Online Engagements-1","039b6f8d-fe85-4260-9dbe-8fb27db40c57","Special Entities","كيانات خاصة","specialentities","2","Priority","مشروع ذو أولوية","priority","2","e546e30f-6dfe-498e-8146-f90dc7946924","4","SpecialEntities","2","Amended","True","False","","True","False","False","False","","","","6/30/2025 2:01:53 PM",""
"d2c4d177-bb12-4645-b53f-08ddb722adc3","299107d1-5b9b-4261-b46c-88cddbab7230","Export Time","الوقت المستغرق للتصدير","c70c10e6-764c-4ec7-a7a4-e96d4e72d76d","Sector Indicator","قطاع","sectorindicator","2","Priority","مشروع ذو أولوية","priority","2","39740084-7387-4caa-886a-8bd5c71fd799","7","Sectors","2","Amended","True","False","","True","True","False","False","","","","6/29/2025 6:59:15 PM",""
"c3257c34-9cb4-41be-b540-08ddb722adc3","8e377da9-3583-4044-abb1-10c975691c51","Import Time","الوقت المستغرق للاستيراد","c70c10e6-764c-4ec7-a7a4-e96d4e72d76d","Sector Indicator","قطاع","sectorindicator","2","Priority","مشروع ذو أولوية","priority","2","39740084-7387-4caa-886a-8bd5c71fd799","7","Sectors","2","Amended","True","False","","True","True","False","False","","","","6/29/2025 7:01:15 PM",""
"e8dde311-7c9b-4bec-b546-08ddb722adc3","e17c68a2-eaf6-49c4-bb03-36a5a20680b4","Private Sector Contribution","مساهمة القطاع الخاص","c70c10e6-764c-4ec7-a7a4-e96d4e72d76d","Sector Indicator","قطاع","sectorindicator","2","Priority","مشروع ذو أولوية","priority","2","0679a403-9ca5-4a05-952b-53250586775b","7","Sectors","2","Amended","True","True","","True","False","False","False","","","","6/29/2025 7:08:57 PM",""
"54259d3e-0236-495b-b548-08ddb722adc3","e6ceb7d8-349f-4b67-8fb0-a67413fd8cac","Annual Growth in Labor Productivity","معدل النمو السنوي في إنتاجية العاملين","c70c10e6-764c-4ec7-a7a4-e96d4e72d76d","Sector Indicator","قطاع","sectorindicator","2","Priority","مشروع ذو أولوية","priority","2","0679a403-9ca5-4a05-952b-53250586775b","7","Sectors","2","Amended","True","False","","True","True","False","False","This indicator will be activated once it is published in the National Central Database","سيتم تفعيل المؤشر حين نشره من قبل قاعدة البيانات المركزية للدولة","","6/29/2025 7:10:22 PM",""
"b101ba8b-99ff-4118-b549-08ddb722adc3","6a94bf79-5225-4696-ac38-6c9fd1736fd0","Share of High Skilled Qatari","نسبة الوظائف عالية المهارة من القطريين","c70c10e6-764c-4ec7-a7a4-e96d4e72d76d","Sector Indicator","قطاع","sectorindicator","2","Priority","مشروع ذو أولوية","priority","2","0679a403-9ca5-4a05-952b-53250586775b","7","Sectors","2","Amended","True","False","","True","True","False","False","This indicator will be activated once it is published in the National Central Database","سيتم تفعيل المؤشر حين نشره من قبل قاعدة البيانات المركزية للدولة","","6/29/2025 7:11:04 PM",""
"2eb9e540-a156-40b0-b54a-08ddb722adc3","418c1a6b-437a-4e1c-8676-edad98b51c70","Domestic Investments into the Sector","الاستثمار المحلي في القطاع","c70c10e6-764c-4ec7-a7a4-e96d4e72d76d","Sector Indicator","قطاع","sectorindicator","2","Priority","مشروع ذو أولوية","priority","2","0679a403-9ca5-4a05-952b-53250586775b","7","Sectors","2","Amended","True","False","","True","False","False","False","This indicator will be activated once it is published in the National Central Database","سيتم تفعيل المؤشر حين نشره من قبل قاعدة البيانات المركزية للدولة","","6/29/2025 7:11:23 PM",""
"4621e313-d65e-460b-b55b-08ddb722adc3","cc33274f-3ad6-45a1-b941-f16c26574ace","Graduates from STEM ( Share of All Graduates )","نسبة المتخرجين من تخصصات العلوم، تكنولوجيا المعلومات، الهندسة، والرياضيات (من أصل جميع الخريجين)","c70c10e6-764c-4ec7-a7a4-e96d4e72d76d","Sector Indicator","قطاع","sectorindicator","2","Priority","مشروع ذو أولوية","priority","2","3769563e-2ced-4ad9-9663-e74fcf662806","7","Sectors","2","Amended","True","False","","True","False","False","False","","","","6/29/2025 8:14:41 PM",""
"d721ff2f-6278-4b48-b562-08ddb722adc3","b38962c9-acda-4bd3-9bb9-b51e3365d6d0","Private Sector Investment into the Sector (Health)","استثمار القطاع الخاص في القطاع(الرعاية الصحية)","c70c10e6-764c-4ec7-a7a4-e96d4e72d76d","Sector Indicator","قطاع","sectorindicator","2","Priority","مشروع ذو أولوية","priority","2","f48b7019-ef34-4eb7-859d-2e4bde81d3c1","7","Sectors","2","Amended","True","True","","True","False","False","False","This indicator will be activated once it is published in the National Central Database","سيتم تفعيل المؤشر حين نشره من قبل قاعدة البيانات المركزية للدولة","","6/29/2025 8:23:44 PM",""
"ce90f312-89d7-4642-b563-08ddb722adc3","b986244e-f9b6-4e22-ab4b-b13601493b7b","Share of Licensed Doctors Employed in Private Sector ","نسبة الأطباء المرخصين العاملين بالقطاع الخاص ","c70c10e6-764c-4ec7-a7a4-e96d4e72d76d","Sector Indicator","قطاع","sectorindicator","2","Priority","مشروع ذو أولوية","priority","2","f48b7019-ef34-4eb7-859d-2e4bde81d3c1","7","Sectors","2","Amended","True","False","","True","False","False","False","This indicator will be activated once it is published in the National Central Database","سيتم تفعيل المؤشر حين نشره من قبل قاعدة البيانات المركزية للدولة","","6/29/2025 8:24:43 PM",""
"9261cd38-6628-44b6-b56d-08ddb722adc3","3b2f2717-e12a-4e9c-95f5-a8d1a197e94d","Number of new requests to amend or change relevant legislation","عدد الطلبات الجديدة لتعديل أو تغير تشريعات ذات علاقة","d4021384-4690-4a13-9ee6-fa63aef5d4f1","Program Indicator","برنامج","programindicator","2","Priority","مشروع ذو أولوية","priority","2","39740084-7387-4caa-886a-8bd5c71fd799","7","Sectors","2","Amended","True","False","","True","False","False","False","","","","6/29/2025 11:11:25 PM",""
"d946e532-7a4a-465c-b56e-08ddb722adc3","e6f42ea3-2943-48dc-a4fb-8e2db81927dc","Number of large companies targeted","عدد الشركات الكبرى المستهدفة ","d4021384-4690-4a13-9ee6-fa63aef5d4f1","Program Indicator","برنامج","programindicator","2","Priority","مشروع ذو أولوية","priority","2","39740084-7387-4caa-886a-8bd5c71fd799","7","Sectors","2","Amended","True","False","","True","False","False","False","","","","6/29/2025 11:17:10 PM",""
"f726cf23-d70b-4f87-b572-08ddb722adc3","1b069add-ccd9-4ecf-bf96-5c01d4ad9dbe","Diabetes Rate","معدل داء السكري","43193c15-058d-4124-a152-aec091e2f2b4","Enablers","عوامل التمكين","enablers","2","Priority","مشروع ذو أولوية","priority","2","d0b039d5-04b0-42b6-a656-c4d66d506e67","1","Enablers","2","Amended","True","False","","True","False","False","False","","","","6/30/2025 10:50:05 AM",""
"4cf28eb0-d3d3-436b-b573-08ddb722adc3","38467659-d279-4591-931e-4a6f17af6af5","Physically Active","النشطون بدنياً","43193c15-058d-4124-a152-aec091e2f2b4","Enablers","عوامل التمكين","enablers","2","Priority","مشروع ذو أولوية","priority","2","d0b039d5-04b0-42b6-a656-c4d66d506e67","1","Enablers","2","Amended","True","False","","True","False","False","False","","","","6/30/2025 10:50:53 AM",""
"298b09ad-4cf5-4503-b576-08ddb722adc3","2bcc3c02-5cdd-49d6-b383-badd008c63af","Value of VC deals directed to Qatar-based start-ups (as a % of GDP)","قيمة صفقات رأس المال الاستثماري الموجهة إلى الشركات الناشئة في قطر","43193c15-058d-4124-a152-aec091e2f2b4","Enablers","عوامل التمكين","enablers","2","Priority","مشروع ذو أولوية","priority","2","8d832af9-2cf0-4ed6-b3e6-28d51ee2d4f1","1","Enablers","2","Amended","True","False","","True","False","False","False","","","","6/30/2025 11:12:18 AM",""
"cb53f44c-8e81-4ba5-b577-08ddb722adc3","5aa26781-72fa-4b93-98a8-50354363663e","Percentage of energy generated by solar","نسبة الطاقة المولدة من الطاقة الشمسية","9e884d56-31ee-4708-b724-25bca42205c7","Drivers","السائقين","drivers","2","Priority","مشروع ذو أولوية","priority","2","9f7bed06-248e-4511-af36-9196b3911dcc","2","Drivers","2","Amended","True","False","","True","False","False","False","","","","6/30/2025 11:15:14 AM",""
"a90a3185-1ed5-4396-b578-08ddb722adc3","46f92d91-00e9-450b-8a7d-a55c68cfaf52","Contribution to GDP (QAR, bn)","Contribution to GDP (QAR, bn)","9e884d56-31ee-4708-b724-25bca42205c7","Drivers","السائقين","drivers","2","Priority","مشروع ذو أولوية","priority","2","bbc57559-fb77-4c21-80ce-ca13cf90adf6","2","Drivers","2","Amended","True","False","","True","False","False","False","","","","6/30/2025 11:16:07 AM",""
"5be08e95-cf7e-47c4-b579-08ddb722adc3","d7fff5f3-82f2-42a6-a1ed-25930f34329d","Sector Jobs","Sector Jobs","9e884d56-31ee-4708-b724-25bca42205c7","Drivers","السائقين","drivers","2","Priority","مشروع ذو أولوية","priority","2","bbc57559-fb77-4c21-80ce-ca13cf90adf6","2","Drivers","2","Amended","True","False","","True","False","False","False","","","","6/30/2025 11:17:31 AM",""
"6b4f51a8-b0b2-43d6-b57a-08ddb722adc3","7d9d6893-173f-41a1-b230-92a448c02c8f","SME's in operation for a minimum of four years (%)","SME's in operation for a minimum of four years (%)","9e884d56-31ee-4708-b724-25bca42205c7","Drivers","السائقين","drivers","2","Priority","مشروع ذو أولوية","priority","2","bbc57559-fb77-4c21-80ce-ca13cf90adf6","2","Drivers","2","Amended","True","False","","True","False","False","False","","","","6/30/2025 11:17:57 AM",""
"c817263d-3a22-49fe-b57b-08ddb722adc3","f4a555df-92c1-417f-89b6-557d9cb7cfd0","Sector Jobs - Qataris","Sector Jobs - Qataris","9e884d56-31ee-4708-b724-25bca42205c7","Drivers","السائقين","drivers","2","Priority","مشروع ذو أولوية","priority","2","bbc57559-fb77-4c21-80ce-ca13cf90adf6","2","Drivers","2","Amended","True","False","","True","False","False","False","","","","6/30/2025 11:18:47 AM",""
"bfbb07cc-a75f-4f91-b57c-08ddb722adc3","96a28a1c-2d95-4e21-9b19-819bc538d375","Yearly growth of sector operating entities (%)","Yearly growth of sector operating entities (%)","9e884d56-31ee-4708-b724-25bca42205c7","Drivers","السائقين","drivers","2","Priority","مشروع ذو أولوية","priority","2","bbc57559-fb77-4c21-80ce-ca13cf90adf6","2","Drivers","2","Amended","True","False","","True","False","False","False","","","","6/30/2025 11:21:01 AM",""
"5d6365ea-9a11-4e41-b57d-08ddb722adc3","2f882e4c-effe-4266-8368-cc1ea95a4acb","Credit Provided to SMEs ","Credit Provided to SMEs (QAR, Bn)-1","039b6f8d-fe85-4260-9dbe-8fb27db40c57","Special Entities","كيانات خاصة","specialentities","2","Priority","مشروع ذو أولوية","priority","2","38eb7aff-a40a-434c-b6bd-b1931041d523","4","SpecialEntities","2","Amended","True","False","","True","False","False","False","","","","6/30/2025 11:23:19 AM",""
"b77d24f1-93ad-4fd0-b57e-08ddb722adc3","294e812b-d86a-4b70-9246-c94f1c433d25","Number of Financing Facilities Approved and Granted-1","Number of Financing Facilities Approved and Granted-1","039b6f8d-fe85-4260-9dbe-8fb27db40c57","Special Entities","كيانات خاصة","specialentities","2","Priority","مشروع ذو أولوية","priority","2","38eb7aff-a40a-434c-b6bd-b1931041d523","4","SpecialEntities","2","Amended","True","False","","True","False","False","False","","","","6/30/2025 11:23:40 AM",""
"db238c93-c268-461a-b57f-08ddb722adc3","e60d03d5-8483-4b59-b23d-591013d8a4fb","Number of Returning Clients-1","Number of Returning Clients-1","039b6f8d-fe85-4260-9dbe-8fb27db40c57","Special Entities","كيانات خاصة","specialentities","2","Priority","مشروع ذو أولوية","priority","2","38eb7aff-a40a-434c-b6bd-b1931041d523","4","SpecialEntities","2","Amended","True","False","","True","False","False","False","","","","6/30/2025 11:26:02 AM",""
"d0666126-3e30-4ef0-b580-08ddb722adc3","a597be99-ce19-4a2b-aee3-5073fc5e19ac","Credit Provided for Private Housing","Credit Provided for Private Housing - (QAR, Bn)-2","039b6f8d-fe85-4260-9dbe-8fb27db40c57","Special Entities","كيانات خاصة","specialentities","2","Priority","مشروع ذو أولوية","priority","2","38eb7aff-a40a-434c-b6bd-b1931041d523","4","SpecialEntities","2","Amended","True","False","","True","False","False","False","","","","6/30/2025 11:26:26 AM",""
"9a2d91c8-d4c0-431b-b581-08ddb722adc3","3f2ad24b-17fe-4d2a-b1aa-e074fdac4d42","Leased Area (square meters)-1","المساحة المؤجرة (متر مربع)-2","039b6f8d-fe85-4260-9dbe-8fb27db40c57","Special Entities","كيانات خاصة","specialentities","2","Priority","مشروع ذو أولوية","priority","2","53039338-c0fc-412a-aa1c-ecd2d68b5c5b","4","SpecialEntities","2","Amended","True","False","","True","False","False","False","","","","6/30/2025 1:47:40 PM",""
"7a9043e0-0b8f-4939-b582-08ddb722adc3","9c9afe44-a344-4a3d-acab-d7fb40995de9","Licensed Companies-2","الشركات المرخصة-1","039b6f8d-fe85-4260-9dbe-8fb27db40c57","Special Entities","كيانات خاصة","specialentities","2","Priority","مشروع ذو أولوية","priority","2","53039338-c0fc-412a-aa1c-ecd2d68b5c5b","4","SpecialEntities","2","Amended","True","False","","True","False","False","False","","","","6/30/2025 1:48:06 PM",""
"6fd24445-5619-4817-b583-08ddb722adc3","711ab844-ce8b-4899-9a84-990d570d89ed","Gross Value Added (QAR, m)-1","القيمة المضافة الإجمالية (مليون ر.ق.)-2","039b6f8d-fe85-4260-9dbe-8fb27db40c57","Special Entities","كيانات خاصة","specialentities","2","Priority","مشروع ذو أولوية","priority","2","53039338-c0fc-412a-aa1c-ecd2d68b5c5b","4","SpecialEntities","2","Amended","True","False","","True","False","False","False","","","","6/30/2025 1:49:00 PM",""
"e71f0d56-0ca7-4508-b584-08ddb722adc3","f839de6c-8c92-40f6-a887-7edb63732039","Approved Companies-2","المشاريع المعتمدة-1","039b6f8d-fe85-4260-9dbe-8fb27db40c57","Special Entities","كيانات خاصة","specialentities","2","Priority","مشروع ذو أولوية","priority","2","53039338-c0fc-412a-aa1c-ecd2d68b5c5b","4","SpecialEntities","2","Amended","True","False","","True","False","False","False","","","","6/30/2025 1:49:39 PM",""
"1bbcb6ff-813a-49de-b585-08ddb722adc3","baa02dc2-7b71-4336-a36c-9ed00c23bc37","Capital Investments (QAR, m)-1","الاستثمارات الرأسمالية (مليون ر.ق.)-1","039b6f8d-fe85-4260-9dbe-8fb27db40c57","Special Entities","كيانات خاصة","specialentities","2","Priority","مشروع ذو أولوية","priority","2","53039338-c0fc-412a-aa1c-ecd2d68b5c5b","4","SpecialEntities","2","Amended","True","False","","True","False","False","False","","","","6/30/2025 1:50:06 PM",""
"d631b600-dadb-4c6c-b586-08ddb722adc3","a53d012f-d31e-499e-aac4-8e0028f65a15","Total Number of Active Companies-2","إجمالي الشركات النشطة-2","039b6f8d-fe85-4260-9dbe-8fb27db40c57","Special Entities","كيانات خاصة","specialentities","2","Priority","مشروع ذو أولوية","priority","2","943d0b58-e556-4eea-81ee-3e1b83a43f0c","4","SpecialEntities","2","Amended","True","False","","True","False","False","False","","","","6/30/2025 1:53:30 PM",""
"5d4fc31b-01c2-48fb-b587-08ddb722adc3","33fb9a78-b111-480b-9daf-27b4847548d6","Number of Jobs Created-2","Number of Jobs Created-2","039b6f8d-fe85-4260-9dbe-8fb27db40c57","Special Entities","كيانات خاصة","specialentities","2","Priority","مشروع ذو أولوية","priority","2","e546e30f-6dfe-498e-8146-f90dc7946924","4","SpecialEntities","2","Amended","True","False","","True","False","False","False","","","","6/30/2025 1:57:30 PM",""
"c2967fd3-1266-4ced-b588-08ddb722adc3","9439d25c-e03c-4587-882f-b2d4255602c6","Value of Investment Projects-2","Value of Investment Projects-2","039b6f8d-fe85-4260-9dbe-8fb27db40c57","Special Entities","كيانات خاصة","specialentities","2","Priority","مشروع ذو أولوية","priority","2","e546e30f-6dfe-498e-8146-f90dc7946924","4","SpecialEntities","2","Amended","True","False","","True","False","False","False","","","","6/30/2025 1:58:36 PM",""
"e09fd076-383b-490c-b589-08ddb722adc3","e7b61ac2-ebf2-4ac2-ace9-832381a4faba","Number of Investor Leads-2","Number of Investor Leads-2","039b6f8d-fe85-4260-9dbe-8fb27db40c57","Special Entities","كيانات خاصة","specialentities","2","Priority","مشروع ذو أولوية","priority","2","e546e30f-6dfe-498e-8146-f90dc7946924","4","SpecialEntities","2","Amended","True","False","","True","False","False","False","","","","6/30/2025 1:59:01 PM",""
"a7ebe308-044c-4dac-b58a-08ddb722adc3","0f0d0f6e-6e2d-4f66-a575-eb2fb8a28957","Number of Investment Projects-2","Number of Investment Projects-2","039b6f8d-fe85-4260-9dbe-8fb27db40c57","Special Entities","كيانات خاصة","specialentities","2","Priority","مشروع ذو أولوية","priority","2","e546e30f-6dfe-498e-8146-f90dc7946924","4","SpecialEntities","2","Amended","True","False","","True","False","False","False","","","","6/30/2025 2:00:30 PM",""
"1e2db018-2e23-49bc-b58b-08ddb722adc3","442c7b35-1587-4400-96a1-f8037107ab00","Number of Events-2","Number of Events-1","039b6f8d-fe85-4260-9dbe-8fb27db40c57","Special Entities","كيانات خاصة","specialentities","2","Priority","مشروع ذو أولوية","priority","2","e546e30f-6dfe-498e-8146-f90dc7946924","4","SpecialEntities","2","Amended","True","False","","True","False","False","False","","","","6/30/2025 2:02:20 PM",""
"59f286b6-d682-4889-b58c-08ddb722adc3","c9e51b4c-7b0c-48a2-a470-11bd54ddabd2","Number of Policy Publications-1","Number of Policy Publications-2","039b6f8d-fe85-4260-9dbe-8fb27db40c57","Special Entities","كيانات خاصة","specialentities","2","Priority","مشروع ذو أولوية","priority","2","e546e30f-6dfe-498e-8146-f90dc7946924","4","SpecialEntities","2","Amended","True","False","","True","False","False","False","","","","6/30/2025 2:03:12 PM",""
"311f3407-e32c-4171-0464-08ddbd8c9c38","64eec0a9-2740-4bb2-b661-08dd8ca641ed","Number of Non-Qatari Jobs","عدد وظائف غير القطريين","c70c10e6-764c-4ec7-a7a4-e96d4e72d76d","Sector Indicator","قطاع","sectorindicator","2","Priority","مشروع ذو أولوية","priority","2","39740084-7387-4caa-886a-8bd5c71fd799","7","Sectors","2","Amended","True","False","","True","True","False","False","This indicator will be activated once it is published in the National Central Database","سيتم تفعيل المؤشر حين نشره من قبل قاعدة البيانات المركزية للدولة","","7/7/2025 10:53:33 PM",""
"b954a215-4527-47cf-13d6-08ddd8aaca12","ab61b22e-a292-40d4-fd54-08dd8ca66f9c","Number of Jobs in the Sector (Tourism)","عدد وظائف القطاع","c70c10e6-764c-4ec7-a7a4-e96d4e72d76d","Sector Indicator","قطاع","sectorindicator","2","Priority","مشروع ذو أولوية","priority","2","56f68520-57a9-4bff-a680-11cc3322f780","7","Sectors","2","Amended","True","True","","True","True","False","False","","","","8/12/2025 10:07:47 AM",""
"554f0bf8-a094-4bdd-a7d8-08dddd5433d4","860dd26a-c89e-4100-9423-d2400ac231d3","Production in high tech greenhouses (share of total production in Greenhouses)","نسبة الزراعات في البيوت المحمية العالية التقنية من الإنتاج","c70c10e6-764c-4ec7-a7a4-e96d4e72d76d","Sector Indicator","قطاع","sectorindicator","2","Priority","مشروع ذو أولوية","priority","2","183e97e8-172e-48bf-afb2-46b453b7ad23","7","Sectors","2","Amended","True","True","","True","True","False","False","","","","8/17/2025 1:52:06 PM",""
"92aa796c-b5e1-4f57-a7e2-08dddd5433d4","0deac0f6-d36f-46b9-b658-08dd8ca641ed","Sector Exports (ICT)","صادرات القطاع (المعلومات والاتصالات)","c70c10e6-764c-4ec7-a7a4-e96d4e72d76d","Sector Indicator","قطاع","sectorindicator","2","Priority","مشروع ذو أولوية","priority","2","193fd388-ded0-455f-86a3-32ac810c3e6a","7","Sectors","2","Amended","True","True","","True","True","False","False","","","","8/20/2025 7:57:28 AM",""
"7ca07ae2-eec1-4ed0-c7ed-08dddd57848d","6a83aeab-2024-4293-b659-08dd8ca641ed","Percentage of Online, End-to-End Public Services","نسبة الخدمات العامة عبر الإنترنت من البداية للنهاية","c70c10e6-764c-4ec7-a7a4-e96d4e72d76d","Sector Indicator","قطاع","sectorindicator","2","Priority","مشروع ذو أولوية","priority","2","193fd388-ded0-455f-86a3-32ac810c3e6a","7","Sectors","2","Amended","True","True","","True","True","False","False","","","","8/17/2025 11:21:37 AM",""
"b2720098-c079-4302-c7f0-08dddd57848d","b4b097eb-9a69-4c3e-b4b9-3818d622e1f7","Number of ICT Companies","عدد شركات الاتصالات وتكنولوجيا المعلومات","c70c10e6-764c-4ec7-a7a4-e96d4e72d76d","Sector Indicator","قطاع","sectorindicator","2","Priority","مشروع ذو أولوية","priority","2","193fd388-ded0-455f-86a3-32ac810c3e6a","7","Sectors","2","Amended","True","True","","True","True","False","False","","","","8/17/2025 11:27:55 AM",""
"56117402-dd45-4e84-db60-08dde2343bfa","13fb8ac9-ce52-44ed-a70d-52fefe625ef2","Investment into the Sector (Transportation and Storage)","الاستثمار في القطاع (النقل والتخزين)","c70c10e6-764c-4ec7-a7a4-e96d4e72d76d","Sector Indicator","قطاع","sectorindicator","2","Priority","مشروع ذو أولوية","priority","2","39740084-7387-4caa-886a-8bd5c71fd799","7","Sectors","2","Amended","True","True","","True","False","False","False","This indicator will be activated once it is published in the National Central Database","سيتم تفعيل المؤشر حين نشره من قبل قاعدة البيانات المركزية للدولة","","8/25/2025 8:48:30 AM",""
"f93b4e4c-3855-4ecf-c881-08de049c57c4","37c65254-6ebb-4e9e-b3e8-08ddf993df51","Global Innovation Index Rank","ترتيب دولة قطر في مؤشر الابتكار العالمي","43193c15-058d-4124-a152-aec091e2f2b4","Enablers","عوامل التمكين","enablers","2","Priority","مشروع ذو أولوية","priority","2","8d832af9-2cf0-4ed6-b3e6-28d51ee2d4f1","1","Enablers","2","Amended","True","True","","True","True","False","True","trwedsfsd","werwerew","","10/6/2025 9:02:31 AM",""
"f45c2040-d061-4e4c-c883-08de049c57c4","02f24f7f-aef9-4146-b65f-08dd8ca641ed","IATA Connectivity Index Rank","ترتيب دولة قطر في مؤشر اتحاد النقل الجوي الدولي (IATA)","c70c10e6-764c-4ec7-a7a4-e96d4e72d76d","Sector Indicator","قطاع","sectorindicator","2","Priority","مشروع ذو أولوية","priority","2","39740084-7387-4caa-886a-8bd5c71fd799","7","Sectors","2","Amended","True","True","","True","True","False","True","","","","10/6/2025 9:20:54 AM",""
"f5ba2733-9ccd-4bf7-c885-08de049c57c4","2c6b666e-211a-46ad-bf71-9a38a4ca051f","Regulatory Quality Index Rank","ترتيب دولة قطر في مؤشر جودة التنظيم","43193c15-058d-4124-a152-aec091e2f2b4","Enablers","عوامل التمكين","enablers","2","Priority","مشروع ذو أولوية","priority","2","de4dd3e7-1100-4a87-93f9-a10c891a36ed","1","Enablers","2","Amended","True","True","","True","False","False","False","","","","10/6/2025 9:30:29 AM",""
"e10eaacf-94aa-49d4-c886-08de049c57c4","da27153d-3966-4f8b-a091-5f0331c55bb1","B-READY Index Rank","ترتيب دولة قطر في مؤشر جاهزية الأعمال","43193c15-058d-4124-a152-aec091e2f2b4","Enablers","عوامل التمكين","enablers","2","Priority","مشروع ذو أولوية","priority","2","df683627-ae84-4d71-a27d-cb75e298ad8f","1","Enablers","2","Amended","True","True","","True","False","False","False","","","","10/6/2025 9:32:10 AM",""
"fcdc61e3-9c77-48bf-28ad-08de064080f7","1133a92c-b7aa-4d1c-b65c-08dd8ca641ed","Logistics Performance Index (LPI) Rank","ترتيب دولة قطر في مؤشر الأداء اللوجستي","c70c10e6-764c-4ec7-a7a4-e96d4e72d76d","Sector Indicator","قطاع","sectorindicator","2","Priority","مشروع ذو أولوية","priority","2","39740084-7387-4caa-886a-8bd5c71fd799","7","Sectors","2","Amended","True","True","","True","True","False","True","","","","10/8/2025 10:58:44 AM",""
"7dab8934-bec3-4a34-801d-08de096828d5","b00e50d8-c84d-46ab-acbb-680cccb79980","Qatari Nationals (Economically Active)","تعداد القطريين (النشيطون اقتصاديًا)","e93a7eb3-66db-4869-9543-dad2ffa98e81","Economic Diversification Targets","أهداف التنويع الاقتصادي","economicdiversificationtargets","2","Priority","مشروع ذو أولوية","priority","2","25501fcb-7469-4e34-a991-96867dcc641e","6","DiversificationTargets","2","Amended","True","True","","True","True","False","False","","","","10/12/2025 2:00:44 PM",""
"3cb9c41f-f061-4f05-f4aa-08de268d1810","1cd9ae28-478d-423f-fc28-08dd8f984037","Sector Exports (Agriculture)","صادرات القطاع (الزراعة)","c70c10e6-764c-4ec7-a7a4-e96d4e72d76d","Sector Indicator","قطاع","sectorindicator","","","","","","183e97e8-172e-48bf-afb2-46b453b7ad23","7","Sectors","2","Amended","True","True","","True","True","False","False","","","","11/19/2025 7:54:17 AM",""
"af220032-2e2a-4521-d1eb-08de2a61dd80","c937c98f-88c0-4c71-aa03-651441969e5d","Number of Medical Tourists","عدد زوّار السياحة العلاجية","c70c10e6-764c-4ec7-a7a4-e96d4e72d76d","Sector Indicator","قطاع","sectorindicator","","","","","","f48b7019-ef34-4eb7-859d-2e4bde81d3c1","7","Sectors","2","Amended","True","True","","True","True","False","False","This indicator will be activated once it is published in the National Central Database","سيتم تفعيل المؤشر حين نشره من قبل قاعدة البيانات المركزية للدولة","","11/24/2025 1:25:55 PM",""
"a9d5aa30-94b9-4e6d-9425-08de34c3675b","728b4978-dca3-4c29-aa89-477447a6af45","Qataris Graduating from STEM ( share of all Qataris graduates )","نسبة القطريين المتخرجين من تخصصات العلوم                   ، تكنولوجيا المعلومات                   ، الهندسة                   ، والرياضيات (نسبة من أصل جميع الخريجين القطريين)","c70c10e6-764c-4ec7-a7a4-e96d4e72d76d","Sector Indicator","قطاع","sectorindicator","","","","","","3769563e-2ced-4ad9-9663-e74fcf662806","7","Sectors","2","Amended","True","True","","True","True","False","False","","","","12/6/2025 3:35:55 PM",""
"452b585c-af2e-4941-9427-08de34c3675b","4fe7e09d-e927-4b91-9e7e-fdd0c8b11c18","In-Destination Spend","إنفاق السائح","c70c10e6-764c-4ec7-a7a4-e96d4e72d76d","Sector Indicator","قطاع","sectorindicator","","","","","","56f68520-57a9-4bff-a680-11cc3322f780","7","Sectors","2","Amended","True","True","","True","True","False","False","","","","12/8/2025 11:05:01 AM",""
"87c2a5a9-f54f-49ff-7b82-08de3ade5903","65559064-b6a7-4b85-fd48-08dd8ca66f9c","Sector Exports - Freight","صادرات القطاع - الشحن","c70c10e6-764c-4ec7-a7a4-e96d4e72d76d","Sector Indicator","قطاع","sectorindicator","","","","","","39740084-7387-4caa-886a-8bd5c71fd799","7","Sectors","2","Amended","True","True","","True","True","False","False","","","","12/14/2025 10:04:02 AM",""
"2a3215db-daef-4634-56be-08de5bf72336","dfbac12a-b23f-4db0-8942-c90f775485cc","MSCI Rank","ترتيب دولة قطر في مؤشر ""مورجان ستانلي كابيتال إنترناشيونال""","c70c10e6-764c-4ec7-a7a4-e96d4e72d76d","Sector Indicator","قطاع","sectorindicator","","","","","","a0d0a555-e73a-475d-a643-d1274460d246","7","Sectors","2","Amended","True","True","","True","True","False","True","","","","1/27/2026 11:58:25 AM",""
"8889b67b-664a-4680-8443-08de66e6ef17","748bc532-9218-4ed2-bb05-08de0ba11ad8","Minimum Reserves of Strategic Commodities","المخزون الاستراتيجي – الحد الأدنى","c70c10e6-764c-4ec7-a7a4-e96d4e72d76d","Sector Indicator","قطاع","sectorindicator","","","","","","183e97e8-172e-48bf-afb2-46b453b7ad23","7","Sectors","2","Amended","True","True","","True","True","False","False","","","","2/8/2026 10:51:57 AM",""
"c7e2aafd-6340-45d5-31d3-08de6c80b448","60d9a968-c924-4da9-8b16-115f5a8a0dc5","FDI Stock","إجمالي مخزون الاستثمار الأجنبي المباشر","31c7e4b7-7d30-4576-b683-d5fc7aa05a6b","National Indicator","المؤشرات الوطنية","nationalindicator","","","","","","072f11c0-6d50-47da-aadf-8513eccd7ab2","5","NationalIndicators","2","Amended","True","True","","True","True","True","False","","","","2/17/2026 12:17:23 PM",""
"11aea444-88e7-4169-c0fb-08de737b95b1","a4dda68f-fedd-4176-b567-150ed06acd9e","Share of Private Banks' Credit to SMEs","حصة الائتمان المقدم للشركات الصغيرة والمتوسطة","c70c10e6-764c-4ec7-a7a4-e96d4e72d76d","Sector Indicator","قطاع","sectorindicator","2","Priority","مشروع ذو أولوية","priority","2","a0d0a555-e73a-475d-a643-d1274460d246","7","Sectors","2","Amended","True","True","","True","True","False","False","","","","2/26/2026 1:07:57 PM",""
"e8b7aa3b-38aa-47b8-fe79-08de7446bf51","6bd745d9-075f-4559-95a7-92c7fd71e939","US Tariff","التعريفة الجمركية - الأمريكية","c70c10e6-764c-4ec7-a7a4-e96d4e72d76d","Sector Indicator","قطاع","sectorindicator","","","","","","a0d0a555-e73a-475d-a643-d1274460d246","7","Sectors","2","Amended","True","True","","True","True","True","False","","","","2/26/2026 1:53:12 PM",""
"bc9e6227-a2fa-4f6d-ac77-08de8e443777","a811e0d5-c456-4dff-4a6e-08dd8f83b962","Sector Exports (Financial Services & Insurance)","صادرات القطاع (الأنشطة المالية والتأمينية)","c70c10e6-764c-4ec7-a7a4-e96d4e72d76d","Sector Indicator","قطاع","sectorindicator","2","Priority","مشروع ذو أولوية","priority","2","a0d0a555-e73a-475d-a643-d1274460d246","7","Sectors","2","Amended","True","True","","True","True","False","False","","","","3/31/2026 6:10:05 PM",""
"f92c25a2-5177-4677-9613-08de92db461f","2f65daa5-6a30-45aa-bfe8-df7eb9a176ef","AuM managed from Qatar","حجم الأصول المدارة من دولة قطر","c70c10e6-764c-4ec7-a7a4-e96d4e72d76d","Sector Indicator","قطاع","sectorindicator","2","Priority","مشروع ذو أولوية","priority","2","a0d0a555-e73a-475d-a643-d1274460d246","7","Sectors","2","Amended","True","True","","True","True","False","False","","","","4/5/2026 9:19:20 AM",""
"d9eed3fe-a269-4d96-6897-08de9e04ed95","9c08e6c8-ebc7-4304-b65d-08dd8ca641ed","Air Transport Freight","حجم النقل الجوي ، الشحن","c70c10e6-764c-4ec7-a7a4-e96d4e72d76d","Sector Indicator","قطاع","sectorindicator","2","Priority","مشروع ذو أولوية","priority","2","39740084-7387-4caa-886a-8bd5c71fd799","7","Sectors","2","Amended","True","True","","True","True","False","False","","","","4/20/2026 12:11:55 PM",""
"ed390c3c-ac6f-470e-7a74-08de9e09a550","c6f4f88b-5459-479b-fd4a-08dd8ca66f9c","Total Population","عدد السكان","e93a7eb3-66db-4869-9543-dad2ffa98e81","Economic Diversification Targets","أهداف التنويع الاقتصادي","economicdiversificationtargets","","","","","","25501fcb-7469-4e34-a991-96867dcc641e","6","DiversificationTargets","2","Amended","True","True","","True","True","False","False","","","","4/23/2026 12:31:41 PM",""
"9b07fcb5-2cff-44c4-7a75-08de9e09a550","3af4c0fb-e8ad-4641-1880-08dd8c9ac2e7","Non-Hydrocarbon Real GDP","الناتج المحلي الإجمالي غير الهيدروكربوني","e93a7eb3-66db-4869-9543-dad2ffa98e81","Economic Diversification Targets","أهداف التنويع الاقتصادي","economicdiversificationtargets","","","","","","25501fcb-7469-4e34-a991-96867dcc641e","6","DiversificationTargets","2","Amended","True","True","","True","True","False","False","","","","4/23/2026 12:35:18 PM",""
"fbb1dabc-773e-4855-742f-08dea2214fb2","eb467551-f5d7-4a34-b657-08dd8ca641ed","Sector Contribution To GDP (Education)","مساهمة القطاع في الناتج المحلي الإجمالي (التعليم)","c70c10e6-764c-4ec7-a7a4-e96d4e72d76d","Sector Indicator","قطاع","sectorindicator","","","","","","3769563e-2ced-4ad9-9663-e74fcf662806","7","Sectors","2","Amended","True","True","","True","True","False","False","","","","4/27/2026 12:27:04 PM",""
"0f5632ff-e60a-4b83-f10a-08dea2389aaf","cc51126f-9f21-42d1-fd4c-08dd8ca66f9c","Economic Complexity Index Rank","ترتيب دولة قطر في مؤشر التعقيد الاقتصادي العالمي","e93a7eb3-66db-4869-9543-dad2ffa98e81","Economic Diversification Targets","أهداف التنويع الاقتصادي","economicdiversificationtargets","","","","","","25501fcb-7469-4e34-a991-96867dcc641e","6","DiversificationTargets","2","Amended","True","True","","True","True","False","True","","","","5/3/2026 9:40:23 AM",""
"48906d7c-2b2c-42bd-f10c-08dea2389aaf","7ff267fe-e6cc-481e-187f-08dd8c9ac2e7","Real GDP","الناتج المحلي الإجمالي الحقيقي","31c7e4b7-7d30-4576-b683-d5fc7aa05a6b","National Indicator","المؤشرات الوطنية","nationalindicator","","","","","","072f11c0-6d50-47da-aadf-8513eccd7ab2","5","NationalIndicators","2","Amended","True","True","","True","True","False","False","","","","5/3/2026 9:47:36 AM",""
"8c915ebe-4dc5-4900-f117-08dea2389aaf","d803eada-56b2-48a4-b65e-08dd8ca641ed","Liner Shipping Connectivity Index Rank","ترتيب دولة قطر في مؤشر وصولية خطوط النقل البحري المنتظم","c70c10e6-764c-4ec7-a7a4-e96d4e72d76d","Sector Indicator","قطاع","sectorindicator","","","","","","39740084-7387-4caa-886a-8bd5c71fd799","7","Sectors","2","Amended","True","True","","True","True","False","True","","","","5/7/2026 8:17:26 AM",""
"5391471d-5db8-4e20-8a53-08dea8e8edb0","c2dd124d-65a4-4a7e-b66a-08dd8ca641ed","Sector Contribution to GDP (Tourism)","مساهمة القطاع في الناتج المحلي الإجمالي (السياحة)","c70c10e6-764c-4ec7-a7a4-e96d4e72d76d","Sector Indicator","قطاع","sectorindicator","","","","","","56f68520-57a9-4bff-a680-11cc3322f780","7","Sectors","2","Amended","True","True","","True","True","False","False","","","","5/5/2026 10:28:47 AM",""
"912b46af-dd55-4296-8a56-08dea8e8edb0","c9d04624-898e-4c37-a41e-d12cdb8e1e6c","Program for International Student Assessment (PISA) Rank","ترتيب دولة قطر في مؤشر الاختبارات الدولية (PISA)","c70c10e6-764c-4ec7-a7a4-e96d4e72d76d","Sector Indicator","قطاع","sectorindicator","","","","","","3769563e-2ced-4ad9-9663-e74fcf662806","7","Sectors","2","Amended","True","True","","True","True","False","True","","","","5/6/2026 11:02:35 AM",""
"38bb0719-b784-4ccb-8a62-08dea8e8edb0","1c46d5ad-0c16-4f63-fd3c-08dd8ca66f9c","Non-Hydrocarbon Exports (share of total exports)","الصادرات غير الهيدروكربونية","e93a7eb3-66db-4869-9543-dad2ffa98e81","Economic Diversification Targets","أهداف التنويع الاقتصادي","economicdiversificationtargets","","","","","","25501fcb-7469-4e34-a991-96867dcc641e","6","DiversificationTargets","2","Amended","True","True","","True","True","False","False","","","","5/14/2026 8:57:39 AM",""
"10e4668d-b127-41eb-8a64-08dea8e8edb0","005df265-fd53-459f-a82e-154c9d4d16b0","Non-Hydrocarbon Government Revenue as Share of Non-Hydrocarbon GDP","نسبة الإيرادات الحكومية غير الهيدروكربونية من إجمالي الناتج المحلي غير الهيدروكربوني","e93a7eb3-66db-4869-9543-dad2ffa98e81","Economic Diversification Targets","أهداف التنويع الاقتصادي","economicdiversificationtargets","","","","","","25501fcb-7469-4e34-a991-96867dcc641e","6","DiversificationTargets","2","Amended","True","True","","True","True","False","False","","","","5/14/2026 9:41:17 AM",""
"d7b556c3-8765-45ae-e336-08deb3df601a","245dffef-7f82-45ac-b65b-08dd8ca641ed","Sector Contribution To GDP (Manufacturing)","مساهمة القطاع في الناتج المحلي الإجمالي (الصناعات التحويلية)","c70c10e6-764c-4ec7-a7a4-e96d4e72d76d","Sector Indicator","قطاع","sectorindicator","","","","","","0679a403-9ca5-4a05-952b-53250586775b","7","Sectors","2","Amended","True","True","","True","True","False","False","","","","5/17/2026 9:41:50 AM",""
"2a129acb-a3cd-41ea-e338-08deb3df601a","5893c1b0-ca0d-42b4-a410-b7104a28f3dd","Crop Yield  - Overall","إنتاجية المحاصيل","c70c10e6-764c-4ec7-a7a4-e96d4e72d76d","Sector Indicator","قطاع","sectorindicator","","","","","","183e97e8-172e-48bf-afb2-46b453b7ad23","7","Sectors","2","Amended","True","True","","True","True","False","False","","","","5/17/2026 11:47:11 AM",""
"efaa43e4-e034-4297-e33f-08deb3df601a","758f6b56-dec6-46d5-fd49-08dd8ca66f9c","Qataris Employed in Private Sector as Share of Total Qataris Employed","نسبة المواطنين القطريين العاملين في شركات القطاع الخاص","e93a7eb3-66db-4869-9543-dad2ffa98e81","Economic Diversification Targets","أهداف التنويع الاقتصادي","economicdiversificationtargets","","","","","","25501fcb-7469-4e34-a991-96867dcc641e","6","DiversificationTargets","2","Amended","True","True","","True","True","False","False","","","","5/20/2026 10:37:37 AM",""
"88b5dbfb-cfbd-4f0b-d61f-08deb3ea9ad6","86453f7b-aa2a-4832-b663-08dd8ca641ed","Workforce (Economically Active)","القوى العاملة (النشطون اقتصاديًا)","e93a7eb3-66db-4869-9543-dad2ffa98e81","Economic Diversification Targets","أهداف التنويع الاقتصادي","economicdiversificationtargets","","","","","","25501fcb-7469-4e34-a991-96867dcc641e","6","DiversificationTargets","2","Amended","True","True","","True","True","False","False","","","","5/20/2026 1:19:09 PM",""
"696c81d9-3d16-419d-23c8-08deb9658cc0","f40c099b-fe38-4c0c-ab6b-6f482504ba41","Qatar Fertilizer and Ammonia Exports","صادرات الأسمدة والأمونيا القطرية","5c103a27-3fbf-4115-a3a8-98ad20d19599","Special Projects","مشاريع خاصة","specialprojects","","","","","","831507e5-1f46-4d68-5d78-08de9e0a394b","3","SpecialProjects","2","Amended","True","True","","True","True","False","False","","","","5/24/2026 10:36:35 AM",""
"7d9f00cc-54cf-48cc-23ca-08deb9658cc0","b3081714-bb56-44aa-8634-99236a47c31c","Qatar Share of Global Strategic Commodity Supply","حصة قطر من الإمدادات العالمية للسلع الاستراتيجية","5c103a27-3fbf-4115-a3a8-98ad20d19599","Special Projects","مشاريع خاصة","specialprojects","","","","","","831507e5-1f46-4d68-5d78-08de9e0a394b","3","SpecialProjects","2","Amended","True","True","","True","True","False","False","","","","5/24/2026 10:41:44 AM",""
"8a3ddcb1-c262-4cea-23cb-08deb9658cc0","9f1b0ba8-2225-4f3e-973f-a5cf045627a9","Vessel Transit Activity","نشاط عبور السفن","5c103a27-3fbf-4115-a3a8-98ad20d19599","Special Projects","مشاريع خاصة","specialprojects","","","","","","831507e5-1f46-4d68-5d78-08de9e0a394b","3","SpecialProjects","2","Amended","True","True","","True","True","False","False","","","","5/24/2026 10:52:21 AM",""
"3e141fda-3e1d-4355-23cc-08deb9658cc0","f834d328-e379-4221-a9ec-2620875ac997","Qatar LNG Export","صادرات قطر من الغاز الطبيعي المسال","5c103a27-3fbf-4115-a3a8-98ad20d19599","Special Projects","مشاريع خاصة","specialprojects","","","","","","831507e5-1f46-4d68-5d78-08de9e0a394b","3","SpecialProjects","2","Amended","True","True","","True","True","False","False","","","","5/24/2026 11:00:31 AM",""
"bc645899-8766-4c2c-23ce-08deb9658cc0","7c3ab28c-a066-47a5-914b-26861ea54161","Commodity Price Index","مؤشر أسعار السلع","5c103a27-3fbf-4115-a3a8-98ad20d19599","Special Projects","مشاريع خاصة","specialprojects","","","","","","831507e5-1f46-4d68-5d78-08de9e0a394b","3","SpecialProjects","2","Amended","True","True","","True","True","False","False","","","","5/24/2026 11:26:41 AM",""
"5e2b1deb-f90b-4d8a-23cf-08deb9658cc0","9fa7d4bf-61ac-49a3-fd53-08dd8ca66f9c","Cost of Living","تكلفة المعيشة","e93a7eb3-66db-4869-9543-dad2ffa98e81","Economic Diversification Targets","أهداف التنويع الاقتصادي","economicdiversificationtargets","","","","","","25501fcb-7469-4e34-a991-96867dcc641e","6","DiversificationTargets","2","Amended","True","True","","True","True","False","False","","","","5/24/2026 1:56:34 PM",""
"86b1f4d0-454c-460b-ff6e-08deb966925e","7b2a03fc-c511-4c11-b6aa-bd77ce3b4ea2","Strait of Hormuz Transit Trade Volume","حجم التجارة العابرة لمضيق هرمز","5c103a27-3fbf-4115-a3a8-98ad20d19599","Special Projects","مشاريع خاصة","specialprojects","","","","","","831507e5-1f46-4d68-5d78-08de9e0a394b","3","SpecialProjects","2","Amended","True","True","","True","True","False","False","","","","5/24/2026 10:57:09 AM",""
"abcf9092-a2e6-4b5b-ff6f-08deb966925e","08c3ddaf-5a58-4e94-8fcb-be81e945b2ce","Qatar's Helium Export","صادرات قطر من الهيليوم","5c103a27-3fbf-4115-a3a8-98ad20d19599","Special Projects","مشاريع خاصة","specialprojects","","","","","","831507e5-1f46-4d68-5d78-08de9e0a394b","3","SpecialProjects","2","Amended","True","True","","True","True","False","False","","","","5/24/2026 11:02:22 AM",""
"2edd52f8-2cf0-492a-ff70-08deb966925e","18f1ee7f-8a9a-4523-9dcb-a8e4755a5b93","Monthly Change in Nominal Price Index","التغير الشهري في مؤشر الأسعار الاسمي","5c103a27-3fbf-4115-a3a8-98ad20d19599","Special Projects","مشاريع خاصة","specialprojects","","","","","","831507e5-1f46-4d68-5d78-08de9e0a394b","3","SpecialProjects","2","Amended","True","True","","True","True","False","False","","","","5/24/2026 11:08:24 AM",""
"f10efb73-ea8f-49a8-dfd3-08debee6364f","93032528-4506-4bf2-b118-1bab8728ce09","Global Merchandise Trade Growth","النمو السنوي لتجارة السلع","5c103a27-3fbf-4115-a3a8-98ad20d19599","Special Projects","مشاريع خاصة","specialprojects","","","","","","831507e5-1f46-4d68-5d78-08de9e0a394b","3","SpecialProjects","2","Amended","True","True","","True","True","False","False","","","","5/31/2026 11:38:15 AM",""
"c65e0835-1de9-41f1-dfd6-08debee6364f","f22dbb3c-c542-47d3-91b6-08dd8c9b1913","Global Food Security Index (GFSI) Rank","ترتيب دولة قطر في مؤشر الأمن الغذائي العالمي","c70c10e6-764c-4ec7-a7a4-e96d4e72d76d","Sector Indicator","قطاع","sectorindicator","","","","","","183e97e8-172e-48bf-afb2-46b453b7ad23","7","Sectors","2","Amended","True","True","","True","True","False","True","","","","6/2/2026 1:27:00 PM",""
"26384945-9579-4e96-dfd9-08debee6364f","9c9544d1-acd2-44e2-afb8-8a57a29a1ad8","Number of licensed FinTech & InsurTech players","عدد شركات التكنولوجيات المالية وتكنولوجيات التأمين المرخصة","c70c10e6-764c-4ec7-a7a4-e96d4e72d76d","Sector Indicator","قطاع","sectorindicator","","","","","","a0d0a555-e73a-475d-a643-d1274460d246","7","Sectors","2","Amended","True","True","","True","True","False","False","","","","6/4/2026 7:57:08 AM",""
"edde655f-0d43-4a62-980c-08dec461c232","b1d55322-0c41-4c59-1884-08dd8c9ac2e7","Sector Contribution To GDP (Agriculture & Livestock)","مساهمة القطاع في الناتج المحلي الإجمالي (الزراعة والإنتاج الحيواني والسمكي)","c70c10e6-764c-4ec7-a7a4-e96d4e72d76d","Sector Indicator","قطاع","sectorindicator","","","","","","183e97e8-172e-48bf-afb2-46b453b7ad23","7","Sectors","2","Amended","True","True","","True","True","False","False","","","","6/7/2026 9:55:28 AM",""
"56334e27-e32b-4163-980d-08dec461c232","c0ea29f9-c2b5-48c7-1885-08dd8c9ac2e7","Crop Yield  - Vegetables, Greenhouses","إنتاجية المحاصيل - الخضراوات  ، البيوت المحمية","c70c10e6-764c-4ec7-a7a4-e96d4e72d76d","Sector Indicator","قطاع","sectorindicator","","","","","","183e97e8-172e-48bf-afb2-46b453b7ad23","7","Sectors","2","Amended","True","True","","True","True","False","False","","","","6/7/2026 9:56:43 AM",""
"e2f78287-077e-48ee-980e-08dec461c232","80806c6e-efe6-4ec6-90b6-38d3fb904a7e","Cost per Student (K-12 Public Schools)","تكلفة الطالب في المدارس الحكومية (رياض الأطفال – المرحلة الثانوية)","c70c10e6-764c-4ec7-a7a4-e96d4e72d76d","Sector Indicator","قطاع","sectorindicator","2","Priority","مشروع ذو أولوية","priority","2","3769563e-2ced-4ad9-9663-e74fcf662806","7","Sectors","2","Amended","True","True","","True","True","False","False","","","","6/7/2026 10:49:19 AM",""
"6bb667c0-4287-4db5-9810-08dec461c232","32a62247-fdff-4032-b3bb-a4f438bbe26f","Share of Qataris enrolled in Government Schools out of the Total Number of Qataris in State Schools (Public and Private)","نسبة القطريين الملتحقين بالمدارس الحكومية من مجموع القطريين في مدارس الدولة (الحكومية والخاصة)","c70c10e6-764c-4ec7-a7a4-e96d4e72d76d","Sector Indicator","قطاع","sectorindicator","2","Priority","مشروع ذو أولوية","priority","2","3769563e-2ced-4ad9-9663-e74fcf662806","7","Sectors","2","Amended","True","True","","True","True","False","False","","","","6/11/2026 1:27:50 PM",""
"6ed25ef1-d1c4-4c93-9811-08dec461c232","8c2e44f0-93cd-48f4-9a4f-147bd1c540d0","Number of Teachers per Admins Staff (K-12 Public Schools), Overall","نسبة المعلمين إلى الإداريين في المدارس الحكومية (رياض الأطفال – المرحلة الثانوية)","c70c10e6-764c-4ec7-a7a4-e96d4e72d76d","Sector Indicator","قطاع","sectorindicator","2","Priority","مشروع ذو أولوية","priority","2","3769563e-2ced-4ad9-9663-e74fcf662806","7","Sectors","2","Amended","True","True","","True","True","False","False","","","","6/15/2026 11:51:47 AM",""
"e6478631-ea19-49ce-9819-08dec461c232","7402f9d2-0a2d-4ca5-fc27-08dd8f984037","Number of Jobs in the Sector (ICT)","عدد الوظائف في القطاع (تكنولوجيا المعلومات والاتصالات)","c70c10e6-764c-4ec7-a7a4-e96d4e72d76d","Sector Indicator","قطاع","sectorindicator","","","","","","193fd388-ded0-455f-86a3-32ac810c3e6a","7","Sectors","2","Amended","True","True","","True","True","False","False","This indicator will be activated once it is published in the National Central Database","سيتم تفعيل المؤشر حين نشره من قبل قاعدة البيانات المركزية للدولة","","6/22/2026 10:57:18 AM",""
"db70b0f9-0325-44f2-981a-08dec461c232","55f354bd-3861-430c-b907-250224a1d995","Budget Allocation by Sector","مخصصات الموازنة حسب القطاع","5c103a27-3fbf-4115-a3a8-98ad20d19599","Special Projects","مشاريع خاصة","specialprojects","","","","","","914cfe36-dbd0-4748-dd24-08decfbdd23b","3","SpecialProjects","2","Amended","True","True","","True","True","False","False","","","","6/23/2026 9:55:03 AM",""
"a575f11f-9184-43d3-981b-08dec461c232","b8850afa-e4f2-49e8-b8dd-0fc999546ee9","Domestic vs External Debt","الدين المحلي مقابل الخارج","5c103a27-3fbf-4115-a3a8-98ad20d19599","Special Projects","مشاريع خاصة","specialprojects","","","","","","914cfe36-dbd0-4748-dd24-08decfbdd23b","3","SpecialProjects","2","Amended","True","True","","True","True","False","False","","","","6/23/2026 10:20:30 AM",""
"225aa6f6-56e3-497b-981c-08dec461c232","ffa5b3e3-ec39-4762-b5e8-cecb0312f577","Share of High-Skilled Blue Collar (Agriculture)","نسبة الوظائف عالية المهارة من ذوي الياقات الزرقاء (الزراعة)","c70c10e6-764c-4ec7-a7a4-e96d4e72d76d","Sector Indicator","قطاع","sectorindicator","","","","","","183e97e8-172e-48bf-afb2-46b453b7ad23","7","Sectors","2","Amended","True","True","","True","True","False","False","","","","6/23/2026 11:11:56 AM",""
"774f3591-1aca-43fc-981d-08dec461c232","4e923d8d-220e-4f8a-afb8-b073c9f6fb67","Investments into the Sector","الاستثمار في القطاع","c70c10e6-764c-4ec7-a7a4-e96d4e72d76d","Sector Indicator","قطاع","sectorindicator","","","","","","0679a403-9ca5-4a05-952b-53250586775b","7","Sectors","2","Amended","True","True","","True","True","False","False","","","","6/25/2026 12:02:26 PM",""
"3246e1e8-af83-46dd-981e-08dec461c232","0cc207f1-3665-47fa-fd4b-08dd8ca66f9c","World Competitiveness Index Rank","ترتيب دولة قطر في مؤشر التنافسية العالمي","e93a7eb3-66db-4869-9543-dad2ffa98e81","Economic Diversification Targets","أهداف التنويع الاقتصادي","economicdiversificationtargets","","","","","","25501fcb-7469-4e34-a991-96867dcc641e","6","DiversificationTargets","2","Amended","True","True","","True","True","False","True","","","","6/28/2026 10:27:43 AM",""
"ba18197c-7b0a-454a-981f-08dec461c232","55d5cfff-5e3e-436a-fd45-08dd8ca66f9c","Number of Jobs in the sector","عدد الوظائف في القطاع","c70c10e6-764c-4ec7-a7a4-e96d4e72d76d","Sector Indicator","قطاع","sectorindicator","","","","","","39740084-7387-4caa-886a-8bd5c71fd799","7","Sectors","2","Amended","True","True","","True","True","False","False","","","","7/2/2026 11:47:08 AM",""
"5c9c8cbf-0a81-41fe-9820-08dec461c232","70b9828b-9a49-4b1b-fd47-08dd8ca66f9c","Goods Re-export","إعادة تصدير السِّلع","c70c10e6-764c-4ec7-a7a4-e96d4e72d76d","Sector Indicator","قطاع","sectorindicator","","","","","","39740084-7387-4caa-886a-8bd5c71fd799","7","Sectors","2","Amended","True","True","","True","True","False","False","","","","7/2/2026 12:43:47 PM",""
"9877beae-0c69-41b0-9821-08dec461c232","76a27450-0ee7-4a1d-91af-d310a5d8982e","Share of Private Sector Beds in Hospitals","نسبة الأسرة في مستشفيات القطاع الخاص","c70c10e6-764c-4ec7-a7a4-e96d4e72d76d","Sector Indicator","قطاع","sectorindicator","","","","","","f48b7019-ef34-4eb7-859d-2e4bde81d3c1","7","Sectors","2","Amended","True","True","","True","True","False","False","","","","7/5/2026 11:43:02 AM",""
"b05f6bd5-256d-4940-9823-08dec461c232","82cb353f-7635-44e6-fd43-08dd8ca66f9c","Global Cybersecurity Index (GCI) Rank","ترتيب دولة قطر في مؤشر الأمن السيبراني العالمي","c70c10e6-764c-4ec7-a7a4-e96d4e72d76d","Sector Indicator","قطاع","sectorindicator","2","Priority","مشروع ذو أولوية","priority","2","193fd388-ded0-455f-86a3-32ac810c3e6a","7","Sectors","2","Amended","True","True","","True","True","False","True","","","","7/5/2026 12:12:54 PM",""
"3b7d26fa-9bed-4f0c-9824-08dec461c232","b7423a5a-03cc-43e2-a035-57ab9a8c95a8","Exports of Pharmaceuticals, Medical Devices and Consumables","الصادرات من المستحضرات الدوائية و الأجهزة و المواد الاستهلاكية الطبية","c70c10e6-764c-4ec7-a7a4-e96d4e72d76d","Sector Indicator","قطاع","sectorindicator","","","","","","f48b7019-ef34-4eb7-859d-2e4bde81d3c1","7","Sectors","2","Amended","True","True","","True","True","False","False","","","","7/6/2026 10:16:58 AM",""
"4f91e1dd-ba9f-4d46-9826-08dec461c232","12a08667-7e80-45dd-870b-bda55ed79c7a","Share of high-skilled labor","نسبة الوظائف عالية المهارة من إجمالي الوظائف في القطاع","c70c10e6-764c-4ec7-a7a4-e96d4e72d76d","Sector Indicator","قطاع","sectorindicator","","","","","","183e97e8-172e-48bf-afb2-46b453b7ad23","7","Sectors","2","Amended","True","True","","True","True","False","False","","","","7/21/2026 8:05:12 AM",""
"4156ff1a-bda7-44e7-9827-08dec461c232","19074f95-570d-42c1-a85a-9c08cbfbd2d6","Production in Greenhouses, Overall","الإنتاج في البيوت المحمية","c70c10e6-764c-4ec7-a7a4-e96d4e72d76d","Sector Indicator","قطاع","sectorindicator","2","Priority","مشروع ذو أولوية","priority","2","183e97e8-172e-48bf-afb2-46b453b7ad23","7","Sectors","2","Amended","True","True","","True","True","False","False","","","","7/21/2026 8:57:08 AM",""
"4f9134c3-4745-4447-9831-08dec461c232","61cd97c1-aa02-472b-bb04-08de0ba11ad8","Self-Sufficiency for Strategic Commodities","الاكتفاء الذاتي من السلع الاستراتيجية","c70c10e6-764c-4ec7-a7a4-e96d4e72d76d","Sector Indicator","قطاع","sectorindicator","","","","","","183e97e8-172e-48bf-afb2-46b453b7ad23","7","Sectors","2","Amended","True","True","","True","True","False","False","","","","7/23/2026 8:48:34 AM",""
"fe118e23-ca38-4822-9832-08dec461c232","02fcdd46-0963-4e37-8af1-4770b516029f","Crop Yield - Vegetables, Open Field","إنتاجية المحاصيل - الخضراوات  ، الحقول المكشوفة","c70c10e6-764c-4ec7-a7a4-e96d4e72d76d","Sector Indicator","قطاع","sectorindicator","","","","","","183e97e8-172e-48bf-afb2-46b453b7ad23","7","Sectors","2","Amended","True","True","","True","True","False","False","","","","7/23/2026 8:50:45 AM",""
"0c2adf88-a3ed-4cc0-9833-08dec461c232","cc2c80e4-646d-4222-9130-0e41c6995a1c","Port Utilization","نسبة استغلال الموانئ","c70c10e6-764c-4ec7-a7a4-e96d4e72d76d","Sector Indicator","قطاع","sectorindicator","","","","","","39740084-7387-4caa-886a-8bd5c71fd799","7","Sectors","2","Amended","True","True","","True","True","False","False","","","","7/23/2026 10:24:45 AM",""
"a598da16-09c2-43c4-9835-08dec461c232","8be3e6c5-7a69-45f4-91b3-08dd8c9b1913","Total Exports (Goods and Services)","إجمالي الصادرات (السلع والخدمات)","31c7e4b7-7d30-4576-b683-d5fc7aa05a6b","National Indicator","المؤشرات الوطنية","nationalindicator","","","","","","072f11c0-6d50-47da-aadf-8513eccd7ab2","5","NationalIndicators","2","Amended","True","True","","True","True","False","False","","","","7/26/2026 1:38:28 PM",""
"b5ade6c5-419c-4b5f-9836-08dec461c232","bf24acec-dc99-4bfe-91b2-08dd8c9b1913","Gross National Income","الدخل القومي الإجمالي","31c7e4b7-7d30-4576-b683-d5fc7aa05a6b","National Indicator","المؤشرات الوطنية","nationalindicator","","","","","","072f11c0-6d50-47da-aadf-8513eccd7ab2","5","NationalIndicators","2","Amended","True","True","","True","True","False","False","","","","7/26/2026 1:59:23 PM",""
"e641b12b-e4d1-47ab-9837-08dec461c232","2c5f499f-a5f1-471a-b662-08dd8ca641ed","Sector Exports - Passenger","صادرات القطاع - الركاب","c70c10e6-764c-4ec7-a7a4-e96d4e72d76d","Sector Indicator","قطاع","sectorindicator","","","","","","39740084-7387-4caa-886a-8bd5c71fd799","7","Sectors","2","Amended","True","True","","True","True","False","False","","","","7/28/2026 1:00:38 PM",""
"5c5f7cbe-766d-43ec-9838-08dec461c232","a46e0a94-6d58-4983-fd46-08dd8ca66f9c","Sector Exports (Transportation and Storage)","صادرات القطاع (النقل والتخزين)","c70c10e6-764c-4ec7-a7a4-e96d4e72d76d","Sector Indicator","قطاع","sectorindicator","","","","","","39740084-7387-4caa-886a-8bd5c71fd799","7","Sectors","2","Amended","True","True","","True","True","False","False","","","","7/28/2026 1:02:31 PM",""
"df817187-b7f9-4564-9839-08dec461c232","9220070d-11ed-44bf-a68f-ccda8cc7f780","Greenhouse Gas Emissions","انبعاثات الغازات الدفيئة","e93a7eb3-66db-4869-9543-dad2ffa98e81","Economic Diversification Targets","أهداف التنويع الاقتصادي","economicdiversificationtargets","","","","","","25501fcb-7469-4e34-a991-96867dcc641e","6","DiversificationTargets","2","Amended","True","True","","True","True","False","False","","","","7/29/2026 1:55:35 PM",""
"8237bfca-5944-4723-983a-08dec461c232","d05eeb9f-1b44-4422-91b5-08dd8c9b1913","Number of International Visitors","عدد السياح من خارج الدولة","c70c10e6-764c-4ec7-a7a4-e96d4e72d76d","Sector Indicator","قطاع","sectorindicator","","","","","","56f68520-57a9-4bff-a680-11cc3322f780","7","Sectors","2","Amended","True","True","","True","True","False","False","","","","8/2/2026 9:36:58 AM",""
"c808315b-a4f3-4f8e-983b-08dec461c232","763a8c21-54b8-4fae-fc29-08dd8f984037","Number of Hotel Keys and Occupancy Rate","عدد الغرف الفندقية المتاحة ومعدل نسب الإشغال للفنادق","c70c10e6-764c-4ec7-a7a4-e96d4e72d76d","Sector Indicator","قطاع","sectorindicator","","","","","","56f68520-57a9-4bff-a680-11cc3322f780","7","Sectors","2","Amended","True","True","","True","True","False","False","","","","8/2/2026 9:47:42 AM",""
"a0089110-7044-43a4-983c-08dec461c232","41a2ec6f-77e9-4800-1883-08dd8c9ac2e7","Number of Room Nights Sold","عدد الليالي الفندقية المباعة","c70c10e6-764c-4ec7-a7a4-e96d4e72d76d","Sector Indicator","قطاع","sectorindicator","","","","","","56f68520-57a9-4bff-a680-11cc3322f780","7","Sectors","2","Amended","True","True","","True","True","False","False","","","","8/2/2026 9:53:01 AM",""
"cfbc3145-b350-480b-983d-08dec461c232","533daac2-2e84-4f4d-fd3e-08dd8ca66f9c","Private Expenditure on Health as a Percentage of Total Current Health Expenditure","نسبة إنفاق القطاع الخاص في الصحة من الإنفاق الحالي على قطاع الصحة","c70c10e6-764c-4ec7-a7a4-e96d4e72d76d","Sector Indicator","قطاع","sectorindicator","2","Priority","مشروع ذو أولوية","priority","2","f48b7019-ef34-4eb7-859d-2e4bde81d3c1","7","Sectors","2","Amended","True","True","","True","True","False","False","","","","8/3/2026 8:24:02 AM",""
"86cbbcb4-a2f2-4ae7-983e-08dec461c232","bafacc7e-f737-476e-b6ba-fd40d28b5b2c","Total Value of Corporate Bonds Issued in Qatar","إجمالي قيمة سندات الشركات التي تمّ إصدارها في دولة قطر","c70c10e6-764c-4ec7-a7a4-e96d4e72d76d","Sector Indicator","قطاع","sectorindicator","","","","","","a0d0a555-e73a-475d-a643-d1274460d246","7","Sectors","2","Amended","True","True","","True","True","False","False","","","","8/3/2026 8:31:38 AM",""
"94900167-3d2b-4f52-983f-08dec461c232","47ddf8d8-71d4-4f57-4a6f-08dd8f83b962","Qatar's Credit Rating","التصنيف الائتماني لدولة قطر","c70c10e6-764c-4ec7-a7a4-e96d4e72d76d","Sector Indicator","قطاع","sectorindicator","2","Priority","مشروع ذو أولوية","priority","2","a0d0a555-e73a-475d-a643-d1274460d246","7","Sectors","2","Amended","True","True","","True","True","False","True","","","","8/3/2026 8:32:43 AM",""
"77bb033c-e866-42b2-9841-08dec461c232","cee2553d-6094-4b68-fd50-08dd8ca66f9c","Number of Qatari Jobs (Financial & Insurance)","عدد الوظائف للقطريين (الأنشطة المالية وأنشطة التأمين)","c70c10e6-764c-4ec7-a7a4-e96d4e72d76d","Sector Indicator","قطاع","sectorindicator","2","Priority","مشروع ذو أولوية","priority","2","a0d0a555-e73a-475d-a643-d1274460d246","7","Sectors","2","Amended","True","True","","True","True","False","False","","","","8/4/2026 8:20:21 AM",""
"fef5502f-a93e-4cf8-9842-08dec461c232","360e8845-c761-46a1-9c6f-5f6bbc0cf7e1","Number of Hospital Beds","عدد الأسرة في المستشفيات","c70c10e6-764c-4ec7-a7a4-e96d4e72d76d","Sector Indicator","قطاع","sectorindicator","","","","","","f48b7019-ef34-4eb7-859d-2e4bde81d3c1","7","Sectors","2","Amended","True","True","","True","True","False","False","","","","8/4/2026 12:21:58 PM",""
"78356970-e976-4aba-9843-08dec461c232","583bc855-3436-4eee-fd3d-08dd8ca66f9c","number of medical graduates - Qataris","عدد خريجي الطب من القطريين","c70c10e6-764c-4ec7-a7a4-e96d4e72d76d","Sector Indicator","قطاع","sectorindicator","","","","","","f48b7019-ef34-4eb7-859d-2e4bde81d3c1","7","Sectors","2","Amended","True","True","","True","True","False","False","","","","8/4/2026 12:36:03 PM",""
"fb62d5b6-f515-40e2-9844-08dec461c232","9bfcfd0f-206c-4a81-b656-08dd8ca641ed","Pharmaceuticals, Medical Devices and Consumables Produced in Qatar","الأدوية والأجهزة الطبية والمواد الاستهلاكية المنتجة في قطر","c70c10e6-764c-4ec7-a7a4-e96d4e72d76d","Sector Indicator","قطاع","sectorindicator","","","","","","f48b7019-ef34-4eb7-859d-2e4bde81d3c1","7","Sectors","2","Amended","True","True","","True","True","False","False","","","","8/4/2026 1:06:13 PM",""
"5fad875e-7c72-43d4-9849-08dec461c232","194fcb35-bb1c-46c6-8de5-2c125292c51a","Inflation","معدل التضخم","31c7e4b7-7d30-4576-b683-d5fc7aa05a6b","National Indicator","المؤشرات الوطنية","nationalindicator","","","","","","072f11c0-6d50-47da-aadf-8513eccd7ab2","5","NationalIndicators","2","Amended","True","True","","True","True","True","False","","","","8/5/2026 9:16:42 AM",""
"5fab87f3-d983-46d4-9850-08dec461c232","f87388f1-b2c3-48e3-b667-08dd8ca641ed","Number of Jobs in the Sector (Financial & Insurance Sector)","عدد الوظائف في القطاع (الأنشطة المالية وأنشطة التأمين)","c70c10e6-764c-4ec7-a7a4-e96d4e72d76d","Sector Indicator","قطاع","sectorindicator","","","","","","a0d0a555-e73a-475d-a643-d1274460d246","7","Sectors","2","Amended","True","True","","True","True","False","False","","","","8/10/2026 11:27:48 AM",""
"f0c369a6-468a-4ebc-00d1-08dec462e11d","d7768ce6-7e13-4213-1886-08dd8c9ac2e7","Total Production","إجمالي الإنتاج","c70c10e6-764c-4ec7-a7a4-e96d4e72d76d","Sector Indicator","قطاع","sectorindicator","2","Priority","مشروع ذو أولوية","priority","2","183e97e8-172e-48bf-afb2-46b453b7ad23","7","Sectors","2","Amended","True","True","","True","True","False","False","","","","6/7/2026 10:03:29 AM",""
"f8a7c25c-ab6b-4c5d-00d2-08dec462e11d","a556ef9d-4795-4695-b2d3-25142a6a5fe4","Number of Students per Teacher in Public Schools (K-12 Public Schools)","نسبة المعلمين الى الطلبة في المدارس الحكومية (رياض الأطفال – المرحلة الثانوية)","c70c10e6-764c-4ec7-a7a4-e96d4e72d76d","Sector Indicator","قطاع","sectorindicator","2","Priority","مشروع ذو أولوية","priority","2","3769563e-2ced-4ad9-9663-e74fcf662806","7","Sectors","2","Amended","True","True","","True","True","False","False","","","","6/7/2026 10:50:51 AM",""
"9f8975c5-215a-4533-00d3-08dec462e11d","b702a135-ef05-4f35-bacf-c59380d5d28e","Share of Qatari Students Out of Total Number of Students in Public Schools (K-12)","نسبة الطلبة القطريين من إجمالي عدد الطلاب في المدارس الحكومية (رياض الأطفال – المرحلة الثانوية)","c70c10e6-764c-4ec7-a7a4-e96d4e72d76d","Sector Indicator","قطاع","sectorindicator","2","Priority","مشروع ذو أولوية","priority","2","3769563e-2ced-4ad9-9663-e74fcf662806","7","Sectors","2","Amended","True","True","","True","True","False","False","","","","6/7/2026 10:51:44 AM",""
"2d6acf61-cf68-4f92-00d4-08dec462e11d","e7d27610-ec54-4087-fd41-08dd8ca66f9c","Sector Contribution To GDP (ICT)","مساهمة القطاع في الناتج المحلي الإجمالي (المعلومات والاتصالات)","c70c10e6-764c-4ec7-a7a4-e96d4e72d76d","Sector Indicator","قطاع","sectorindicator","","","","","","193fd388-ded0-455f-86a3-32ac810c3e6a","7","Sectors","2","Amended","True","True","","True","True","False","False","","","","6/8/2026 12:39:41 PM",""
"32bb4d16-587b-4c9a-c6c9-08decabb6cc2","293496ae-5d13-4139-83a1-4d833396793b","Share of Qatari Teachers","نسبة المعلمين القطريين","c70c10e6-764c-4ec7-a7a4-e96d4e72d76d","Sector Indicator","قطاع","sectorindicator","","","","","","3769563e-2ced-4ad9-9663-e74fcf662806","7","Sectors","2","Amended","True","True","","True","True","False","False","","","","6/15/2026 11:52:26 AM",""
"3a1df49d-ed50-444c-16f3-08decfcf5819","d5b90910-0224-4d72-9a42-77664d400101","State Budget Performance","أداء ميزانية الولاية","5c103a27-3fbf-4115-a3a8-98ad20d19599","Special Projects","مشاريع خاصة","specialprojects","","","","","","914cfe36-dbd0-4748-dd24-08decfbdd23b","3","SpecialProjects","2","Amended","True","True","","True","True","False","False","","","","6/23/2026 9:22:23 AM",""
"4cc09467-f0d6-435c-16f4-08decfcf5819","1c7e993d-4388-4448-9b76-edfcaeac4023","Revenue vs Expenditure","الإيرادات مقابل الإنفاق","5c103a27-3fbf-4115-a3a8-98ad20d19599","Special Projects","مشاريع خاصة","specialprojects","","","","","","914cfe36-dbd0-4748-dd24-08decfbdd23b","3","SpecialProjects","2","Amended","True","True","","True","True","False","False","","","","6/23/2026 9:37:27 AM",""
"af7b505f-f7e9-43f1-16f5-08decfcf5819","9229663a-6caa-480d-876b-66b1f05549af","Expenditure Breakdown","تفصيل الإنفاق","5c103a27-3fbf-4115-a3a8-98ad20d19599","Special Projects","مشاريع خاصة","specialprojects","","","","","","914cfe36-dbd0-4748-dd24-08decfbdd23b","3","SpecialProjects","2","Amended","True","True","","True","True","False","False","","","","6/23/2026 10:06:55 AM",""
"9c037f4d-5d9a-4e73-66e2-08ded4dc1595","13262750-1a55-4af5-8b27-76570645d786","Number of Health Practitioners","عدد ممارسي مهنة الطب","c70c10e6-764c-4ec7-a7a4-e96d4e72d76d","Sector Indicator","قطاع","sectorindicator","","","","","","f48b7019-ef34-4eb7-859d-2e4bde81d3c1","7","Sectors","2","Amended","True","True","","True","True","False","False","","","","6/28/2026 9:11:25 AM",""
"8c80bd45-0ad9-41ac-66e3-08ded4dc1595","5620107f-b4df-434f-8a21-58d344380e2e","Non-Hydrocarbon Government Revenues as Share of Government Revenues","نسبة الإيرادات الحكومية غير الهيدروكربونية من إجمالي الإيرادات الحكومية","e93a7eb3-66db-4869-9543-dad2ffa98e81","Economic Diversification Targets","أهداف التنويع الاقتصادي","economicdiversificationtargets","","","","","","25501fcb-7469-4e34-a991-96867dcc641e","6","DiversificationTargets","2","Amended","True","True","","True","True","False","False","","","","6/28/2026 10:26:58 AM",""
"a5dc655f-39dd-465c-66e4-08ded4dc1595","6bd9178a-3172-4434-fd4d-08dd8ca66f9c","Sector Contribution To GDP (Transportation and storage)","مساهمة القطاع في الناتج المحلي الإجمالي (النقل والتخزين)","c70c10e6-764c-4ec7-a7a4-e96d4e72d76d","Sector Indicator","قطاع","sectorindicator","","","","","","39740084-7387-4caa-886a-8bd5c71fd799","7","Sectors","2","Amended","True","True","","True","True","False","False","","","","6/30/2026 8:15:18 AM",""
"9edc764f-f529-4b94-1ec6-08deda71879b","eae5aa30-a5e6-4d0c-8d1a-341554b4bd64","Share of Beds in Semi-Public Hospitals","نسبة الأسرة في مستشفيات القطاع شبه حكومي","c70c10e6-764c-4ec7-a7a4-e96d4e72d76d","Sector Indicator","قطاع","sectorindicator","","","","","","f48b7019-ef34-4eb7-859d-2e4bde81d3c1","7","Sectors","2","Amended","True","True","","True","True","False","False","","","","7/5/2026 11:43:47 AM",""
"6a025aec-0e58-4a9c-1ec7-08deda71879b","2ca8fc3b-0cad-4cf8-8357-dbd643445e8e","Share of Beds in Public Hospitals","نسبة الأسرة في مستشفيات القطاع الحكومي","c70c10e6-764c-4ec7-a7a4-e96d4e72d76d","Sector Indicator","قطاع","sectorindicator","","","","","","f48b7019-ef34-4eb7-859d-2e4bde81d3c1","7","Sectors","2","Amended","True","True","","True","True","False","False","","","","7/5/2026 11:46:06 AM",""
"633dc513-6f33-4bb5-1ec8-08deda71879b","bc0144bd-8228-4022-fd42-08dd8ca66f9c","Network Readiness Index (NRI) Rank","ترتيب دولة قطر في مؤشر الجاهزية الشبكية","c70c10e6-764c-4ec7-a7a4-e96d4e72d76d","Sector Indicator","قطاع","sectorindicator","2","Priority","مشروع ذو أولوية","priority","2","193fd388-ded0-455f-86a3-32ac810c3e6a","7","Sectors","2","Amended","True","True","","True","True","False","True","","","","7/5/2026 12:14:30 PM",""
"ecda5ca3-5c3f-431d-a32d-08dee641c198","fa99fe1b-67ff-4d0b-bf71-0d26577d96a2","Share of Students Who Have Completed University Education As a Percentage of Total Post-Secondary Students - Non Qatari","نسبة الطلبة الذين أكملوا تعليمهم الجامعي كنسبة من إجمالي طلاب ما بعد الثانوية  - غير القطريين","c70c10e6-764c-4ec7-a7a4-e96d4e72d76d","Sector Indicator","قطاع","sectorindicator","2","Priority","مشروع ذو أولوية","priority","2","3769563e-2ced-4ad9-9663-e74fcf662806","7","Sectors","2","Amended","True","True","","True","True","False","False","","","","7/20/2026 12:32:03 PM",""
"51923029-874a-4a0e-a32e-08dee641c198","d1ef9ef5-aa9a-4132-a04b-8cf63fe8387e","Share of high-skilled labor - Qataris","نسبة الوظائف عالية المهارة من إجمالي الوظائف في القطاع - القطريين","c70c10e6-764c-4ec7-a7a4-e96d4e72d76d","Sector Indicator","قطاع","sectorindicator","2","Priority","مشروع ذو أولوية","priority","2","183e97e8-172e-48bf-afb2-46b453b7ad23","7","Sectors","2","Amended","True","True","","True","True","False","False","","","","7/21/2026 8:14:58 AM",""
"9e0bf9c1-f585-4302-a32f-08dee641c198","ad571512-2f76-4997-aec1-6107e12b97e2","Water Consumption","استهلاك المياه","c70c10e6-764c-4ec7-a7a4-e96d4e72d76d","Sector Indicator","قطاع","sectorindicator","2","Priority","مشروع ذو أولوية","priority","2","183e97e8-172e-48bf-afb2-46b453b7ad23","7","Sectors","2","Amended","True","True","","True","True","False","False","","","","7/21/2026 8:58:07 AM",""
"db232b25-daca-4ab5-a338-08dee641c198","dce52566-4595-40f2-b329-884d612aff57","Share of Students Who Have Completed University Education As a Percentage of Total Post-Secondary Students - Overall","نسبة الطلبة الذين أكملوا التعليم الجامعي كنسبة من إجمالي طلبة ما بعد المرحلة الثانوية - بشكل عام","c70c10e6-764c-4ec7-a7a4-e96d4e72d76d","Sector Indicator","قطاع","sectorindicator","2","Priority","مشروع ذو أولوية","priority","2","3769563e-2ced-4ad9-9663-e74fcf662806","7","Sectors","2","Amended","True","True","","True","True","False","False","","","","7/22/2026 12:54:10 PM",""
"4a88b450-130e-4be4-a339-08dee641c198","a0c2e90b-f288-4654-b732-448a2355654c","Share of High-Skilled White Collar (Agriculture)","نسبة الوظائف عالية المهارة من ذوي الياقات البيضاء (الزراعة)","c70c10e6-764c-4ec7-a7a4-e96d4e72d76d","Sector Indicator","قطاع","sectorindicator","","","","","","183e97e8-172e-48bf-afb2-46b453b7ad23","7","Sectors","2","Amended","True","True","","True","True","False","False","","","","7/23/2026 8:49:54 AM",""
"29d4d4aa-76d1-42a4-a33a-08dee641c198","51c0cbe2-7c08-440f-4a6d-08dd8f83b962","Sector Exports (Manufacturing)","صادرات القطاع (الصناعات التحويلية)","c70c10e6-764c-4ec7-a7a4-e96d4e72d76d","Sector Indicator","قطاع","sectorindicator","","","","","","0679a403-9ca5-4a05-952b-53250586775b","7","Sectors","2","Amended","True","True","","True","True","False","False","","","","7/23/2026 10:55:22 AM",""
"2fbc0553-b137-4021-0e03-08deeafdc6d6","e7f7820a-fa7c-47ba-91b0-08dd8c9b1913","Government Revenues","الإيرادات الحكومية في ميزانية الدولة","31c7e4b7-7d30-4576-b683-d5fc7aa05a6b","National Indicator","المؤشرات الوطنية","nationalindicator","","","","","","072f11c0-6d50-47da-aadf-8513eccd7ab2","5","NationalIndicators","2","Amended","True","True","","True","True","False","False","","","","7/26/2026 1:18:07 PM",""
"6a664f7d-84e9-44a9-0e04-08deeafdc6d6","b596bac5-0dc8-4dec-91b1-08dd8c9b1913","Trade Balance (Goods & Services)","الميزان التجاري (السلع والخدمات)","31c7e4b7-7d30-4576-b683-d5fc7aa05a6b","National Indicator","المؤشرات الوطنية","nationalindicator","","","","","","072f11c0-6d50-47da-aadf-8513eccd7ab2","5","NationalIndicators","2","Amended","True","True","","True","True","False","False","","","","7/26/2026 1:53:00 PM",""
"f2b33590-7ef4-45f3-0e05-08deeafdc6d6","50df01f3-d291-4a94-bd6f-8087df24aa8a","Share of Students Who Have Completed University Education As a Percentage of Total Post-Secondary Students - Qatari","نسبة الطلبة الذين أكملوا التعليم الجامعي كنسبة من إجمالي طلبة ما بعد المرحلة الثانوية - قطريين","c70c10e6-764c-4ec7-a7a4-e96d4e72d76d","Sector Indicator","قطاع","sectorindicator","2","Priority","مشروع ذو أولوية","priority","2","3769563e-2ced-4ad9-9663-e74fcf662806","7","Sectors","2","Amended","True","True","","True","True","False","False","","","","7/28/2026 10:11:50 AM",""
"8e7d0bcf-78ac-47f1-790e-08def0866aa3","03b6dab9-bdb3-4858-9727-4aa7bd3be850","Public Debt as a Percentage of GDP (%)","الدين العام  (نسبة من الناتج المحلي الإجمالي)","31c7e4b7-7d30-4576-b683-d5fc7aa05a6b","National Indicator","المؤشرات الوطنية","nationalindicator","","","","","","072f11c0-6d50-47da-aadf-8513eccd7ab2","5","NationalIndicators","2","Amended","True","True","","True","True","False","False","","","","8/2/2026 2:08:44 PM",""
"90f51bae-c903-46a5-790f-08def0866aa3","60be3657-a99d-4dc0-b655-08dd8ca641ed","Out-of-Pocket Expenditure as a Percentage of Current Health Expenditure","نسبة الإنفاق من الجيب الخاص من الإنفاق على قطاع الصحة الحالي","c70c10e6-764c-4ec7-a7a4-e96d4e72d76d","Sector Indicator","قطاع","sectorindicator","2","Priority","مشروع ذو أولوية","priority","2","f48b7019-ef34-4eb7-859d-2e4bde81d3c1","7","Sectors","2","Amended","True","True","","True","True","False","False","","","","8/3/2026 8:25:25 AM",""
"ea03b9d1-de4d-4036-7911-08def0866aa3","e9156da3-4411-464f-a320-e7c92cb24a7a","Percentage of Floating Shares Owned by Foreigners","نسبة ملكية المستثمرين الأجانب من إجمالي القيمة السوقية للأسهم المتداولة","c70c10e6-764c-4ec7-a7a4-e96d4e72d76d","Sector Indicator","قطاع","sectorindicator","","","","","","a0d0a555-e73a-475d-a643-d1274460d246","7","Sectors","2","Amended","True","True","","True","True","False","False","","","","8/3/2026 8:39:36 AM",""
"ecaf0b90-cb84-46ce-7912-08def0866aa3","c1392d7e-8305-4df3-8b74-83b9cc78cff2","Number of Non-Qatari Jobs (Financial and Insurance Activities)","عدد الوظائف لغير القطريين(الأنشطة المالية وأنشطة التأمين)","c70c10e6-764c-4ec7-a7a4-e96d4e72d76d","Sector Indicator","قطاع","sectorindicator","","","","","","a0d0a555-e73a-475d-a643-d1274460d246","7","Sectors","2","Amended","True","True","","True","True","False","False","","","","8/4/2026 8:19:20 AM",""
"cb6a2246-50f5-4fcd-7913-08def0866aa3","7df3a1b8-a0b6-43e0-fd3b-08dd8ca66f9c","Sector Contribution To GDP (Health & Social Services)","مساهمة القطاع في الناتج المحلي الإجمالي (الرعاية الصحية والخدمات الاجتماعية)","c70c10e6-764c-4ec7-a7a4-e96d4e72d76d","Sector Indicator","قطاع","sectorindicator","","","","","","f48b7019-ef34-4eb7-859d-2e4bde81d3c1","7","Sectors","2","Amended","True","True","","True","True","False","False","","","","8/4/2026 12:30:38 PM",""
"43abd900-755b-48bb-7919-08def0866aa3","88d0873d-62f2-4329-b65a-08dd8ca641ed","Sector Contribution To GDP (Financial & Insurance)","مساهمة القطاع في الناتج المحلي الإجمالي (الأنشطة المالية وأنشطة التأمين)","c70c10e6-764c-4ec7-a7a4-e96d4e72d76d","Sector Indicator","قطاع","sectorindicator","","","","","","a0d0a555-e73a-475d-a643-d1274460d246","7","Sectors","2","Amended","True","True","","True","True","False","False","","","","8/6/2026 8:10:31 AM",""
"61f82d6b-6ab6-4ce8-791a-08def0866aa3","45fbb3d2-128c-4b4e-8b62-d7da703a5d7b","Gross Written Insurance Premiums - National and International Companies","إجمالي أقساط التأمين المكتَتبة - الشركات الوطنية والدولية","c70c10e6-764c-4ec7-a7a4-e96d4e72d76d","Sector Indicator","قطاع","sectorindicator","2","Priority","مشروع ذو أولوية","priority","2","a0d0a555-e73a-475d-a643-d1274460d246","7","Sectors","2","Amended","True","True","","True","True","False","False","","","","8/6/2026 8:11:55 AM",""
"aef8dc96-bf8d-4fbd-908f-08def5e05d1a","7e1bc17b-15b9-43b3-b660-08dd8ca641ed","Number of Qatari Jobs","عدد وظائف القطريين","c70c10e6-764c-4ec7-a7a4-e96d4e72d76d","Sector Indicator","قطاع","sectorindicator","2","Priority","مشروع ذو أولوية","priority","2","39740084-7387-4caa-886a-8bd5c71fd799","7","Sectors","2","Amended","True","True","","True","True","False","False","This indicator will be activated once it is published in the National Central Database","سيتم تفعيل المؤشر حين نشره من قبل قاعدة البيانات المركزية للدولة","","8/10/2026 11:34:04 AM",""
