"PublishedBenchmarkCountryId","PublishedIndicatorDetailId","PublishedIndicatorId","CountryId","CountryEN","CountryAR","CountryCode","CreatedAt","UpdatedAt"
"35476082-cb3c-448d-813e-08de75253b8e","f52a8461-8066-4ff4-7081-08de7446bf5c","e8b7aa3b-38aa-47b8-fe79-08de7446bf51","014096f9-2105-4b36-9777-03172f7bc0cc","Taiwan","تايوان","TW","2/26/2026 1:53:12 PM",""
"f9fe62d5-ae91-4f56-73d0-08de049defd4","179f7c36-5c7e-46a2-7ac8-08de049c57c6","f45c2040-d061-4e4c-c883-08de049c57c4","735ccf37-9b0d-483c-a8bd-05b1e6a064b1","Netherlands","هولندا","NL","10/6/2025 9:20:55 AM",""
"81e2a762-471b-48bd-fccb-08de06408102","b60f7e11-c096-4fab-64ce-08de064080f9","fcdc61e3-9c77-48bf-28ad-08de064080f7","735ccf37-9b0d-483c-a8bd-05b1e6a064b1","Netherlands","هولندا","NL","10/8/2025 10:58:45 AM",""
"02722003-1d9a-431c-d326-08de9e9ca83d","88e12df6-ffab-458e-cd97-08de9e04ed9e","d9eed3fe-a269-4d96-6897-08de9e04ed95","735ccf37-9b0d-483c-a8bd-05b1e6a064b1","Netherlands","هولندا","NL","4/20/2026 12:11:55 PM",""
"80ed079f-6b84-4971-e64f-08dea241b627","617e08ea-9571-42d0-6a65-08dea2389ab1","8c915ebe-4dc5-4900-f117-08dea2389aaf","735ccf37-9b0d-483c-a8bd-05b1e6a064b1","Netherlands","هولندا","NL","5/7/2026 8:17:26 AM",""
"0d0b2b46-bb0d-4f39-9584-08debee636ea","6c2ec1e3-860f-4b3f-60c6-08debee63662","c65e0835-1de9-41f1-dfd6-08debee6364f","735ccf37-9b0d-483c-a8bd-05b1e6a064b1","Netherlands","هولندا","NL","6/2/2026 1:27:00 PM",""
"9ff7e212-d3a7-4459-73cf-08de049defd4","179f7c36-5c7e-46a2-7ac8-08de049c57c6","f45c2040-d061-4e4c-c883-08de049c57c4","834a770b-6372-40e2-bbcc-0a321e06bb13","Malaysia","ماليزيا","MY","10/6/2025 9:20:55 AM",""
"4c3ee109-8d98-424b-fcca-08de06408102","b60f7e11-c096-4fab-64ce-08de064080f9","fcdc61e3-9c77-48bf-28ad-08de064080f7","834a770b-6372-40e2-bbcc-0a321e06bb13","Malaysia","ماليزيا","MY","10/8/2025 10:58:45 AM",""
"c4f4013e-e35e-4421-d32a-08de9e9ca83d","88e12df6-ffab-458e-cd97-08de9e04ed9e","d9eed3fe-a269-4d96-6897-08de9e04ed95","834a770b-6372-40e2-bbcc-0a321e06bb13","Malaysia","ماليزيا","MY","4/20/2026 12:11:55 PM",""
"bc7aae96-857e-4326-e64d-08dea241b627","617e08ea-9571-42d0-6a65-08dea2389ab1","8c915ebe-4dc5-4900-f117-08dea2389aaf","834a770b-6372-40e2-bbcc-0a321e06bb13","Malaysia","ماليزيا","MY","5/7/2026 8:17:26 AM",""
"223d2b05-6bca-460f-e9f3-08dec77b79c2","acd778b1-1d77-4ffa-7a8e-08dec461c23d","3246e1e8-af83-46dd-981e-08dec461c232","834a770b-6372-40e2-bbcc-0a321e06bb13","Malaysia","ماليزيا","MY","6/28/2026 10:27:43 AM",""
"ad4b8c23-36ea-41b8-ea2d-08dec77b79c2","5e8b83ee-ab75-42d4-7ab7-08dec461c23d","cfbc3145-b350-480b-983d-08dec461c232","834a770b-6372-40e2-bbcc-0a321e06bb13","Malaysia","ماليزيا","MY","8/3/2026 8:24:02 AM",""
"55266063-0ed2-4f85-1c28-08def11f9f96","889f81dd-9b61-48d0-a7a0-08def0866aac","90f51bae-c903-46a5-790f-08def0866aa3","834a770b-6372-40e2-bbcc-0a321e06bb13","Malaysia","ماليزيا","MY","8/3/2026 8:25:25 AM",""
"98a65413-a990-4909-ea26-08dec77b79c2","5e8b83ee-ab75-42d4-7ab7-08dec461c23d","cfbc3145-b350-480b-983d-08dec461c232","a1659dcb-bd81-4ce9-b89b-0fa0922f36f2","Turkey","تركيا","TR","8/3/2026 8:24:02 AM",""
"8c6974c3-46af-4007-1c29-08def11f9f96","889f81dd-9b61-48d0-a7a0-08def0866aac","90f51bae-c903-46a5-790f-08def0866aa3","a1659dcb-bd81-4ce9-b89b-0fa0922f36f2","Turkey","تركيا","TR","8/3/2026 8:25:25 AM",""
"90ab1f63-f265-4a5a-8141-08de75253b8e","f52a8461-8066-4ff4-7081-08de7446bf5c","e8b7aa3b-38aa-47b8-fe79-08de7446bf51","460ac879-92c6-4d59-b91d-122fb9ae498f","Pakistan","باكستان","PK","2/26/2026 1:53:12 PM",""
"db2cb13f-43f1-46a7-8bee-08dddd671626","c92b1e43-b445-4e27-eb65-08dddd57848f","7ca07ae2-eec1-4ed0-c7ed-08dddd57848d","e4509188-11df-41b5-b86d-1dde070df893","Bahrain","البحرين","BH","8/17/2025 11:21:38 AM",""
"903697b9-60c7-44f3-73b9-08de049defd4","0449d68c-23ad-45bf-7ac6-08de049c57c6","f93b4e4c-3855-4ecf-c881-08de049c57c4","e4509188-11df-41b5-b86d-1dde070df893","Bahrain","البحرين","BH","10/6/2025 9:02:31 AM",""
"0030a5b2-11be-4aa5-cae0-08de3adef625","ba5871a1-f81c-43c3-c7bd-08de3ade590a","87c2a5a9-f54f-49ff-7b82-08de3ade5903","e4509188-11df-41b5-b86d-1dde070df893","Bahrain","البحرين","BH","12/14/2025 10:04:02 AM",""
"3292ca1d-5457-47a4-74f5-08de6e055c75","ae6d8353-8468-4cec-1691-08de6c80b44a","c7e2aafd-6340-45d5-31d3-08de6c80b448","e4509188-11df-41b5-b86d-1dde070df893","Bahrain","البحرين","BH","2/17/2026 12:17:23 PM",""
"428144b1-9ed0-49f6-7506-08de6e055c75","55a465e9-e2b2-4196-1692-08de6c80b44a","c7e2aafd-6340-45d5-31d3-08de6c80b448","e4509188-11df-41b5-b86d-1dde070df893","Bahrain","البحرين","BH","2/17/2026 12:17:23 PM",""
"eb07771d-26d7-433a-4162-08de9e1b0598","160100bc-528f-4622-bc88-08de9e09a558","ed390c3c-ac6f-470e-7a74-08de9e09a550","e4509188-11df-41b5-b86d-1dde070df893","Bahrain","البحرين","BH","4/23/2026 12:31:41 PM",""
"e442db6a-3eb4-494b-ea27-08dec77b79c2","5e8b83ee-ab75-42d4-7ab7-08dec461c23d","cfbc3145-b350-480b-983d-08dec461c232","e4509188-11df-41b5-b86d-1dde070df893","Bahrain","البحرين","BH","8/3/2026 8:24:02 AM",""
"d769a9d7-c7b3-43a8-ea34-08dec77b79c2","e4293295-fb43-46b0-7ac5-08dec461c23d","5fad875e-7c72-43d4-9849-08dec461c232","e4509188-11df-41b5-b86d-1dde070df893","Bahrain","البحرين","BH","8/5/2026 9:16:42 AM",""
"dda36fa1-ce84-4fb8-5548-08deda75d1fa","44346def-4945-4b96-04fd-08deda71879d","633dc513-6f33-4bb5-1ec8-08deda71879b","e4509188-11df-41b5-b86d-1dde070df893","Bahrain","البحرين","BH","7/5/2026 12:14:30 PM",""
"bc9db6e9-c84e-49fc-1c2a-08def11f9f96","889f81dd-9b61-48d0-a7a0-08def0866aac","90f51bae-c903-46a5-790f-08def0866aa3","e4509188-11df-41b5-b86d-1dde070df893","Bahrain","البحرين","BH","8/3/2026 8:25:25 AM",""
"9abe3987-65d5-43f8-e631-08dea241b627","7fb2296d-87a4-4954-6a2d-08dea2389ab1","0f5632ff-e60a-4b83-f10a-08dea2389aaf","e4509188-11df-41b5-b86d-1dde070df893","Bahrain","البحرين","BH","5/3/2026 9:40:23 AM",""
"319a9a4a-1257-43d4-957c-08debee636ea","6c2ec1e3-860f-4b3f-60c6-08debee63662","c65e0835-1de9-41f1-dfd6-08debee6364f","e4509188-11df-41b5-b86d-1dde070df893","Bahrain","البحرين","BH","6/2/2026 1:27:00 PM",""
"5fa14866-4bdb-415f-e9f4-08dec77b79c2","acd778b1-1d77-4ffa-7a8e-08dec461c23d","3246e1e8-af83-46dd-981e-08dec461c232","e4509188-11df-41b5-b86d-1dde070df893","Bahrain","البحرين","BH","6/28/2026 10:27:43 AM",""
"786d1bec-22da-49b8-ea04-08dec77b79c2","dc087d3c-3562-44cc-7a93-08dec461c23d","b05f6bd5-256d-4940-9823-08dec461c232","e4509188-11df-41b5-b86d-1dde070df893","Bahrain","البحرين","BH","7/5/2026 12:12:54 PM",""
"afb3b2c6-0626-48cb-ea09-08dec77b79c2","dcc40483-0957-4f11-7a94-08dec461c23d","b05f6bd5-256d-4940-9823-08dec461c232","e4509188-11df-41b5-b86d-1dde070df893","Bahrain","البحرين","BH","7/5/2026 12:12:54 PM",""
"aa73ef5c-c5d9-435b-ea1f-08dec77b79c2","eb07919f-adb5-4e98-7ab0-08dec461c23d","e641b12b-e4d1-47ab-9837-08dec461c232","e4509188-11df-41b5-b86d-1dde070df893","Bahrain","البحرين","BH","7/28/2026 1:00:38 PM",""
"65f84542-7e99-4fd8-8bf0-08dddd671626","c92b1e43-b445-4e27-eb65-08dddd57848f","7ca07ae2-eec1-4ed0-c7ed-08dddd57848d","8e5904bd-e75e-46f6-b4bb-2ab9872a7f87","UAE","الإمارات العربية المتحدة","AE","8/17/2025 11:21:38 AM",""
"41fea7f0-f907-460c-73bb-08de049defd4","0449d68c-23ad-45bf-7ac6-08de049c57c6","f93b4e4c-3855-4ecf-c881-08de049c57c4","8e5904bd-e75e-46f6-b4bb-2ab9872a7f87","UAE","الإمارات العربية المتحدة","AE","10/6/2025 9:02:31 AM",""
"4aebb487-4956-4265-73cc-08de049defd4","179f7c36-5c7e-46a2-7ac8-08de049c57c6","f45c2040-d061-4e4c-c883-08de049c57c4","8e5904bd-e75e-46f6-b4bb-2ab9872a7f87","UAE","الإمارات العربية المتحدة","AE","10/6/2025 9:20:55 AM",""
"8dfb0855-67ac-479f-fcc7-08de06408102","b60f7e11-c096-4fab-64ce-08de064080f9","fcdc61e3-9c77-48bf-28ad-08de064080f7","8e5904bd-e75e-46f6-b4bb-2ab9872a7f87","UAE","الإمارات العربية المتحدة","AE","10/8/2025 10:58:45 AM",""
"3c0982ee-96bb-4ce5-cade-08de3adef625","ba5871a1-f81c-43c3-c7bd-08de3ade590a","87c2a5a9-f54f-49ff-7b82-08de3ade5903","8e5904bd-e75e-46f6-b4bb-2ab9872a7f87","UAE","الإمارات العربية المتحدة","AE","12/14/2025 10:04:02 AM",""
"b1cc13f8-c3b4-46da-74f8-08de6e055c75","ae6d8353-8468-4cec-1691-08de6c80b44a","c7e2aafd-6340-45d5-31d3-08de6c80b448","8e5904bd-e75e-46f6-b4bb-2ab9872a7f87","UAE","الإمارات العربية المتحدة","AE","2/17/2026 12:17:23 PM",""
"4ade9282-dfb9-4039-ea36-08dec77b79c2","e4293295-fb43-46b0-7ac5-08dec461c23d","5fad875e-7c72-43d4-9849-08dec461c232","8e5904bd-e75e-46f6-b4bb-2ab9872a7f87","UAE","الإمارات العربية المتحدة","AE","8/5/2026 9:16:42 AM",""
"56c7d832-9d9d-4ae1-5543-08deda75d1fa","44346def-4945-4b96-04fd-08deda71879d","633dc513-6f33-4bb5-1ec8-08deda71879b","8e5904bd-e75e-46f6-b4bb-2ab9872a7f87","UAE","الإمارات العربية المتحدة","AE","7/5/2026 12:14:30 PM",""
"81557abd-4553-43a0-1c2c-08def11f9f96","889f81dd-9b61-48d0-a7a0-08def0866aac","90f51bae-c903-46a5-790f-08def0866aa3","8e5904bd-e75e-46f6-b4bb-2ab9872a7f87","UAE","الإمارات العربية المتحدة","AE","8/3/2026 8:25:25 AM",""
"ff9b4fba-fa95-4aa5-9585-08debee636ea","6c2ec1e3-860f-4b3f-60c6-08debee63662","c65e0835-1de9-41f1-dfd6-08debee6364f","8e5904bd-e75e-46f6-b4bb-2ab9872a7f87","UAE","الإمارات العربية المتحدة","AE","6/2/2026 1:27:00 PM",""
"70248952-4c62-4d2e-e9f7-08dec77b79c2","acd778b1-1d77-4ffa-7a8e-08dec461c23d","3246e1e8-af83-46dd-981e-08dec461c232","8e5904bd-e75e-46f6-b4bb-2ab9872a7f87","UAE","الإمارات العربية المتحدة","AE","6/28/2026 10:27:43 AM",""
"7ebb4dae-bfd4-4156-ea05-08dec77b79c2","dc087d3c-3562-44cc-7a93-08dec461c23d","b05f6bd5-256d-4940-9823-08dec461c232","8e5904bd-e75e-46f6-b4bb-2ab9872a7f87","UAE","الإمارات العربية المتحدة","AE","7/5/2026 12:12:54 PM",""
"527f3c9f-c2a0-4706-ea0e-08dec77b79c2","dcc40483-0957-4f11-7a94-08dec461c23d","b05f6bd5-256d-4940-9823-08dec461c232","8e5904bd-e75e-46f6-b4bb-2ab9872a7f87","UAE","الإمارات العربية المتحدة","AE","7/5/2026 12:12:54 PM",""
"5dac5ab7-b389-46f0-ea21-08dec77b79c2","eb07919f-adb5-4e98-7ab0-08dec461c23d","e641b12b-e4d1-47ab-9837-08dec461c232","8e5904bd-e75e-46f6-b4bb-2ab9872a7f87","UAE","الإمارات العربية المتحدة","AE","7/28/2026 1:00:38 PM",""
"15f1a3dc-8415-410a-ea2c-08dec77b79c2","5e8b83ee-ab75-42d4-7ab7-08dec461c23d","cfbc3145-b350-480b-983d-08dec461c232","8e5904bd-e75e-46f6-b4bb-2ab9872a7f87","UAE","الإمارات العربية المتحدة","AE","8/3/2026 8:24:02 AM",""
"8840a82c-abde-4811-7500-08de6e055c75","55a465e9-e2b2-4196-1692-08de6c80b44a","c7e2aafd-6340-45d5-31d3-08de6c80b448","8e5904bd-e75e-46f6-b4bb-2ab9872a7f87","UAE","الإمارات العربية المتحدة","AE","2/17/2026 12:17:23 PM",""
"a56cc7fb-5374-4a5a-8139-08de75253b8e","f52a8461-8066-4ff4-7081-08de7446bf5c","e8b7aa3b-38aa-47b8-fe79-08de7446bf51","8e5904bd-e75e-46f6-b4bb-2ab9872a7f87","UAE","الإمارات العربية المتحدة","AE","2/26/2026 1:53:12 PM",""
"abe986ed-5a29-4cfe-415b-08de9e1b0598","160100bc-528f-4622-bc88-08de9e09a558","ed390c3c-ac6f-470e-7a74-08de9e09a550","8e5904bd-e75e-46f6-b4bb-2ab9872a7f87","UAE","الإمارات العربية المتحدة","AE","4/23/2026 12:31:41 PM",""
"d18ef5dc-b74c-4974-d325-08de9e9ca83d","88e12df6-ffab-458e-cd97-08de9e04ed9e","d9eed3fe-a269-4d96-6897-08de9e04ed95","8e5904bd-e75e-46f6-b4bb-2ab9872a7f87","UAE","الإمارات العربية المتحدة","AE","4/20/2026 12:11:55 PM",""
"395ecfe8-23bb-44d2-e62d-08dea241b627","7fb2296d-87a4-4954-6a2d-08dea2389ab1","0f5632ff-e60a-4b83-f10a-08dea2389aaf","8e5904bd-e75e-46f6-b4bb-2ab9872a7f87","UAE","الإمارات العربية المتحدة","AE","5/3/2026 9:40:23 AM",""
"11f35879-0f29-4636-e646-08dea241b627","617e08ea-9571-42d0-6a65-08dea2389ab1","8c915ebe-4dc5-4900-f117-08dea2389aaf","8e5904bd-e75e-46f6-b4bb-2ab9872a7f87","UAE","الإمارات العربية المتحدة","AE","5/7/2026 8:17:26 AM",""
"55ca5b59-61c7-4fce-8be7-08dddd671626","c92b1e43-b445-4e27-eb65-08dddd57848f","7ca07ae2-eec1-4ed0-c7ed-08dddd57848d","1d5e7f16-ff27-44e4-8544-2d1911c6114f","Estonia","إستونيا","EE","8/17/2025 11:21:38 AM",""
"363cfdf2-c73c-44b0-cadd-08de3adef625","ba5871a1-f81c-43c3-c7bd-08de3ade590a","87c2a5a9-f54f-49ff-7b82-08de3ade5903","1d5e7f16-ff27-44e4-8544-2d1911c6114f","Estonia","إستونيا","EE","12/14/2025 10:04:02 AM",""
"da79e8bf-6a1d-446b-ea03-08dec77b79c2","dc087d3c-3562-44cc-7a93-08dec461c23d","b05f6bd5-256d-4940-9823-08dec461c232","1d5e7f16-ff27-44e4-8544-2d1911c6114f","Estonia","إستونيا","EE","7/5/2026 12:12:54 PM",""
"c2dc5eff-feda-4236-ea0b-08dec77b79c2","dcc40483-0957-4f11-7a94-08dec461c23d","b05f6bd5-256d-4940-9823-08dec461c232","1d5e7f16-ff27-44e4-8544-2d1911c6114f","Estonia","إستونيا","EE","7/5/2026 12:12:54 PM",""
"08e70e66-3919-4606-ea22-08dec77b79c2","eb07919f-adb5-4e98-7ab0-08dec461c23d","e641b12b-e4d1-47ab-9837-08dec461c232","1d5e7f16-ff27-44e4-8544-2d1911c6114f","Estonia","إستونيا","EE","7/28/2026 1:00:38 PM",""
"985b1a82-52ac-4cf1-5545-08deda75d1fa","44346def-4945-4b96-04fd-08deda71879d","633dc513-6f33-4bb5-1ec8-08deda71879b","1d5e7f16-ff27-44e4-8544-2d1911c6114f","Estonia","إستونيا","EE","7/5/2026 12:14:30 PM",""
"061442c2-23d5-44fa-73d2-08de049defd4","179f7c36-5c7e-46a2-7ac8-08de049c57c6","f45c2040-d061-4e4c-c883-08de049c57c4","d4206b50-9f7e-4c76-8de1-34384b391803","Spain","إسبانيا","ES","10/6/2025 9:20:55 AM",""
"2e1991bf-bb37-4b02-fccd-08de06408102","b60f7e11-c096-4fab-64ce-08de064080f9","fcdc61e3-9c77-48bf-28ad-08de064080f7","d4206b50-9f7e-4c76-8de1-34384b391803","Spain","إسبانيا","ES","10/8/2025 10:58:45 AM",""
"3af52aa5-e539-4b85-d324-08de9e9ca83d","88e12df6-ffab-458e-cd97-08de9e04ed9e","d9eed3fe-a269-4d96-6897-08de9e04ed95","d4206b50-9f7e-4c76-8de1-34384b391803","Spain","إسبانيا","ES","4/20/2026 12:11:55 PM",""
"1a7c0058-ce6a-4a27-e644-08dea241b627","617e08ea-9571-42d0-6a65-08dea2389ab1","8c915ebe-4dc5-4900-f117-08dea2389aaf","d4206b50-9f7e-4c76-8de1-34384b391803","Spain","إسبانيا","ES","5/7/2026 8:17:26 AM",""
"10d247c3-4ecd-455c-8bea-08dddd671626","c92b1e43-b445-4e27-eb65-08dddd57848f","7ca07ae2-eec1-4ed0-c7ed-08dddd57848d","e460a16d-676f-41ed-811f-3f23ab1450b2","Norway","النرويج","NO","8/17/2025 11:21:38 AM",""
"405021d5-3060-4214-cae3-08de3adef625","ba5871a1-f81c-43c3-c7bd-08de3ade590a","87c2a5a9-f54f-49ff-7b82-08de3ade5903","e460a16d-676f-41ed-811f-3f23ab1450b2","Norway","النرويج","NO","12/14/2025 10:04:02 AM",""
"5b990cdd-bfad-46ff-74fd-08de6e055c75","ae6d8353-8468-4cec-1691-08de6c80b44a","c7e2aafd-6340-45d5-31d3-08de6c80b448","e460a16d-676f-41ed-811f-3f23ab1450b2","Norway","النرويج","NO","2/17/2026 12:17:23 PM",""
"2c38532a-c404-4a1d-7501-08de6e055c75","55a465e9-e2b2-4196-1692-08de6c80b44a","c7e2aafd-6340-45d5-31d3-08de6c80b448","e460a16d-676f-41ed-811f-3f23ab1450b2","Norway","النرويج","NO","2/17/2026 12:17:23 PM",""
"86aeb764-df98-4a3d-415d-08de9e1b0598","160100bc-528f-4622-bc88-08de9e09a558","ed390c3c-ac6f-470e-7a74-08de9e09a550","e460a16d-676f-41ed-811f-3f23ab1450b2","Norway","النرويج","NO","4/23/2026 12:31:41 PM",""
"9184d777-f629-4d62-e62f-08dea241b627","7fb2296d-87a4-4954-6a2d-08dea2389ab1","0f5632ff-e60a-4b83-f10a-08dea2389aaf","e460a16d-676f-41ed-811f-3f23ab1450b2","Norway","النرويج","NO","5/3/2026 9:40:23 AM",""
"f9ff1eb0-e420-46b8-ea37-08dec77b79c2","e4293295-fb43-46b0-7ac5-08dec461c23d","5fad875e-7c72-43d4-9849-08dec461c232","e460a16d-676f-41ed-811f-3f23ab1450b2","Norway","النرويج","NO","8/5/2026 9:16:42 AM",""
"007d87be-3643-45f4-5541-08deda75d1fa","44346def-4945-4b96-04fd-08deda71879d","633dc513-6f33-4bb5-1ec8-08deda71879b","e460a16d-676f-41ed-811f-3f23ab1450b2","Norway","النرويج","NO","7/5/2026 12:14:30 PM",""
"c42eca18-dca5-4525-1c23-08def11f9f96","889f81dd-9b61-48d0-a7a0-08def0866aac","90f51bae-c903-46a5-790f-08def0866aa3","e460a16d-676f-41ed-811f-3f23ab1450b2","Norway","النرويج","NO","8/3/2026 8:25:25 AM",""
"047a014c-b745-4e84-9583-08debee636ea","6c2ec1e3-860f-4b3f-60c6-08debee63662","c65e0835-1de9-41f1-dfd6-08debee6364f","e460a16d-676f-41ed-811f-3f23ab1450b2","Norway","النرويج","NO","6/2/2026 1:27:00 PM",""
"af20cd85-a0df-4795-e9ef-08dec77b79c2","acd778b1-1d77-4ffa-7a8e-08dec461c23d","3246e1e8-af83-46dd-981e-08dec461c232","e460a16d-676f-41ed-811f-3f23ab1450b2","Norway","النرويج","NO","6/28/2026 10:27:43 AM",""
"77744517-a4f8-47c8-ea02-08dec77b79c2","dc087d3c-3562-44cc-7a93-08dec461c23d","b05f6bd5-256d-4940-9823-08dec461c232","e460a16d-676f-41ed-811f-3f23ab1450b2","Norway","النرويج","NO","7/5/2026 12:12:54 PM",""
"f6a7af3d-6941-453d-ea0a-08dec77b79c2","dcc40483-0957-4f11-7a94-08dec461c23d","b05f6bd5-256d-4940-9823-08dec461c232","e460a16d-676f-41ed-811f-3f23ab1450b2","Norway","النرويج","NO","7/5/2026 12:12:54 PM",""
"c487cd11-de8c-4856-ea1c-08dec77b79c2","eb07919f-adb5-4e98-7ab0-08dec461c23d","e641b12b-e4d1-47ab-9837-08dec461c232","e460a16d-676f-41ed-811f-3f23ab1450b2","Norway","النرويج","NO","7/28/2026 1:00:38 PM",""
"4f090ef6-69d5-4593-ea2b-08dec77b79c2","5e8b83ee-ab75-42d4-7ab7-08dec461c23d","cfbc3145-b350-480b-983d-08dec461c232","e460a16d-676f-41ed-811f-3f23ab1450b2","Norway","النرويج","NO","8/3/2026 8:24:02 AM",""
"8c5065d9-b7a6-4909-8bef-08dddd671626","c92b1e43-b445-4e27-eb65-08dddd57848f","7ca07ae2-eec1-4ed0-c7ed-08dddd57848d","bc1bee71-6752-495b-84bc-400595c26261","KSA","المملكة العربية السعودية","SA","8/17/2025 11:21:38 AM",""
"b60e6626-c093-4ebc-73ba-08de049defd4","0449d68c-23ad-45bf-7ac6-08de049c57c6","f93b4e4c-3855-4ecf-c881-08de049c57c4","bc1bee71-6752-495b-84bc-400595c26261","KSA","المملكة العربية السعودية","SA","10/6/2025 9:02:31 AM",""
"28f8bca2-a352-4679-73cd-08de049defd4","179f7c36-5c7e-46a2-7ac8-08de049c57c6","f45c2040-d061-4e4c-c883-08de049c57c4","bc1bee71-6752-495b-84bc-400595c26261","KSA","المملكة العربية السعودية","SA","10/6/2025 9:20:55 AM",""
"bdbc6796-a6e3-47c0-fcc8-08de06408102","b60f7e11-c096-4fab-64ce-08de064080f9","fcdc61e3-9c77-48bf-28ad-08de064080f7","bc1bee71-6752-495b-84bc-400595c26261","KSA","المملكة العربية السعودية","SA","10/8/2025 10:58:45 AM",""
"f04488c4-eb8e-4338-cadc-08de3adef625","ba5871a1-f81c-43c3-c7bd-08de3ade590a","87c2a5a9-f54f-49ff-7b82-08de3ade5903","bc1bee71-6752-495b-84bc-400595c26261","KSA","المملكة العربية السعودية","SA","12/14/2025 10:04:02 AM",""
"b3e42d43-2afc-4d93-74fb-08de6e055c75","ae6d8353-8468-4cec-1691-08de6c80b44a","c7e2aafd-6340-45d5-31d3-08de6c80b448","bc1bee71-6752-495b-84bc-400595c26261","KSA","المملكة العربية السعودية","SA","2/17/2026 12:17:23 PM",""
"c255caae-d605-48ad-5544-08deda75d1fa","44346def-4945-4b96-04fd-08deda71879d","633dc513-6f33-4bb5-1ec8-08deda71879b","bc1bee71-6752-495b-84bc-400595c26261","KSA","المملكة العربية السعودية","SA","7/5/2026 12:14:30 PM",""
"d309e169-73db-40ba-1c24-08def11f9f96","889f81dd-9b61-48d0-a7a0-08def0866aac","90f51bae-c903-46a5-790f-08def0866aa3","bc1bee71-6752-495b-84bc-400595c26261","KSA","المملكة العربية السعودية","SA","8/3/2026 8:25:25 AM",""
"46a6b46d-ff0e-4e89-e9fa-08dec77b79c2","acd778b1-1d77-4ffa-7a8e-08dec461c23d","3246e1e8-af83-46dd-981e-08dec461c232","bc1bee71-6752-495b-84bc-400595c26261","KSA","المملكة العربية السعودية","SA","6/28/2026 10:27:43 AM",""
"0e2fe1d5-ea5b-452f-ea01-08dec77b79c2","dc087d3c-3562-44cc-7a93-08dec461c23d","b05f6bd5-256d-4940-9823-08dec461c232","bc1bee71-6752-495b-84bc-400595c26261","KSA","المملكة العربية السعودية","SA","7/5/2026 12:12:54 PM",""
"83308e55-e789-46b6-ea08-08dec77b79c2","dcc40483-0957-4f11-7a94-08dec461c23d","b05f6bd5-256d-4940-9823-08dec461c232","bc1bee71-6752-495b-84bc-400595c26261","KSA","المملكة العربية السعودية","SA","7/5/2026 12:12:54 PM",""
"3c77fe2c-6b78-4a1f-ea1d-08dec77b79c2","eb07919f-adb5-4e98-7ab0-08dec461c23d","e641b12b-e4d1-47ab-9837-08dec461c232","bc1bee71-6752-495b-84bc-400595c26261","KSA","المملكة العربية السعودية","SA","7/28/2026 1:00:38 PM",""
"a6e06851-d2cb-4b23-ea28-08dec77b79c2","5e8b83ee-ab75-42d4-7ab7-08dec461c23d","cfbc3145-b350-480b-983d-08dec461c232","bc1bee71-6752-495b-84bc-400595c26261","KSA","المملكة العربية السعودية","SA","8/3/2026 8:24:02 AM",""
"127e41be-211b-4c09-ea32-08dec77b79c2","e4293295-fb43-46b0-7ac5-08dec461c23d","5fad875e-7c72-43d4-9849-08dec461c232","bc1bee71-6752-495b-84bc-400595c26261","KSA","المملكة العربية السعودية","SA","8/5/2026 9:16:42 AM",""
"d5f78d5e-3ff2-4542-7504-08de6e055c75","55a465e9-e2b2-4196-1692-08de6c80b44a","c7e2aafd-6340-45d5-31d3-08de6c80b448","bc1bee71-6752-495b-84bc-400595c26261","KSA","المملكة العربية السعودية","SA","2/17/2026 12:17:23 PM",""
"2ea19689-06de-4c61-4161-08de9e1b0598","160100bc-528f-4622-bc88-08de9e09a558","ed390c3c-ac6f-470e-7a74-08de9e09a550","bc1bee71-6752-495b-84bc-400595c26261","KSA","المملكة العربية السعودية","SA","4/23/2026 12:31:41 PM",""
"d16c31e7-dfb7-4de0-d328-08de9e9ca83d","88e12df6-ffab-458e-cd97-08de9e04ed9e","d9eed3fe-a269-4d96-6897-08de9e04ed95","bc1bee71-6752-495b-84bc-400595c26261","KSA","المملكة العربية السعودية","SA","4/20/2026 12:11:55 PM",""
"0948c07f-f683-4d13-e630-08dea241b627","7fb2296d-87a4-4954-6a2d-08dea2389ab1","0f5632ff-e60a-4b83-f10a-08dea2389aaf","bc1bee71-6752-495b-84bc-400595c26261","KSA","المملكة العربية السعودية","SA","5/3/2026 9:40:23 AM",""
"8a83113c-939d-4b6e-e649-08dea241b627","617e08ea-9571-42d0-6a65-08dea2389ab1","8c915ebe-4dc5-4900-f117-08dea2389aaf","bc1bee71-6752-495b-84bc-400595c26261","KSA","المملكة العربية السعودية","SA","5/7/2026 8:17:26 AM",""
"cf2605d4-23f0-41c9-957e-08debee636ea","6c2ec1e3-860f-4b3f-60c6-08debee63662","c65e0835-1de9-41f1-dfd6-08debee6364f","bc1bee71-6752-495b-84bc-400595c26261","KSA","المملكة العربية السعودية","SA","6/2/2026 1:27:00 PM",""
"9d335c49-0323-47c0-8bec-08dddd671626","c92b1e43-b445-4e27-eb65-08dddd57848f","7ca07ae2-eec1-4ed0-c7ed-08dddd57848d","8d7d98ff-ccec-43d6-8155-44f9c0b72e26","Egypt","مصر","EG","8/17/2025 11:21:38 AM",""
"c171870f-b4ff-4465-fcce-08de06408102","b60f7e11-c096-4fab-64ce-08de064080f9","fcdc61e3-9c77-48bf-28ad-08de064080f7","8d7d98ff-ccec-43d6-8155-44f9c0b72e26","Egypt","مصر","EG","10/8/2025 10:58:45 AM",""
"aadd227c-75e7-4b44-cae1-08de3adef625","ba5871a1-f81c-43c3-c7bd-08de3ade590a","87c2a5a9-f54f-49ff-7b82-08de3ade5903","8d7d98ff-ccec-43d6-8155-44f9c0b72e26","Egypt","مصر","EG","12/14/2025 10:04:02 AM",""
"ad506596-c39d-4e4a-d329-08de9e9ca83d","88e12df6-ffab-458e-cd97-08de9e04ed9e","d9eed3fe-a269-4d96-6897-08de9e04ed95","8d7d98ff-ccec-43d6-8155-44f9c0b72e26","Egypt","مصر","EG","4/20/2026 12:11:55 PM",""
"7e3ec980-bfb4-4f8c-e647-08dea241b627","617e08ea-9571-42d0-6a65-08dea2389ab1","8c915ebe-4dc5-4900-f117-08dea2389aaf","8d7d98ff-ccec-43d6-8155-44f9c0b72e26","Egypt","مصر","EG","5/7/2026 8:17:26 AM",""
"301d6f3b-228e-49ab-e9ff-08dec77b79c2","dc087d3c-3562-44cc-7a93-08dec461c23d","b05f6bd5-256d-4940-9823-08dec461c232","8d7d98ff-ccec-43d6-8155-44f9c0b72e26","Egypt","مصر","EG","7/5/2026 12:12:54 PM",""
"66f58f8d-9dc5-43ab-ea0f-08dec77b79c2","dcc40483-0957-4f11-7a94-08dec461c23d","b05f6bd5-256d-4940-9823-08dec461c232","8d7d98ff-ccec-43d6-8155-44f9c0b72e26","Egypt","مصر","EG","7/5/2026 12:12:54 PM",""
"d76b9134-dea5-4f7c-ea1a-08dec77b79c2","eb07919f-adb5-4e98-7ab0-08dec461c23d","e641b12b-e4d1-47ab-9837-08dec461c232","8d7d98ff-ccec-43d6-8155-44f9c0b72e26","Egypt","مصر","EG","7/28/2026 1:00:38 PM",""
"81da42ce-c280-48f2-554b-08deda75d1fa","44346def-4945-4b96-04fd-08deda71879d","633dc513-6f33-4bb5-1ec8-08deda71879b","8d7d98ff-ccec-43d6-8155-44f9c0b72e26","Egypt","مصر","EG","7/5/2026 12:14:30 PM",""
"b7ac3897-b414-44ee-73bc-08de049defd4","0449d68c-23ad-45bf-7ac6-08de049c57c6","f93b4e4c-3855-4ecf-c881-08de049c57c4","e39895ae-fc18-4b47-abd1-4575d7918fc4","Oman","عمان","OM","10/6/2025 9:02:31 AM",""
"089a9134-dedf-49e3-fcc9-08de06408102","b60f7e11-c096-4fab-64ce-08de064080f9","fcdc61e3-9c77-48bf-28ad-08de064080f7","e39895ae-fc18-4b47-abd1-4575d7918fc4","Oman","عمان","OM","10/8/2025 10:58:45 AM",""
"a37e6a11-1ac8-48d6-74fc-08de6e055c75","ae6d8353-8468-4cec-1691-08de6c80b44a","c7e2aafd-6340-45d5-31d3-08de6c80b448","e39895ae-fc18-4b47-abd1-4575d7918fc4","Oman","عمان","OM","2/17/2026 12:17:23 PM",""
"00f7ecaf-43de-4fc2-7505-08de6e055c75","55a465e9-e2b2-4196-1692-08de6c80b44a","c7e2aafd-6340-45d5-31d3-08de6c80b448","e39895ae-fc18-4b47-abd1-4575d7918fc4","Oman","عمان","OM","2/17/2026 12:17:23 PM",""
"57549a1c-3f97-4cae-415c-08de9e1b0598","160100bc-528f-4622-bc88-08de9e09a558","ed390c3c-ac6f-470e-7a74-08de9e09a550","e39895ae-fc18-4b47-abd1-4575d7918fc4","Oman","عمان","OM","4/23/2026 12:31:41 PM",""
"fd54c7b0-b03f-4814-d322-08de9e9ca83d","88e12df6-ffab-458e-cd97-08de9e04ed9e","d9eed3fe-a269-4d96-6897-08de9e04ed95","e39895ae-fc18-4b47-abd1-4575d7918fc4","Oman","عمان","OM","4/20/2026 12:11:55 PM",""
"60871ce0-5c07-4852-e62a-08dea241b627","7fb2296d-87a4-4954-6a2d-08dea2389ab1","0f5632ff-e60a-4b83-f10a-08dea2389aaf","e39895ae-fc18-4b47-abd1-4575d7918fc4","Oman","عمان","OM","5/3/2026 9:40:23 AM",""
"bfd42c56-e4e6-4ba1-e64a-08dea241b627","617e08ea-9571-42d0-6a65-08dea2389ab1","8c915ebe-4dc5-4900-f117-08dea2389aaf","e39895ae-fc18-4b47-abd1-4575d7918fc4","Oman","عمان","OM","5/7/2026 8:17:26 AM",""
"af6a0683-3520-4a53-9582-08debee636ea","6c2ec1e3-860f-4b3f-60c6-08debee63662","c65e0835-1de9-41f1-dfd6-08debee6364f","e39895ae-fc18-4b47-abd1-4575d7918fc4","Oman","عمان","OM","6/2/2026 1:27:00 PM",""
"91c6dcde-3d22-41d1-ea2e-08dec77b79c2","5e8b83ee-ab75-42d4-7ab7-08dec461c23d","cfbc3145-b350-480b-983d-08dec461c232","e39895ae-fc18-4b47-abd1-4575d7918fc4","Oman","عمان","OM","8/3/2026 8:24:02 AM",""
"815c8646-f16f-4918-ea31-08dec77b79c2","e4293295-fb43-46b0-7ac5-08dec461c23d","5fad875e-7c72-43d4-9849-08dec461c232","e39895ae-fc18-4b47-abd1-4575d7918fc4","Oman","عمان","OM","8/5/2026 9:16:42 AM",""
"97508ccc-d6ef-426c-1c2b-08def11f9f96","889f81dd-9b61-48d0-a7a0-08def0866aac","90f51bae-c903-46a5-790f-08def0866aa3","e39895ae-fc18-4b47-abd1-4575d7918fc4","Oman","عمان","OM","8/3/2026 8:25:25 AM",""
"83d6cf50-3148-4697-813f-08de75253b8e","f52a8461-8066-4ff4-7081-08de7446bf5c","e8b7aa3b-38aa-47b8-fe79-08de7446bf51","c652ac7a-f5ea-4f1a-ae72-4fafb239b4d6","Japan","اليابان","JP","2/26/2026 1:53:12 PM",""
"6d1a60f4-b623-482e-e9f0-08dec77b79c2","acd778b1-1d77-4ffa-7a8e-08dec461c23d","3246e1e8-af83-46dd-981e-08dec461c232","c652ac7a-f5ea-4f1a-ae72-4fafb239b4d6","Japan","اليابان","JP","6/28/2026 10:27:43 AM",""
"e302e8a8-514a-44a2-8beb-08dddd671626","c92b1e43-b445-4e27-eb65-08dddd57848f","7ca07ae2-eec1-4ed0-c7ed-08dddd57848d","a2d21933-e1fa-4290-b53a-508900974a2b","Singapore","سنغافورة","SG","8/17/2025 11:21:38 AM",""
"992e6e81-5a4e-44d1-73ce-08de049defd4","179f7c36-5c7e-46a2-7ac8-08de049c57c6","f45c2040-d061-4e4c-c883-08de049c57c4","a2d21933-e1fa-4290-b53a-508900974a2b","Singapore","سنغافورة","SG","10/6/2025 9:20:55 AM",""
"07ee91e6-42a3-4fa1-cae5-08de3adef625","ba5871a1-f81c-43c3-c7bd-08de3ade590a","87c2a5a9-f54f-49ff-7b82-08de3ade5903","a2d21933-e1fa-4290-b53a-508900974a2b","Singapore","سنغافورة","SG","12/14/2025 10:04:02 AM",""
"1c1f85ca-a0fb-49dc-74fa-08de6e055c75","ae6d8353-8468-4cec-1691-08de6c80b44a","c7e2aafd-6340-45d5-31d3-08de6c80b448","a2d21933-e1fa-4290-b53a-508900974a2b","Singapore","سنغافورة","SG","2/17/2026 12:17:23 PM",""
"895882d6-5987-48a3-7503-08de6e055c75","55a465e9-e2b2-4196-1692-08de6c80b44a","c7e2aafd-6340-45d5-31d3-08de6c80b448","a2d21933-e1fa-4290-b53a-508900974a2b","Singapore","سنغافورة","SG","2/17/2026 12:17:23 PM",""
"23beb493-34d7-4f36-813a-08de75253b8e","f52a8461-8066-4ff4-7081-08de7446bf5c","e8b7aa3b-38aa-47b8-fe79-08de7446bf51","a2d21933-e1fa-4290-b53a-508900974a2b","Singapore","سنغافورة","SG","2/26/2026 1:53:12 PM",""
"123fcfed-c22e-4100-ea07-08dec77b79c2","dcc40483-0957-4f11-7a94-08dec461c23d","b05f6bd5-256d-4940-9823-08dec461c232","a2d21933-e1fa-4290-b53a-508900974a2b","Singapore","سنغافورة","SG","7/5/2026 12:12:54 PM",""
"7e8bc3bb-f560-42f4-ea23-08dec77b79c2","eb07919f-adb5-4e98-7ab0-08dec461c23d","e641b12b-e4d1-47ab-9837-08dec461c232","a2d21933-e1fa-4290-b53a-508900974a2b","Singapore","سنغافورة","SG","7/28/2026 1:00:38 PM",""
"59c12579-2a0a-4ca5-ea30-08dec77b79c2","e4293295-fb43-46b0-7ac5-08dec461c23d","5fad875e-7c72-43d4-9849-08dec461c232","a2d21933-e1fa-4290-b53a-508900974a2b","Singapore","سنغافورة","SG","8/5/2026 9:16:42 AM",""
"6d1d360a-7b38-4a72-5549-08deda75d1fa","44346def-4945-4b96-04fd-08deda71879d","633dc513-6f33-4bb5-1ec8-08deda71879b","a2d21933-e1fa-4290-b53a-508900974a2b","Singapore","سنغافورة","SG","7/5/2026 12:14:30 PM",""
"13bcfbee-9371-420e-4163-08de9e1b0598","160100bc-528f-4622-bc88-08de9e09a558","ed390c3c-ac6f-470e-7a74-08de9e09a550","a2d21933-e1fa-4290-b53a-508900974a2b","Singapore","سنغافورة","SG","4/23/2026 12:31:41 PM",""
"b40d6e13-dff7-44e2-e62c-08dea241b627","7fb2296d-87a4-4954-6a2d-08dea2389ab1","0f5632ff-e60a-4b83-f10a-08dea2389aaf","a2d21933-e1fa-4290-b53a-508900974a2b","Singapore","سنغافورة","SG","5/3/2026 9:40:23 AM",""
"7799665b-2434-4673-e648-08dea241b627","617e08ea-9571-42d0-6a65-08dea2389ab1","8c915ebe-4dc5-4900-f117-08dea2389aaf","a2d21933-e1fa-4290-b53a-508900974a2b","Singapore","سنغافورة","SG","5/7/2026 8:17:26 AM",""
"ccf177c9-561a-46a7-957f-08debee636ea","6c2ec1e3-860f-4b3f-60c6-08debee63662","c65e0835-1de9-41f1-dfd6-08debee6364f","a2d21933-e1fa-4290-b53a-508900974a2b","Singapore","سنغافورة","SG","6/2/2026 1:27:00 PM",""
"13539b24-404f-4263-e9f8-08dec77b79c2","acd778b1-1d77-4ffa-7a8e-08dec461c23d","3246e1e8-af83-46dd-981e-08dec461c232","a2d21933-e1fa-4290-b53a-508900974a2b","Singapore","سنغافورة","SG","6/28/2026 10:27:43 AM",""
"50711652-3e14-4403-e9fd-08dec77b79c2","dc087d3c-3562-44cc-7a93-08dec461c23d","b05f6bd5-256d-4940-9823-08dec461c232","a2d21933-e1fa-4290-b53a-508900974a2b","Singapore","سنغافورة","SG","7/5/2026 12:12:54 PM",""
"362faa1c-3693-4e88-8140-08de75253b8e","f52a8461-8066-4ff4-7081-08de7446bf5c","e8b7aa3b-38aa-47b8-fe79-08de7446bf51","a6c28df3-5f65-44dc-a436-52ab448ede6b","India","الهند","IN","2/26/2026 1:53:12 PM",""
"423c4dd2-092a-49dc-e9f6-08dec77b79c2","acd778b1-1d77-4ffa-7a8e-08dec461c23d","3246e1e8-af83-46dd-981e-08dec461c232","503831d1-e518-40f9-9742-7a9fc0b87b91","Chile","تشيلي","CL","6/28/2026 10:27:43 AM",""
"42d568aa-a343-4faa-73bd-08de049defd4","0449d68c-23ad-45bf-7ac6-08de049c57c6","f93b4e4c-3855-4ecf-c881-08de049c57c4","f7f05821-86a1-4114-bdee-8b0894fff2f5","Kuwait","الكويت","KW","10/6/2025 9:02:31 AM",""
"792d62ea-0d2e-4f18-74f6-08de6e055c75","ae6d8353-8468-4cec-1691-08de6c80b44a","c7e2aafd-6340-45d5-31d3-08de6c80b448","f7f05821-86a1-4114-bdee-8b0894fff2f5","Kuwait","الكويت","KW","2/17/2026 12:17:23 PM",""
"9f8e2034-502c-4636-7502-08de6e055c75","55a465e9-e2b2-4196-1692-08de6c80b44a","c7e2aafd-6340-45d5-31d3-08de6c80b448","f7f05821-86a1-4114-bdee-8b0894fff2f5","Kuwait","الكويت","KW","2/17/2026 12:17:23 PM",""
"9f346d41-9de6-45a2-415e-08de9e1b0598","160100bc-528f-4622-bc88-08de9e09a558","ed390c3c-ac6f-470e-7a74-08de9e09a550","f7f05821-86a1-4114-bdee-8b0894fff2f5","Kuwait","الكويت","KW","4/23/2026 12:31:41 PM",""
"093b36df-ac80-471d-e629-08dea241b627","7fb2296d-87a4-4954-6a2d-08dea2389ab1","0f5632ff-e60a-4b83-f10a-08dea2389aaf","f7f05821-86a1-4114-bdee-8b0894fff2f5","Kuwait","الكويت","KW","5/3/2026 9:40:23 AM",""
"46e51782-c847-438a-9581-08debee636ea","6c2ec1e3-860f-4b3f-60c6-08debee63662","c65e0835-1de9-41f1-dfd6-08debee6364f","f7f05821-86a1-4114-bdee-8b0894fff2f5","Kuwait","الكويت","KW","6/2/2026 1:27:00 PM",""
"89ef626f-f7b6-4298-e9f9-08dec77b79c2","acd778b1-1d77-4ffa-7a8e-08dec461c23d","3246e1e8-af83-46dd-981e-08dec461c232","f7f05821-86a1-4114-bdee-8b0894fff2f5","Kuwait","الكويت","KW","6/28/2026 10:27:43 AM",""
"94ccf8e4-4f75-4a84-ea25-08dec77b79c2","5e8b83ee-ab75-42d4-7ab7-08dec461c23d","cfbc3145-b350-480b-983d-08dec461c232","f7f05821-86a1-4114-bdee-8b0894fff2f5","Kuwait","الكويت","KW","8/3/2026 8:24:02 AM",""
"f1210d82-4595-4e98-ea33-08dec77b79c2","e4293295-fb43-46b0-7ac5-08dec461c23d","5fad875e-7c72-43d4-9849-08dec461c232","f7f05821-86a1-4114-bdee-8b0894fff2f5","Kuwait","الكويت","KW","8/5/2026 9:16:42 AM",""
"e56eb536-77c1-4248-1c27-08def11f9f96","889f81dd-9b61-48d0-a7a0-08def0866aac","90f51bae-c903-46a5-790f-08def0866aa3","f7f05821-86a1-4114-bdee-8b0894fff2f5","Kuwait","الكويت","KW","8/3/2026 8:25:25 AM",""
"cbc690bb-6070-4443-9580-08debee636ea","6c2ec1e3-860f-4b3f-60c6-08debee63662","c65e0835-1de9-41f1-dfd6-08debee6364f","10bf45bf-7ddc-4625-ad9a-8dc42c25c247","Finland","فنلندا","FI","6/2/2026 1:27:00 PM",""
"3078f418-4bec-4f7e-8138-08de75253b8e","f52a8461-8066-4ff4-7081-08de7446bf5c","e8b7aa3b-38aa-47b8-fe79-08de7446bf51","d2b5522f-5d50-442a-ab09-94465cbe8b50","Korea","كوريا","KR","2/26/2026 1:53:12 PM",""
"49744962-0a9e-413f-74f9-08de6e055c75","ae6d8353-8468-4cec-1691-08de6c80b44a","c7e2aafd-6340-45d5-31d3-08de6c80b448","aa091570-f20b-4de3-b2ed-96104c99eb3a","Switzerland","سويسرا","CH","2/17/2026 12:17:23 PM",""
"8cafc569-e777-4a5e-74ff-08de6e055c75","55a465e9-e2b2-4196-1692-08de6c80b44a","c7e2aafd-6340-45d5-31d3-08de6c80b448","aa091570-f20b-4de3-b2ed-96104c99eb3a","Switzerland","سويسرا","CH","2/17/2026 12:17:23 PM",""
"0ab0af2f-ff5c-4ad6-4160-08de9e1b0598","160100bc-528f-4622-bc88-08de9e09a558","ed390c3c-ac6f-470e-7a74-08de9e09a550","aa091570-f20b-4de3-b2ed-96104c99eb3a","Switzerland","سويسرا","CH","4/23/2026 12:31:41 PM",""
"222fdbec-34ed-431a-e62e-08dea241b627","7fb2296d-87a4-4954-6a2d-08dea2389ab1","0f5632ff-e60a-4b83-f10a-08dea2389aaf","aa091570-f20b-4de3-b2ed-96104c99eb3a","Switzerland","سويسرا","CH","5/3/2026 9:40:23 AM",""
"641ab4ab-c43f-49e9-e9f1-08dec77b79c2","acd778b1-1d77-4ffa-7a8e-08dec461c23d","3246e1e8-af83-46dd-981e-08dec461c232","aa091570-f20b-4de3-b2ed-96104c99eb3a","Switzerland","سويسرا","CH","6/28/2026 10:27:43 AM",""
"1dbeda70-5c59-4f8a-ea35-08dec77b79c2","e4293295-fb43-46b0-7ac5-08dec461c23d","5fad875e-7c72-43d4-9849-08dec461c232","aa091570-f20b-4de3-b2ed-96104c99eb3a","Switzerland","سويسرا","CH","8/5/2026 9:16:42 AM",""
"674c0ac8-e72b-48bc-e9ee-08dec77b79c2","acd778b1-1d77-4ffa-7a8e-08dec461c23d","3246e1e8-af83-46dd-981e-08dec461c232","27d0d9a6-b34f-481b-aaa4-9f3c58bf0933","UK","المملكة المتحدة","GB","6/28/2026 10:27:43 AM",""
"1bc0720d-c10d-43da-73d1-08de049defd4","179f7c36-5c7e-46a2-7ac8-08de049c57c6","f45c2040-d061-4e4c-c883-08de049c57c4","3eb36153-9f64-4030-b794-a66cb9a1858e","Germany","ألمانيا","DE","10/6/2025 9:20:55 AM",""
"899761fc-cac9-4ba1-fccc-08de06408102","b60f7e11-c096-4fab-64ce-08de064080f9","fcdc61e3-9c77-48bf-28ad-08de064080f7","3eb36153-9f64-4030-b794-a66cb9a1858e","Germany","ألمانيا","DE","10/8/2025 10:58:45 AM",""
"67dd44bf-ab08-485f-d327-08de9e9ca83d","88e12df6-ffab-458e-cd97-08de9e04ed9e","d9eed3fe-a269-4d96-6897-08de9e04ed95","3eb36153-9f64-4030-b794-a66cb9a1858e","Germany","ألمانيا","DE","4/20/2026 12:11:55 PM",""
"166a0f1d-2321-448c-e64b-08dea241b627","617e08ea-9571-42d0-6a65-08dea2389ab1","8c915ebe-4dc5-4900-f117-08dea2389aaf","3eb36153-9f64-4030-b794-a66cb9a1858e","Germany","ألمانيا","DE","5/7/2026 8:17:26 AM",""
"54c4e4c1-70a5-4316-8bf1-08dddd671626","c92b1e43-b445-4e27-eb65-08dddd57848f","7ca07ae2-eec1-4ed0-c7ed-08dddd57848d","a17a864e-6bcd-4466-972a-ac7a9a909d14","Qatar","قَطَر","QA","8/17/2025 11:21:38 AM",""
"8662aa47-a5fb-4c07-73be-08de049defd4","0449d68c-23ad-45bf-7ac6-08de049c57c6","f93b4e4c-3855-4ecf-c881-08de049c57c4","a17a864e-6bcd-4466-972a-ac7a9a909d14","Qatar","قَطَر","QA","10/6/2025 9:02:31 AM",""
"37687778-e64b-44df-73d4-08de049defd4","179f7c36-5c7e-46a2-7ac8-08de049c57c6","f45c2040-d061-4e4c-c883-08de049c57c4","a17a864e-6bcd-4466-972a-ac7a9a909d14","Qatar","قَطَر","QA","10/6/2025 9:20:55 AM",""
"5b3bb1bc-502c-44f9-fccf-08de06408102","b60f7e11-c096-4fab-64ce-08de064080f9","fcdc61e3-9c77-48bf-28ad-08de064080f7","a17a864e-6bcd-4466-972a-ac7a9a909d14","Qatar","قَطَر","QA","10/8/2025 10:58:45 AM",""
"bb424c5f-cb2e-4402-cadb-08de3adef625","ba5871a1-f81c-43c3-c7bd-08de3ade590a","87c2a5a9-f54f-49ff-7b82-08de3ade5903","a17a864e-6bcd-4466-972a-ac7a9a909d14","Qatar","قَطَر","QA","12/14/2025 10:04:02 AM",""
"8269bcc7-6884-4116-74f7-08de6e055c75","ae6d8353-8468-4cec-1691-08de6c80b44a","c7e2aafd-6340-45d5-31d3-08de6c80b448","a17a864e-6bcd-4466-972a-ac7a9a909d14","Qatar","قَطَر","QA","2/17/2026 12:17:23 PM",""
"dc30cc93-076c-4663-ea2f-08dec77b79c2","e4293295-fb43-46b0-7ac5-08dec461c23d","5fad875e-7c72-43d4-9849-08dec461c232","a17a864e-6bcd-4466-972a-ac7a9a909d14","Qatar","قَطَر","QA","8/5/2026 9:16:42 AM",""
"1f524b94-c122-4a51-5547-08deda75d1fa","44346def-4945-4b96-04fd-08deda71879d","633dc513-6f33-4bb5-1ec8-08deda71879b","a17a864e-6bcd-4466-972a-ac7a9a909d14","Qatar","قَطَر","QA","7/5/2026 12:14:30 PM",""
"c96eef9d-4c29-4456-1c25-08def11f9f96","889f81dd-9b61-48d0-a7a0-08def0866aac","90f51bae-c903-46a5-790f-08def0866aa3","a17a864e-6bcd-4466-972a-ac7a9a909d14","Qatar","قَطَر","QA","8/3/2026 8:25:25 AM",""
"d92d69b7-817a-4b5f-957d-08debee636ea","6c2ec1e3-860f-4b3f-60c6-08debee63662","c65e0835-1de9-41f1-dfd6-08debee6364f","a17a864e-6bcd-4466-972a-ac7a9a909d14","Qatar","قَطَر","QA","6/2/2026 1:27:00 PM",""
"f7fef740-ecce-4ae2-e9f5-08dec77b79c2","acd778b1-1d77-4ffa-7a8e-08dec461c23d","3246e1e8-af83-46dd-981e-08dec461c232","a17a864e-6bcd-4466-972a-ac7a9a909d14","Qatar","قَطَر","QA","6/28/2026 10:27:43 AM",""
"a43a0edb-c9a0-427b-e9fe-08dec77b79c2","dc087d3c-3562-44cc-7a93-08dec461c23d","b05f6bd5-256d-4940-9823-08dec461c232","a17a864e-6bcd-4466-972a-ac7a9a909d14","Qatar","قَطَر","QA","7/5/2026 12:12:54 PM",""
"2a4651bc-b2b8-43cf-ea0c-08dec77b79c2","dcc40483-0957-4f11-7a94-08dec461c23d","b05f6bd5-256d-4940-9823-08dec461c232","a17a864e-6bcd-4466-972a-ac7a9a909d14","Qatar","قَطَر","QA","7/5/2026 12:12:54 PM",""
"c0847857-bead-4789-ea1b-08dec77b79c2","eb07919f-adb5-4e98-7ab0-08dec461c23d","e641b12b-e4d1-47ab-9837-08dec461c232","a17a864e-6bcd-4466-972a-ac7a9a909d14","Qatar","قَطَر","QA","7/28/2026 1:00:38 PM",""
"e4143588-ec56-4c25-ea29-08dec77b79c2","5e8b83ee-ab75-42d4-7ab7-08dec461c23d","cfbc3145-b350-480b-983d-08dec461c232","a17a864e-6bcd-4466-972a-ac7a9a909d14","Qatar","قَطَر","QA","8/3/2026 8:24:02 AM",""
"70876c7e-e85c-4d8f-74fe-08de6e055c75","55a465e9-e2b2-4196-1692-08de6c80b44a","c7e2aafd-6340-45d5-31d3-08de6c80b448","a17a864e-6bcd-4466-972a-ac7a9a909d14","Qatar","قَطَر","QA","2/17/2026 12:17:23 PM",""
"8e787805-87c8-4dfc-813b-08de75253b8e","f52a8461-8066-4ff4-7081-08de7446bf5c","e8b7aa3b-38aa-47b8-fe79-08de7446bf51","a17a864e-6bcd-4466-972a-ac7a9a909d14","Qatar","قَطَر","QA","2/26/2026 1:53:12 PM",""
"5c7cd820-1b8f-4250-415f-08de9e1b0598","160100bc-528f-4622-bc88-08de9e09a558","ed390c3c-ac6f-470e-7a74-08de9e09a550","a17a864e-6bcd-4466-972a-ac7a9a909d14","Qatar","قَطَر","QA","4/23/2026 12:31:41 PM",""
"89ee7819-dc2f-463f-d323-08de9e9ca83d","88e12df6-ffab-458e-cd97-08de9e04ed9e","d9eed3fe-a269-4d96-6897-08de9e04ed95","a17a864e-6bcd-4466-972a-ac7a9a909d14","Qatar","قَطَر","QA","4/20/2026 12:11:55 PM",""
"b86c80b8-e144-4735-e62b-08dea241b627","7fb2296d-87a4-4954-6a2d-08dea2389ab1","0f5632ff-e60a-4b83-f10a-08dea2389aaf","a17a864e-6bcd-4466-972a-ac7a9a909d14","Qatar","قَطَر","QA","5/3/2026 9:40:23 AM",""
"542a8120-dcff-410b-e645-08dea241b627","617e08ea-9571-42d0-6a65-08dea2389ab1","8c915ebe-4dc5-4900-f117-08dea2389aaf","a17a864e-6bcd-4466-972a-ac7a9a909d14","Qatar","قَطَر","QA","5/7/2026 8:17:26 AM",""
"dfe8c080-df7a-4b5f-813d-08de75253b8e","f52a8461-8066-4ff4-7081-08de7446bf5c","e8b7aa3b-38aa-47b8-fe79-08de7446bf51","3071a33c-97a9-419f-a306-b1be05a30d5b","China","الصين","CN","2/26/2026 1:53:12 PM",""
"bd958cb3-fd25-459f-813c-08de75253b8e","f52a8461-8066-4ff4-7081-08de7446bf5c","e8b7aa3b-38aa-47b8-fe79-08de7446bf51","d8bf4a41-432c-4b4e-bffe-ca394857ecb2","Thailand","تايلاند","TH","2/26/2026 1:53:12 PM",""
"569d3f2d-0141-43d4-8be9-08dddd671626","c92b1e43-b445-4e27-eb65-08dddd57848f","7ca07ae2-eec1-4ed0-c7ed-08dddd57848d","b0f821ca-86ee-4f32-bb83-ce50d4a5858e","Ireland","أيرلندا","IE","8/17/2025 11:21:38 AM",""
"8bfcbde0-a4cb-4edc-cae4-08de3adef625","ba5871a1-f81c-43c3-c7bd-08de3ade590a","87c2a5a9-f54f-49ff-7b82-08de3ade5903","b0f821ca-86ee-4f32-bb83-ce50d4a5858e","Ireland","أيرلندا","IE","12/14/2025 10:04:02 AM",""
"340c5364-7556-4bde-ea00-08dec77b79c2","dc087d3c-3562-44cc-7a93-08dec461c23d","b05f6bd5-256d-4940-9823-08dec461c232","b0f821ca-86ee-4f32-bb83-ce50d4a5858e","Ireland","أيرلندا","IE","7/5/2026 12:12:54 PM",""
"5d3bd76b-94ef-4be1-ea10-08dec77b79c2","dcc40483-0957-4f11-7a94-08dec461c23d","b05f6bd5-256d-4940-9823-08dec461c232","b0f821ca-86ee-4f32-bb83-ce50d4a5858e","Ireland","أيرلندا","IE","7/5/2026 12:12:54 PM",""
"d2546b61-f9de-40e2-ea20-08dec77b79c2","eb07919f-adb5-4e98-7ab0-08dec461c23d","e641b12b-e4d1-47ab-9837-08dec461c232","b0f821ca-86ee-4f32-bb83-ce50d4a5858e","Ireland","أيرلندا","IE","7/28/2026 1:00:38 PM",""
"2eb7fb5f-13f0-415c-5542-08deda75d1fa","44346def-4945-4b96-04fd-08deda71879d","633dc513-6f33-4bb5-1ec8-08deda71879b","b0f821ca-86ee-4f32-bb83-ce50d4a5858e","Ireland","أيرلندا","IE","7/5/2026 12:14:30 PM",""
"9f6c4087-4047-4aa7-e9f2-08dec77b79c2","acd778b1-1d77-4ffa-7a8e-08dec461c23d","3246e1e8-af83-46dd-981e-08dec461c232","f7e6da9a-358b-45c4-8c0a-d0e4ab805e26","Australia","أستراليا","AU","6/28/2026 10:27:43 AM",""
"77a6ca1b-feeb-4315-8be8-08dddd671626","c92b1e43-b445-4e27-eb65-08dddd57848f","7ca07ae2-eec1-4ed0-c7ed-08dddd57848d","8860ec77-e8c8-4070-aa15-db1c2dfc8df4","Denmark","الدنمارك","DK","8/17/2025 11:21:38 AM",""
"56d910b0-917b-4eb7-cadf-08de3adef625","ba5871a1-f81c-43c3-c7bd-08de3ade590a","87c2a5a9-f54f-49ff-7b82-08de3ade5903","8860ec77-e8c8-4070-aa15-db1c2dfc8df4","Denmark","الدنمارك","DK","12/14/2025 10:04:02 AM",""
"972ed5b8-28f3-4c8a-e9fb-08dec77b79c2","dc087d3c-3562-44cc-7a93-08dec461c23d","b05f6bd5-256d-4940-9823-08dec461c232","8860ec77-e8c8-4070-aa15-db1c2dfc8df4","Denmark","الدنمارك","DK","7/5/2026 12:12:54 PM",""
"b6f4b820-1c6c-4124-ea06-08dec77b79c2","dcc40483-0957-4f11-7a94-08dec461c23d","b05f6bd5-256d-4940-9823-08dec461c232","8860ec77-e8c8-4070-aa15-db1c2dfc8df4","Denmark","الدنمارك","DK","7/5/2026 12:12:54 PM",""
"5c3ad563-2cd0-411b-ea1e-08dec77b79c2","eb07919f-adb5-4e98-7ab0-08dec461c23d","e641b12b-e4d1-47ab-9837-08dec461c232","8860ec77-e8c8-4070-aa15-db1c2dfc8df4","Denmark","الدنمارك","DK","7/28/2026 1:00:38 PM",""
"62ea59a5-5fe1-46b6-554a-08deda75d1fa","44346def-4945-4b96-04fd-08deda71879d","633dc513-6f33-4bb5-1ec8-08deda71879b","8860ec77-e8c8-4070-aa15-db1c2dfc8df4","Denmark","الدنمارك","DK","7/5/2026 12:14:30 PM",""
"53abe2d2-6b82-4537-8bed-08dddd671626","c92b1e43-b445-4e27-eb65-08dddd57848f","7ca07ae2-eec1-4ed0-c7ed-08dddd57848d","02579099-437d-4d38-bc5a-dc81882547e1","Jordan","الأردن","JO","8/17/2025 11:21:38 AM",""
"accd7d54-0a6c-49af-73d3-08de049defd4","179f7c36-5c7e-46a2-7ac8-08de049c57c6","f45c2040-d061-4e4c-c883-08de049c57c4","02579099-437d-4d38-bc5a-dc81882547e1","Jordan","الأردن","JO","10/6/2025 9:20:55 AM",""
"47d09aa8-42e6-4113-cae2-08de3adef625","ba5871a1-f81c-43c3-c7bd-08de3ade590a","87c2a5a9-f54f-49ff-7b82-08de3ade5903","02579099-437d-4d38-bc5a-dc81882547e1","Jordan","الأردن","JO","12/14/2025 10:04:02 AM",""
"19e116e1-5ac2-4c8a-e64c-08dea241b627","617e08ea-9571-42d0-6a65-08dea2389ab1","8c915ebe-4dc5-4900-f117-08dea2389aaf","02579099-437d-4d38-bc5a-dc81882547e1","Jordan","الأردن","JO","5/7/2026 8:17:26 AM",""
"df027361-ec89-41fa-e9fc-08dec77b79c2","dc087d3c-3562-44cc-7a93-08dec461c23d","b05f6bd5-256d-4940-9823-08dec461c232","02579099-437d-4d38-bc5a-dc81882547e1","Jordan","الأردن","JO","7/5/2026 12:12:54 PM",""
"edb9644a-22c6-49e4-ea0d-08dec77b79c2","dcc40483-0957-4f11-7a94-08dec461c23d","b05f6bd5-256d-4940-9823-08dec461c232","02579099-437d-4d38-bc5a-dc81882547e1","Jordan","الأردن","JO","7/5/2026 12:12:54 PM",""
"50af1b70-68e2-4529-ea24-08dec77b79c2","eb07919f-adb5-4e98-7ab0-08dec461c23d","e641b12b-e4d1-47ab-9837-08dec461c232","02579099-437d-4d38-bc5a-dc81882547e1","Jordan","الأردن","JO","7/28/2026 1:00:38 PM",""
"92c45338-301e-4eea-5546-08deda75d1fa","44346def-4945-4b96-04fd-08deda71879d","633dc513-6f33-4bb5-1ec8-08deda71879b","02579099-437d-4d38-bc5a-dc81882547e1","Jordan","الأردن","JO","7/5/2026 12:14:30 PM",""
"de990cec-31db-48e5-e64e-08dea241b627","617e08ea-9571-42d0-6a65-08dea2389ab1","8c915ebe-4dc5-4900-f117-08dea2389aaf","22e2bc7f-7fea-4b30-9d82-ea7e8f125fcc","South Korea","كوريا الجنوبية","KR","5/7/2026 8:17:26 AM",""
"5403a366-41b6-44e5-ea2a-08dec77b79c2","5e8b83ee-ab75-42d4-7ab7-08dec461c23d","cfbc3145-b350-480b-983d-08dec461c232","22e2bc7f-7fea-4b30-9d82-ea7e8f125fcc","South Korea","كوريا الجنوبية","KR","8/3/2026 8:24:02 AM",""
"a84802f9-7129-4eba-1c26-08def11f9f96","889f81dd-9b61-48d0-a7a0-08def0866aac","90f51bae-c903-46a5-790f-08def0866aa3","22e2bc7f-7fea-4b30-9d82-ea7e8f125fcc","South Korea","كوريا الجنوبية","KR","8/3/2026 8:25:25 AM",""
