"PublishedIndicatorChartId","PublishedIndicatorId","ChartTypeId","ChartTypeEN","ChartTypeAR","ChartTypeCode","DefaultView","AlternateViews_Raw1","LineSubIndicators_Raw","YAxis_Raw","AlternateViews_Raw","FootnoteEN","FootnoteAR","XAxisEN","XAxisAR","ShowTarget","ShowBaseline","ShowTrajectories","ShowOutlook","ShowLegend","ShowSource","CreatedAt","UpdatedAt"
"dcf10715-7cb5-41a5-2a0e-08ddb7179f3e","f0a2e654-d78c-4d14-3e15-08ddb7179f33","9c7487a3-8189-48fa-a863-f5eb27df8564","Bar Chart","مخطط شريطي","barchart","1335f666-ffcf-4c78-ad27-88a092f2f4ae","","","","7EC8402A-0673-4417-B935-502FF2145F10","","","x","س","True","True","True","False","True","True","6/29/2025 6:53:10 PM","6/29/2025 6:53:10 PM"
"d67fd64b-161e-4ed1-2a15-08ddb7179f3e","64368107-c86b-4488-3e1c-08ddb7179f33","9c7487a3-8189-48fa-a863-f5eb27df8564","Bar Chart","مخطط شريطي","barchart","691e1981-365a-4b79-b81d-de3b2f8c05c7","","","","43A29E53-13DF-477E-B993-DE5A423DAB99","","","x","س","True","True","True","False","True","True","6/29/2025 6:58:46 PM","6/29/2025 6:58:46 PM"
"c339e85d-c2f0-444e-2a16-08ddb7179f3e","a7eeeaa7-3a05-465c-3e1d-08ddb7179f33","9c7487a3-8189-48fa-a863-f5eb27df8564","Bar Chart","مخطط شريطي","barchart","691e1981-365a-4b79-b81d-de3b2f8c05c7","","","","43A29E53-13DF-477E-B993-DE5A423DAB99","","","x","س","True","True","True","False","True","True","6/29/2025 6:59:43 PM","6/29/2025 6:59:43 PM"
"c240d8de-1b33-48bd-2a17-08ddb7179f3e","2137c6dc-b410-4258-3e1e-08ddb7179f33","9c7487a3-8189-48fa-a863-f5eb27df8564","Bar Chart","مخطط شريطي","barchart","691e1981-365a-4b79-b81d-de3b2f8c05c7","","","","43A29E53-13DF-477E-B993-DE5A423DAB99","","","x","س","True","True","True","False","True","True","6/29/2025 7:02:37 PM","6/29/2025 7:02:37 PM"
"6346e76a-c642-47ad-2a1d-08ddb7179f3e","dc37d928-40d5-4998-3e24-08ddb7179f33","9c7487a3-8189-48fa-a863-f5eb27df8564","Bar Chart","مخطط شريطي","barchart","718b556d-df7a-4f71-88d5-92e506941170","","","","1A030A2F-9580-4F77-8A14-0ABFC76E4608","","","x","س","True","True","True","False","True","True","6/29/2025 7:10:42 PM","6/29/2025 7:10:42 PM"
"4c8336ed-017c-4e62-2a1e-08ddb7179f3e","60073a09-fb63-4825-3e25-08ddb7179f33","9c7487a3-8189-48fa-a863-f5eb27df8564","Bar Chart","مخطط شريطي","barchart","718b556d-df7a-4f71-88d5-92e506941170","","","","1A030A2F-9580-4F77-8A14-0ABFC76E4608","","","x","س","True","True","True","False","True","True","6/29/2025 7:11:43 PM","6/29/2025 7:11:43 PM"
"08b8fdac-2921-4fa0-2a24-08ddb7179f3e","f597b0c1-9e2c-4899-3e2b-08ddb7179f33","9c7487a3-8189-48fa-a863-f5eb27df8564","Bar Chart","مخطط شريطي","barchart","718b556d-df7a-4f71-88d5-92e506941170","","","","1A030A2F-9580-4F77-8A14-0ABFC76E4608","","","x","س","True","True","True","False","True","True","6/29/2025 7:20:02 PM","6/29/2025 7:20:02 PM"
"bd01dcee-91f9-48bc-2a3a-08ddb7179f3e","57e6f80d-27a2-43de-3e41-08ddb7179f33","9c7487a3-8189-48fa-a863-f5eb27df8564","Bar Chart","مخطط شريطي","barchart","691e1981-365a-4b79-b81d-de3b2f8c05c7","","","","43A29E53-13DF-477E-B993-DE5A423DAB99","","","x","س","True","True","True","False","True","True","6/29/2025 8:27:01 PM","6/29/2025 8:27:01 PM"
"c88b41fc-6d1f-4e99-2a46-08ddb7179f3e","e2546a69-1ba8-4b1e-3e4d-08ddb7179f33","9c7487a3-8189-48fa-a863-f5eb27df8564","Bar Chart","مخطط شريطي","barchart","691e1981-365a-4b79-b81d-de3b2f8c05c7","","","","43A29E53-13DF-477E-B993-DE5A423DAB99","","","x","س","True","True","True","False","True","True","6/29/2025 11:09:23 PM","6/29/2025 11:09:23 PM"
"4d4b7fde-ba5c-4c92-2a47-08ddb7179f3e","7ebf49ff-62db-4a91-3e4e-08ddb7179f33","9c7487a3-8189-48fa-a863-f5eb27df8564","Bar Chart","مخطط شريطي","barchart","718b556d-df7a-4f71-88d5-92e506941170","","","","1A030A2F-9580-4F77-8A14-0ABFC76E4608","","","x","س","True","True","True","False","True","True","6/29/2025 11:09:59 PM","6/29/2025 11:09:59 PM"
"544ccdcf-c80d-4bcf-2a4d-08ddb7179f3e","61db52da-e839-40a4-3e54-08ddb7179f33","9c7487a3-8189-48fa-a863-f5eb27df8564","Bar Chart","مخطط شريطي","barchart","691e1981-365a-4b79-b81d-de3b2f8c05c7","","","","43A29E53-13DF-477E-B993-DE5A423DAB99","","","x","س","True","True","True","False","True","True","6/30/2025 10:50:31 AM","6/30/2025 10:50:31 AM"
"4efc0a20-0840-4270-2a4e-08ddb7179f3e","d032d27f-d538-4da2-3e55-08ddb7179f33","9c7487a3-8189-48fa-a863-f5eb27df8564","Bar Chart","مخطط شريطي","barchart","691e1981-365a-4b79-b81d-de3b2f8c05c7","","","","43A29E53-13DF-477E-B993-DE5A423DAB99","","","x","س","True","True","True","False","True","True","6/30/2025 10:51:15 AM","6/30/2025 10:51:15 AM"
"37fe3c40-a585-4978-2a4f-08ddb7179f3e","c63a248e-8060-4845-3e56-08ddb7179f33","9c7487a3-8189-48fa-a863-f5eb27df8564","Bar Chart","مخطط شريطي","barchart","691e1981-365a-4b79-b81d-de3b2f8c05c7","","","","43A29E53-13DF-477E-B993-DE5A423DAB99","","","x","س","True","True","True","False","True","True","6/30/2025 10:51:40 AM","6/30/2025 10:51:40 AM"
"e40ea89d-f0c5-4a16-2a50-08ddb7179f3e","61f429d1-6c47-48ec-3e57-08ddb7179f33","9c7487a3-8189-48fa-a863-f5eb27df8564","Bar Chart","مخطط شريطي","barchart","691e1981-365a-4b79-b81d-de3b2f8c05c7","","","","43A29E53-13DF-477E-B993-DE5A423DAB99","","","x","س","True","True","True","False","True","True","6/30/2025 10:55:49 AM","6/30/2025 10:55:49 AM"
"76be6fa5-fb14-4db8-2a51-08ddb7179f3e","71f4a5b5-baea-4789-3e58-08ddb7179f33","9c7487a3-8189-48fa-a863-f5eb27df8564","Bar Chart","مخطط شريطي","barchart","691e1981-365a-4b79-b81d-de3b2f8c05c7","","","","43A29E53-13DF-477E-B993-DE5A423DAB99","","","x","س","True","True","True","False","True","True","6/30/2025 11:11:48 AM","6/30/2025 11:11:48 AM"
"d2d8776e-8c10-43f2-2a52-08ddb7179f3e","4861f716-4a3f-4304-3e59-08ddb7179f33","9c7487a3-8189-48fa-a863-f5eb27df8564","Bar Chart","مخطط شريطي","barchart","691e1981-365a-4b79-b81d-de3b2f8c05c7","","","","43A29E53-13DF-477E-B993-DE5A423DAB99","","","x","س","True","True","True","False","True","True","6/30/2025 11:16:57 AM","6/30/2025 11:16:57 AM"
"70ba4970-d414-495f-2a53-08ddb7179f3e","1a3c0f36-b514-4b19-3e5a-08ddb7179f33","9c7487a3-8189-48fa-a863-f5eb27df8564","Bar Chart","مخطط شريطي","barchart","691e1981-365a-4b79-b81d-de3b2f8c05c7","","","","43A29E53-13DF-477E-B993-DE5A423DAB99","","","x","س","True","True","True","False","True","True","6/30/2025 11:18:21 AM","6/30/2025 11:18:21 AM"
"3ad33ccc-bf9a-40e6-2a54-08ddb7179f3e","adb140b8-770f-4a34-3e5b-08ddb7179f33","9c7487a3-8189-48fa-a863-f5eb27df8564","Bar Chart","مخطط شريطي","barchart","691e1981-365a-4b79-b81d-de3b2f8c05c7","","","","43A29E53-13DF-477E-B993-DE5A423DAB99","","","x","س","True","True","True","False","True","True","6/30/2025 11:19:16 AM","6/30/2025 11:19:16 AM"
"5f89dba6-17dc-4cfa-2a55-08ddb7179f3e","934bc0c8-5780-46b8-3e5c-08ddb7179f33","9c7487a3-8189-48fa-a863-f5eb27df8564","Bar Chart","مخطط شريطي","barchart","691e1981-365a-4b79-b81d-de3b2f8c05c7","","","","43A29E53-13DF-477E-B993-DE5A423DAB99","","","x","س","True","True","True","False","True","True","6/30/2025 11:19:49 AM","6/30/2025 11:19:49 AM"
"ba3b20a6-da55-45b2-2a56-08ddb7179f3e","c9bfb3a0-2d3a-4895-3e5d-08ddb7179f33","9c7487a3-8189-48fa-a863-f5eb27df8564","Bar Chart","مخطط شريطي","barchart","691e1981-365a-4b79-b81d-de3b2f8c05c7","","","","43A29E53-13DF-477E-B993-DE5A423DAB99","","","x","س","True","True","True","False","True","True","6/30/2025 11:25:06 AM","6/30/2025 11:25:06 AM"
"12e28871-d191-46d6-2a57-08ddb7179f3e","c8b626a1-4f80-40ec-3e5e-08ddb7179f33","9c7487a3-8189-48fa-a863-f5eb27df8564","Bar Chart","مخطط شريطي","barchart","718b556d-df7a-4f71-88d5-92e506941170","","","","1A030A2F-9580-4F77-8A14-0ABFC76E4608","","","x","س","True","True","True","False","True","True","6/30/2025 11:25:33 AM","6/30/2025 11:25:33 AM"
"bc7eb8f3-2f3e-44b3-2a5d-08ddb7179f3e","b92b131c-8a2e-49ef-3e64-08ddb7179f33","9c7487a3-8189-48fa-a863-f5eb27df8564","Bar Chart","مخطط شريطي","barchart","691e1981-365a-4b79-b81d-de3b2f8c05c7","","","","43A29E53-13DF-477E-B993-DE5A423DAB99","","","x","س","True","True","True","False","True","True","6/30/2025 1:48:32 PM","6/30/2025 1:48:32 PM"
"4f49b9da-2fe9-4b4b-2a5e-08ddb7179f3e","63073032-96e4-45fd-3e65-08ddb7179f33","9c7487a3-8189-48fa-a863-f5eb27df8564","Bar Chart","مخطط شريطي","barchart","691e1981-365a-4b79-b81d-de3b2f8c05c7","","","","43A29E53-13DF-477E-B993-DE5A423DAB99","","","x","س","True","True","True","False","True","True","6/30/2025 1:50:52 PM","6/30/2025 1:50:52 PM"
"29fd620d-dffc-465b-2a5f-08ddb7179f3e","0f4a1200-7f7b-4f67-3e66-08ddb7179f33","9c7487a3-8189-48fa-a863-f5eb27df8564","Bar Chart","مخطط شريطي","barchart","691e1981-365a-4b79-b81d-de3b2f8c05c7","","","","43A29E53-13DF-477E-B993-DE5A423DAB99","","","x","س","True","True","True","False","True","True","6/30/2025 1:53:09 PM","6/30/2025 1:53:09 PM"
"6e9cc2bb-5c73-47da-2a60-08ddb7179f3e","f53e6941-a46d-4142-3e67-08ddb7179f33","9c7487a3-8189-48fa-a863-f5eb27df8564","Bar Chart","مخطط شريطي","barchart","691e1981-365a-4b79-b81d-de3b2f8c05c7","","","","43A29E53-13DF-477E-B993-DE5A423DAB99","","","x","س","True","True","True","False","True","True","6/30/2025 1:53:52 PM","6/30/2025 1:53:52 PM"
"58a485c4-4f36-4299-2a61-08ddb7179f3e","19d55db8-34f1-4697-3e68-08ddb7179f33","9c7487a3-8189-48fa-a863-f5eb27df8564","Bar Chart","مخطط شريطي","barchart","691e1981-365a-4b79-b81d-de3b2f8c05c7","","","","43A29E53-13DF-477E-B993-DE5A423DAB99","","","x","س","True","True","True","False","True","True","6/30/2025 1:54:13 PM","6/30/2025 1:54:13 PM"
"774b61b2-2f64-477a-2a62-08ddb7179f3e","ba86d4e8-86df-4abf-3e69-08ddb7179f33","9c7487a3-8189-48fa-a863-f5eb27df8564","Bar Chart","مخطط شريطي","barchart","691e1981-365a-4b79-b81d-de3b2f8c05c7","","","","6ddcae37-696b-4346-bfe9-4404f72f63f4","","","x","س","True","True","True","False","True","True","6/30/2025 1:54:36 PM",""
"bd480049-4f56-469b-2a63-08ddb7179f3e","1c0c06df-a200-4826-3e6a-08ddb7179f33","9c7487a3-8189-48fa-a863-f5eb27df8564","Bar Chart","مخطط شريطي","barchart","691e1981-365a-4b79-b81d-de3b2f8c05c7","","","","43A29E53-13DF-477E-B993-DE5A423DAB99","","","x","س","True","True","True","False","True","True","6/30/2025 1:54:59 PM","6/30/2025 1:54:59 PM"
"3265a2ee-d159-4b34-2a64-08ddb7179f3e","9af398b9-ca7f-4451-3e6b-08ddb7179f33","9c7487a3-8189-48fa-a863-f5eb27df8564","Bar Chart","مخطط شريطي","barchart","691e1981-365a-4b79-b81d-de3b2f8c05c7","","","","43A29E53-13DF-477E-B993-DE5A423DAB99","","","x","س","True","True","True","False","True","True","6/30/2025 1:57:53 PM","6/30/2025 1:57:53 PM"
"dd446540-43a0-4b0d-2a65-08ddb7179f3e","e695ef47-c754-419c-3e6c-08ddb7179f33","9c7487a3-8189-48fa-a863-f5eb27df8564","Bar Chart","مخطط شريطي","barchart","691e1981-365a-4b79-b81d-de3b2f8c05c7","","","","43A29E53-13DF-477E-B993-DE5A423DAB99","","","x","س","True","True","True","False","True","True","6/30/2025 2:00:58 PM","6/30/2025 2:00:58 PM"
"1349bf14-534b-4713-2a66-08ddb7179f3e","45d63a3d-01cd-485d-3e6d-08ddb7179f33","9c7487a3-8189-48fa-a863-f5eb27df8564","Bar Chart","مخطط شريطي","barchart","691e1981-365a-4b79-b81d-de3b2f8c05c7","","","","43A29E53-13DF-477E-B993-DE5A423DAB99","","","x","س","True","True","True","False","True","True","6/30/2025 2:01:26 PM","6/30/2025 2:01:26 PM"
"89114ab1-0703-4c63-2a67-08ddb7179f3e","8822f966-05c2-417f-3e6e-08ddb7179f33","9c7487a3-8189-48fa-a863-f5eb27df8564","Bar Chart","مخطط شريطي","barchart","691e1981-365a-4b79-b81d-de3b2f8c05c7","","","","43A29E53-13DF-477E-B993-DE5A423DAB99","","","x","س","True","True","True","False","True","True","6/30/2025 2:01:53 PM","6/30/2025 2:01:53 PM"
"f0aa7ab0-541f-4eac-c668-08ddb722adc4","d2c4d177-bb12-4645-b53f-08ddb722adc3","9c7487a3-8189-48fa-a863-f5eb27df8564","Bar Chart","مخطط شريطي","barchart","718b556d-df7a-4f71-88d5-92e506941170","","","","1a030a2f-9580-4f77-8a14-0abfc76e4608","","","x","س","True","True","True","False","True","True","6/29/2025 6:59:15 PM",""
"d5b9d6bf-a136-4349-c669-08ddb722adc4","c3257c34-9cb4-41be-b540-08ddb722adc3","9c7487a3-8189-48fa-a863-f5eb27df8564","Bar Chart","مخطط شريطي","barchart","718b556d-df7a-4f71-88d5-92e506941170","","","","1a030a2f-9580-4f77-8a14-0abfc76e4608","","","x","س","True","True","True","False","True","True","6/29/2025 7:01:16 PM",""
"742fc447-c08f-4b80-c66f-08ddb722adc4","e8dde311-7c9b-4bec-b546-08ddb722adc3","9c7487a3-8189-48fa-a863-f5eb27df8564","Bar Chart","مخطط شريطي","barchart","691e1981-365a-4b79-b81d-de3b2f8c05c7","","","","43A29E53-13DF-477E-B993-DE5A423DAB99","","","x","س","True","True","True","False","True","True","6/29/2025 7:08:57 PM","6/29/2025 7:08:57 PM"
"258c5d38-0d0c-46bd-c671-08ddb722adc4","54259d3e-0236-495b-b548-08ddb722adc3","9c7487a3-8189-48fa-a863-f5eb27df8564","Bar Chart","مخطط شريطي","barchart","691e1981-365a-4b79-b81d-de3b2f8c05c7","","","","43A29E53-13DF-477E-B993-DE5A423DAB99","","","x","س","True","True","True","False","True","True","6/29/2025 7:10:22 PM","6/29/2025 7:10:22 PM"
"898de8a1-3c3c-4afb-c672-08ddb722adc4","b101ba8b-99ff-4118-b549-08ddb722adc3","9c7487a3-8189-48fa-a863-f5eb27df8564","Bar Chart","مخطط شريطي","barchart","718b556d-df7a-4f71-88d5-92e506941170","","","","1A030A2F-9580-4F77-8A14-0ABFC76E4608","","","x","س","True","True","True","False","True","True","6/29/2025 7:11:05 PM","6/29/2025 7:11:05 PM"
"4b9b8cac-f6fb-4ad0-c673-08ddb722adc4","2eb9e540-a156-40b0-b54a-08ddb722adc3","9c7487a3-8189-48fa-a863-f5eb27df8564","Bar Chart","مخطط شريطي","barchart","718b556d-df7a-4f71-88d5-92e506941170","","","","1A030A2F-9580-4F77-8A14-0ABFC76E4608","","","x","س","True","True","True","False","True","True","6/29/2025 7:11:23 PM","6/29/2025 7:11:23 PM"
"7b121008-725d-49fb-c684-08ddb722adc4","4621e313-d65e-460b-b55b-08ddb722adc3","9c7487a3-8189-48fa-a863-f5eb27df8564","Bar Chart","مخطط شريطي","barchart","691e1981-365a-4b79-b81d-de3b2f8c05c7","","","","43A29E53-13DF-477E-B993-DE5A423DAB99","","","x","س","True","True","True","False","True","True","6/29/2025 8:14:42 PM","6/29/2025 8:14:42 PM"
"9cf713be-02c1-41ef-c68b-08ddb722adc4","d721ff2f-6278-4b48-b562-08ddb722adc3","9c7487a3-8189-48fa-a863-f5eb27df8564","Bar Chart","مخطط شريطي","barchart","691e1981-365a-4b79-b81d-de3b2f8c05c7","","","","43A29E53-13DF-477E-B993-DE5A423DAB99","","","x","س","True","True","True","False","True","True","6/29/2025 8:23:45 PM","6/29/2025 8:23:45 PM"
"60541580-5b31-4400-c68c-08ddb722adc4","ce90f312-89d7-4642-b563-08ddb722adc3","9c7487a3-8189-48fa-a863-f5eb27df8564","Bar Chart","مخطط شريطي","barchart","691e1981-365a-4b79-b81d-de3b2f8c05c7","","","","43A29E53-13DF-477E-B993-DE5A423DAB99","","","x","س","True","True","True","False","True","True","6/29/2025 8:24:43 PM","6/29/2025 8:24:43 PM"
"b3891435-b9aa-43f8-c696-08ddb722adc4","9261cd38-6628-44b6-b56d-08ddb722adc3","9c7487a3-8189-48fa-a863-f5eb27df8564","Bar Chart","مخطط شريطي","barchart","691e1981-365a-4b79-b81d-de3b2f8c05c7","","","","43A29E53-13DF-477E-B993-DE5A423DAB99","","","x","س","True","True","True","False","True","True","6/29/2025 11:11:25 PM","6/29/2025 11:11:25 PM"
"77a1267e-cfd3-4612-c697-08ddb722adc4","d946e532-7a4a-465c-b56e-08ddb722adc3","9c7487a3-8189-48fa-a863-f5eb27df8564","Bar Chart","مخطط شريطي","barchart","691e1981-365a-4b79-b81d-de3b2f8c05c7","","","","43A29E53-13DF-477E-B993-DE5A423DAB99","","","x","س","True","True","True","False","True","True","6/29/2025 11:17:11 PM","6/29/2025 11:17:11 PM"
"300e666a-dec1-4764-c69b-08ddb722adc4","f726cf23-d70b-4f87-b572-08ddb722adc3","9c7487a3-8189-48fa-a863-f5eb27df8564","Bar Chart","مخطط شريطي","barchart","691e1981-365a-4b79-b81d-de3b2f8c05c7","","","","43A29E53-13DF-477E-B993-DE5A423DAB99","","","x","س","True","True","True","False","True","True","6/30/2025 10:50:05 AM","6/30/2025 10:50:05 AM"
"1ec24770-913a-4d88-c69c-08ddb722adc4","4cf28eb0-d3d3-436b-b573-08ddb722adc3","9c7487a3-8189-48fa-a863-f5eb27df8564","Bar Chart","مخطط شريطي","barchart","691e1981-365a-4b79-b81d-de3b2f8c05c7","","","","43A29E53-13DF-477E-B993-DE5A423DAB99","","","x","س","True","True","True","False","True","True","6/30/2025 10:50:53 AM","6/30/2025 10:50:53 AM"
"f8243a6f-dd92-4727-c69f-08ddb722adc4","298b09ad-4cf5-4503-b576-08ddb722adc3","9c7487a3-8189-48fa-a863-f5eb27df8564","Bar Chart","مخطط شريطي","barchart","691e1981-365a-4b79-b81d-de3b2f8c05c7","","","","43A29E53-13DF-477E-B993-DE5A423DAB99","","","x","س","True","True","True","False","True","True","6/30/2025 11:12:18 AM","6/30/2025 11:12:18 AM"
"44171559-e792-4beb-c6a0-08ddb722adc4","cb53f44c-8e81-4ba5-b577-08ddb722adc3","9c7487a3-8189-48fa-a863-f5eb27df8564","Bar Chart","مخطط شريطي","barchart","691e1981-365a-4b79-b81d-de3b2f8c05c7","","","","43A29E53-13DF-477E-B993-DE5A423DAB99","","","x","س","True","True","True","False","True","True","6/30/2025 11:15:15 AM","6/30/2025 11:15:15 AM"
"ae7ce06e-6127-494f-c6a1-08ddb722adc4","a90a3185-1ed5-4396-b578-08ddb722adc3","9c7487a3-8189-48fa-a863-f5eb27df8564","Bar Chart","مخطط شريطي","barchart","718b556d-df7a-4f71-88d5-92e506941170","","","","1A030A2F-9580-4F77-8A14-0ABFC76E4608","","","x","س","True","True","True","False","True","True","6/30/2025 11:16:08 AM","6/30/2025 11:16:08 AM"
"27340cfc-d75f-4091-c6a2-08ddb722adc4","5be08e95-cf7e-47c4-b579-08ddb722adc3","9c7487a3-8189-48fa-a863-f5eb27df8564","Bar Chart","مخطط شريطي","barchart","691e1981-365a-4b79-b81d-de3b2f8c05c7","","","","43A29E53-13DF-477E-B993-DE5A423DAB99","","","x","س","True","True","True","False","True","True","6/30/2025 11:17:32 AM","6/30/2025 11:17:32 AM"
"bceb3daf-ec1e-492a-c6a3-08ddb722adc4","6b4f51a8-b0b2-43d6-b57a-08ddb722adc3","9c7487a3-8189-48fa-a863-f5eb27df8564","Bar Chart","مخطط شريطي","barchart","691e1981-365a-4b79-b81d-de3b2f8c05c7","","","","43A29E53-13DF-477E-B993-DE5A423DAB99","","","x","س","True","True","True","False","True","True","6/30/2025 11:17:57 AM","6/30/2025 11:17:57 AM"
"18c1c7fd-8bee-4662-c6a4-08ddb722adc4","c817263d-3a22-49fe-b57b-08ddb722adc3","9c7487a3-8189-48fa-a863-f5eb27df8564","Bar Chart","مخطط شريطي","barchart","691e1981-365a-4b79-b81d-de3b2f8c05c7","","","","43A29E53-13DF-477E-B993-DE5A423DAB99","","","x","س","True","True","True","False","True","True","6/30/2025 11:18:48 AM","6/30/2025 11:18:48 AM"
"b5447f84-cb45-4203-c6a5-08ddb722adc4","bfbb07cc-a75f-4f91-b57c-08ddb722adc3","9c7487a3-8189-48fa-a863-f5eb27df8564","Bar Chart","مخطط شريطي","barchart","691e1981-365a-4b79-b81d-de3b2f8c05c7","","","","43A29E53-13DF-477E-B993-DE5A423DAB99","","","x","س","True","True","True","False","True","True","6/30/2025 11:21:01 AM","6/30/2025 11:21:01 AM"
"d0ada681-c19b-47a0-c6a6-08ddb722adc4","5d6365ea-9a11-4e41-b57d-08ddb722adc3","9c7487a3-8189-48fa-a863-f5eb27df8564","Bar Chart","مخطط شريطي","barchart","718b556d-df7a-4f71-88d5-92e506941170","","","","1A030A2F-9580-4F77-8A14-0ABFC76E4608","","","x","س","True","True","True","False","True","True","6/30/2025 11:23:20 AM","6/30/2025 11:23:20 AM"
"e5836ca5-e41e-49d1-c6a7-08ddb722adc4","b77d24f1-93ad-4fd0-b57e-08ddb722adc3","9c7487a3-8189-48fa-a863-f5eb27df8564","Bar Chart","مخطط شريطي","barchart","718b556d-df7a-4f71-88d5-92e506941170","","","","1A030A2F-9580-4F77-8A14-0ABFC76E4608","","","x","س","True","True","True","False","True","True","6/30/2025 11:23:41 AM","6/30/2025 11:23:41 AM"
"d7c49680-8d24-486a-c6a8-08ddb722adc4","db238c93-c268-461a-b57f-08ddb722adc3","9c7487a3-8189-48fa-a863-f5eb27df8564","Bar Chart","مخطط شريطي","barchart","718b556d-df7a-4f71-88d5-92e506941170","","","","1A030A2F-9580-4F77-8A14-0ABFC76E4608","","","x","س","True","True","True","False","True","True","6/30/2025 11:26:02 AM","6/30/2025 11:26:02 AM"
"e664da57-7649-48d7-c6a9-08ddb722adc4","d0666126-3e30-4ef0-b580-08ddb722adc3","9c7487a3-8189-48fa-a863-f5eb27df8564","Bar Chart","مخطط شريطي","barchart","718b556d-df7a-4f71-88d5-92e506941170","","","","1A030A2F-9580-4F77-8A14-0ABFC76E4608","","","x","س","True","True","True","False","True","True","6/30/2025 11:26:27 AM","6/30/2025 11:26:27 AM"
"fc2b3b88-a0f8-4aa4-c6aa-08ddb722adc4","9a2d91c8-d4c0-431b-b581-08ddb722adc3","9c7487a3-8189-48fa-a863-f5eb27df8564","Bar Chart","مخطط شريطي","barchart","691e1981-365a-4b79-b81d-de3b2f8c05c7","","","","43A29E53-13DF-477E-B993-DE5A423DAB99","","","x","س","True","True","True","False","True","True","6/30/2025 1:47:41 PM","6/30/2025 1:47:41 PM"
"eff48bc2-a8d7-48bf-c6ab-08ddb722adc4","7a9043e0-0b8f-4939-b582-08ddb722adc3","9c7487a3-8189-48fa-a863-f5eb27df8564","Bar Chart","مخطط شريطي","barchart","691e1981-365a-4b79-b81d-de3b2f8c05c7","","","","43A29E53-13DF-477E-B993-DE5A423DAB99","","","x","س","True","True","True","False","True","True","6/30/2025 1:48:07 PM","6/30/2025 1:48:07 PM"
"2c8435f9-704f-418a-c6ac-08ddb722adc4","6fd24445-5619-4817-b583-08ddb722adc3","9c7487a3-8189-48fa-a863-f5eb27df8564","Bar Chart","مخطط شريطي","barchart","691e1981-365a-4b79-b81d-de3b2f8c05c7","","","","43A29E53-13DF-477E-B993-DE5A423DAB99","","","x","س","True","True","True","False","True","True","6/30/2025 1:49:01 PM","6/30/2025 1:49:01 PM"
"50843414-43fe-4520-c6ad-08ddb722adc4","e71f0d56-0ca7-4508-b584-08ddb722adc3","9c7487a3-8189-48fa-a863-f5eb27df8564","Bar Chart","مخطط شريطي","barchart","691e1981-365a-4b79-b81d-de3b2f8c05c7","","","","43A29E53-13DF-477E-B993-DE5A423DAB99","","","x","س","True","True","True","False","True","True","6/30/2025 1:49:39 PM","6/30/2025 1:49:39 PM"
"49114a33-0fef-4f2c-c6ae-08ddb722adc4","1bbcb6ff-813a-49de-b585-08ddb722adc3","9c7487a3-8189-48fa-a863-f5eb27df8564","Bar Chart","مخطط شريطي","barchart","691e1981-365a-4b79-b81d-de3b2f8c05c7","","","","43A29E53-13DF-477E-B993-DE5A423DAB99","","","x","س","True","True","True","False","True","True","6/30/2025 1:50:07 PM","6/30/2025 1:50:07 PM"
"2a961636-0cf8-49c5-c6af-08ddb722adc4","d631b600-dadb-4c6c-b586-08ddb722adc3","9c7487a3-8189-48fa-a863-f5eb27df8564","Bar Chart","مخطط شريطي","barchart","691e1981-365a-4b79-b81d-de3b2f8c05c7","","","","43A29E53-13DF-477E-B993-DE5A423DAB99","","","x","س","True","True","True","False","True","True","6/30/2025 1:53:30 PM","6/30/2025 1:53:30 PM"
"08bed81e-f613-4d67-c6b0-08ddb722adc4","5d4fc31b-01c2-48fb-b587-08ddb722adc3","9c7487a3-8189-48fa-a863-f5eb27df8564","Bar Chart","مخطط شريطي","barchart","691e1981-365a-4b79-b81d-de3b2f8c05c7","","","","43A29E53-13DF-477E-B993-DE5A423DAB99","","","x","س","True","True","True","False","True","True","6/30/2025 1:57:31 PM","6/30/2025 1:57:31 PM"
"825f74b2-d264-414d-c6b1-08ddb722adc4","c2967fd3-1266-4ced-b588-08ddb722adc3","9c7487a3-8189-48fa-a863-f5eb27df8564","Bar Chart","مخطط شريطي","barchart","691e1981-365a-4b79-b81d-de3b2f8c05c7","","","","43A29E53-13DF-477E-B993-DE5A423DAB99","","","x","س","True","True","True","False","True","True","6/30/2025 1:58:37 PM","6/30/2025 1:58:37 PM"
"cbb9168b-1010-478d-c6b2-08ddb722adc4","e09fd076-383b-490c-b589-08ddb722adc3","9c7487a3-8189-48fa-a863-f5eb27df8564","Bar Chart","مخطط شريطي","barchart","691e1981-365a-4b79-b81d-de3b2f8c05c7","","","","43A29E53-13DF-477E-B993-DE5A423DAB99","","","x","س","True","True","True","False","True","True","6/30/2025 1:59:01 PM","6/30/2025 1:59:01 PM"
"1bbae24a-8507-47d8-c6b3-08ddb722adc4","a7ebe308-044c-4dac-b58a-08ddb722adc3","9c7487a3-8189-48fa-a863-f5eb27df8564","Bar Chart","مخطط شريطي","barchart","691e1981-365a-4b79-b81d-de3b2f8c05c7","","","","43A29E53-13DF-477E-B993-DE5A423DAB99","","","x","س","True","True","True","False","True","True","6/30/2025 2:00:30 PM","6/30/2025 2:00:30 PM"
"9d61a2be-5671-4af2-c6b4-08ddb722adc4","1e2db018-2e23-49bc-b58b-08ddb722adc3","9c7487a3-8189-48fa-a863-f5eb27df8564","Bar Chart","مخطط شريطي","barchart","691e1981-365a-4b79-b81d-de3b2f8c05c7","","","","43A29E53-13DF-477E-B993-DE5A423DAB99","","","x","س","True","True","True","False","True","True","6/30/2025 2:02:21 PM","6/30/2025 2:02:21 PM"
"f4a9db70-9edf-4c8a-c6b5-08ddb722adc4","59f286b6-d682-4889-b58c-08ddb722adc3","9c7487a3-8189-48fa-a863-f5eb27df8564","Bar Chart","مخطط شريطي","barchart","691e1981-365a-4b79-b81d-de3b2f8c05c7","","","","43A29E53-13DF-477E-B993-DE5A423DAB99","","","x","س","True","True","True","False","True","True","6/30/2025 2:03:12 PM","6/30/2025 2:03:12 PM"
"f293a1ad-2e12-477c-abe2-08ddbd8c9c39","311f3407-e32c-4171-0464-08ddbd8c9c38","9c7487a3-8189-48fa-a863-f5eb27df8564","Bar Chart","مخطط شريطي","barchart","691e1981-365a-4b79-b81d-de3b2f8c05c7","","","","43a29e53-13df-477e-b993-de5a423dab99","","","x","x","False","True","True","False","True","True","7/7/2025 10:53:34 PM",""
"6ba738b5-9f1d-4087-1834-08ddd8aaca13","b954a215-4527-47cf-13d6-08ddd8aaca12","9c7487a3-8189-48fa-a863-f5eb27df8564","Bar Chart","مخطط شريطي","barchart","691e1981-365a-4b79-b81d-de3b2f8c05c7","","","","43a29e53-13df-477e-b993-de5a423dab99","","","x","x","True","True","True","False","True","True","8/12/2025 10:07:47 AM",""
"209e29a6-71ad-46ef-605b-08dddd5433d6","554f0bf8-a094-4bdd-a7d8-08dddd5433d4","9c7487a3-8189-48fa-a863-f5eb27df8564","Bar Chart","مخطط شريطي","barchart","691e1981-365a-4b79-b81d-de3b2f8c05c7","","","","","","","x","س","True","True","True","False","True","True","8/17/2025 1:52:07 PM",""
"77d29162-4f43-4ec6-6065-08dddd5433d6","92aa796c-b5e1-4f57-a7e2-08dddd5433d4","9c7487a3-8189-48fa-a863-f5eb27df8564","Bar Chart","مخطط شريطي","barchart","718b556d-df7a-4f71-88d5-92e506941170","","","","1a030a2f-9580-4f77-8a14-0abfc76e4608|43a29e53-13df-477e-b993-de5a423dab99|895ad713-de16-4568-9d8c-55a45a43cf36","","","x","x","True","True","True","False","True","True","8/20/2025 7:57:28 AM",""
"7b596b8f-4cae-41cb-d13f-08dddd57848e","7ca07ae2-eec1-4ed0-c7ed-08dddd57848d","9c7487a3-8189-48fa-a863-f5eb27df8564","Bar Chart","مخطط شريطي","barchart","691e1981-365a-4b79-b81d-de3b2f8c05c7","","","","6ddcae37-696b-4346-bfe9-4404f72f63f4","","","x","x","True","True","True","False","True","True","8/17/2025 11:21:38 AM",""
"b7388bb9-b852-4d72-d142-08dddd57848e","b2720098-c079-4302-c7f0-08dddd57848d","9c7487a3-8189-48fa-a863-f5eb27df8564","Bar Chart","مخطط شريطي","barchart","691e1981-365a-4b79-b81d-de3b2f8c05c7","","","","43A29E53-13DF-477E-B993-DE5A423DAB99","","","x","س","True","True","True","False","True","True","8/17/2025 11:27:56 AM","8/17/2025 11:27:56 AM"
"8abaac59-9259-4bcd-e90b-08dde2343bfb","56117402-dd45-4e84-db60-08dde2343bfa","9c7487a3-8189-48fa-a863-f5eb27df8564","Bar Chart","مخطط شريطي","barchart","691e1981-365a-4b79-b81d-de3b2f8c05c7","","","","","","","x","س","True","True","True","False","True","True","8/25/2025 8:48:30 AM",""
"dd573dc7-1eec-4174-97b5-08de049c57c5","f93b4e4c-3855-4ecf-c881-08de049c57c4","c76256f2-84bd-4623-ac2e-1e32e7d02852","Line Plot","مخطط خطي","lineplote-charts","691e1981-365a-4b79-b81d-de3b2f8c05c7","","","","","","","","","True","True","True","False","True","True","10/6/2025 9:02:31 AM",""
"14d339cf-fbef-4d21-97b7-08de049c57c5","f45c2040-d061-4e4c-c883-08de049c57c4","9c7487a3-8189-48fa-a863-f5eb27df8564","Bar Chart","مخطط شريطي","barchart","691e1981-365a-4b79-b81d-de3b2f8c05c7","","","","","","","x","x","True","True","True","False","True","True","10/6/2025 9:20:55 AM",""
"b30acb67-5e19-4283-97b9-08de049c57c5","f5ba2733-9ccd-4bf7-c885-08de049c57c4","9c7487a3-8189-48fa-a863-f5eb27df8564","Bar Chart","مخطط شريطي","barchart","691e1981-365a-4b79-b81d-de3b2f8c05c7","","","","","","","x","س","True","True","True","False","True","True","10/6/2025 9:30:29 AM",""
"2a65006b-54fb-4d2b-97ba-08de049c57c5","e10eaacf-94aa-49d4-c886-08de049c57c4","9c7487a3-8189-48fa-a863-f5eb27df8564","Bar Chart","مخطط شريطي","barchart","691e1981-365a-4b79-b81d-de3b2f8c05c7","","","","","","","x","س","True","True","True","False","True","True","10/6/2025 9:32:10 AM",""
"26005961-a73f-4e07-4260-08de064080f8","fcdc61e3-9c77-48bf-28ad-08de064080f7","9c7487a3-8189-48fa-a863-f5eb27df8564","Bar Chart","مخطط شريطي","barchart","691e1981-365a-4b79-b81d-de3b2f8c05c7","","","","","","","x","x","True","True","True","False","True","True","10/8/2025 10:58:45 AM",""
"84134f3c-5120-487b-9f65-08de096828d6","7dab8934-bec3-4a34-801d-08de096828d5","9c7487a3-8189-48fa-a863-f5eb27df8564","Bar Chart","مخطط شريطي","barchart","691e1981-365a-4b79-b81d-de3b2f8c05c7","","","","43a29e53-13df-477e-b993-de5a423dab99","","","x","س","True","True","True","False","True","True","10/12/2025 2:00:44 PM",""
"d5a34e3f-dd5a-4f71-b329-08de268d1811","3cb9c41f-f061-4f05-f4aa-08de268d1810","9c7487a3-8189-48fa-a863-f5eb27df8564","Bar Chart","مخطط شريطي","barchart","691e1981-365a-4b79-b81d-de3b2f8c05c7","","","","43a29e53-13df-477e-b993-de5a423dab99","","","x","x","True","True","True","False","True","True","11/19/2025 7:54:17 AM",""
"af470fac-9428-4a4f-00c8-08de2a61dd8b","af220032-2e2a-4521-d1eb-08de2a61dd80","9c7487a3-8189-48fa-a863-f5eb27df8564","Bar Chart","مخطط شريطي","barchart","718b556d-df7a-4f71-88d5-92e506941170","","","","1a030a2f-9580-4f77-8a14-0abfc76e4608|895ad713-de16-4568-9d8c-55a45a43cf36","","","x","س","True","True","True","False","True","True","11/24/2025 1:25:55 PM",""
"a866a569-88b5-477d-b02d-08de34c3675c","a9d5aa30-94b9-4e6d-9425-08de34c3675b","9c7487a3-8189-48fa-a863-f5eb27df8564","Bar Chart","مخطط شريطي","barchart","691e1981-365a-4b79-b81d-de3b2f8c05c7","","","","6ddcae37-696b-4346-bfe9-4404f72f63f4","","","x","س","True","True","True","False","True","True","12/6/2025 3:35:55 PM",""
"5af1b684-cd0c-4a38-b02f-08de34c3675c","452b585c-af2e-4941-9427-08de34c3675b","9c7487a3-8189-48fa-a863-f5eb27df8564","Bar Chart","مخطط شريطي","barchart","718b556d-df7a-4f71-88d5-92e506941170","","","","1a030a2f-9580-4f77-8a14-0abfc76e4608|895ad713-de16-4568-9d8c-55a45a43cf36","","","x","س","True","True","True","False","True","True","12/8/2025 11:05:01 AM",""
"5ee868bd-f828-4c95-367e-08de3ade5904","87c2a5a9-f54f-49ff-7b82-08de3ade5903","9c7487a3-8189-48fa-a863-f5eb27df8564","Bar Chart","مخطط شريطي","barchart","691e1981-365a-4b79-b81d-de3b2f8c05c7","","","","43a29e53-13df-477e-b993-de5a423dab99","","","x","x","True","True","True","False","True","True","12/14/2025 10:04:02 AM",""
"bdb46fdf-4761-4d5e-184f-08de5bf72337","2a3215db-daef-4634-56be-08de5bf72336","c55ee2cb-a6ff-439c-82cf-6575830b2470","Table ","طاولة","table ","691e1981-365a-4b79-b81d-de3b2f8c05c7","","","","43a29e53-13df-477e-b993-de5a423dab99","","","","","True","True","True","False","True","True","1/27/2026 11:58:25 AM",""
"ec7ddcd1-8280-47e8-8ae7-08de66e6ef18","8889b67b-664a-4680-8443-08de66e6ef17","c55ee2cb-a6ff-439c-82cf-6575830b2470","Table ","طاولة","table ","691e1981-365a-4b79-b81d-de3b2f8c05c7","44b0264d-629c-474e-9655-08de66e6ef19|44f5f186-cae1-4393-9657-08de66e6ef19|9ee733f1-f68a-4b8a-9659-08de66e6ef19|b825d0f0-08ee-4e95-9654-08de66e6ef19|9e12ac3b-14b8-4716-9656-08de66e6ef19|c5af0dad-fda0-4e06-965a-08de66e6ef19|7c94c8d5-ead1-443a-9658-08de66e6ef19|9ea5b67b-0a74-428b-9652-08de66e6ef19","","44b0264d-629c-474e-9655-08de66e6ef19|44f5f186-cae1-4393-9657-08de66e6ef19|9ee733f1-f68a-4b8a-9659-08de66e6ef19|b825d0f0-08ee-4e95-9654-08de66e6ef19|9e12ac3b-14b8-4716-9656-08de66e6ef19|c5af0dad-fda0-4e06-965a-08de66e6ef19|7c94c8d5-ead1-443a-9658-08de66e6ef19|9ea5b67b-0a74-428b-9652-08de66e6ef19","43a29e53-13df-477e-b993-de5a423dab99","","","","","True","True","True","False","True","True","2/8/2026 10:51:57 AM","2/8/2026 10:51:57 AM"
"814441a0-e60a-4fba-fc88-08de6c80b448","c7e2aafd-6340-45d5-31d3-08de6c80b448","714b19fa-3d2f-4eea-87b0-473cd1e19679","Line Chart With Bar","مخطط خطي مع شريط","linechartwithbar","691e1981-365a-4b79-b81d-de3b2f8c05c7","55a465e9-e2b2-4196-1692-08de6c80b44a","ae6d8353-8468-4cec-1691-08de6c80b44a","55a465e9-e2b2-4196-1692-08de6c80b44a","43a29e53-13df-477e-b993-de5a423dab99","","","","","True","True","True","False","True","True","2/17/2026 12:17:23 PM","2/17/2026 12:17:24 PM"
"9c1e1fad-b3fa-46e5-9048-08de737b95b2","11aea444-88e7-4169-c0fb-08de737b95b1","9c7487a3-8189-48fa-a863-f5eb27df8564","Bar Chart","مخطط شريطي","barchart","691e1981-365a-4b79-b81d-de3b2f8c05c7","","","","43A29E53-13DF-477E-B993-DE5A423DAB99","","","x","س","True","True","True","False","True","True","2/26/2026 1:07:57 PM",""
"8c099013-8c66-41b2-519a-08de7446bf5b","e8b7aa3b-38aa-47b8-fe79-08de7446bf51","9c7487a3-8189-48fa-a863-f5eb27df8564","Bar Chart","مخطط شريطي","barchart","1335f666-ffcf-4c78-ad27-88a092f2f4ae","","","","4ffffaf2-8058-41f2-8ff8-2e0160c4696b|4d009fc3-b909-40b9-9e2b-a53422837085","","","","","True","True","True","False","True","True","2/26/2026 1:53:12 PM",""
"ec379654-0021-45ad-6081-08de8e443778","bc9e6227-a2fa-4f6d-ac77-08de8e443777","9c7487a3-8189-48fa-a863-f5eb27df8564","Bar Chart","مخطط شريطي","barchart","718b556d-df7a-4f71-88d5-92e506941170","","","","1a030a2f-9580-4f77-8a14-0abfc76e4608|895ad713-de16-4568-9d8c-55a45a43cf36|43a29e53-13df-477e-b993-de5a423dab99","","","x","x","True","True","True","False","True","True","3/31/2026 6:10:05 PM",""
"746bfebc-25f7-4dbf-5122-08de92db4620","f92c25a2-5177-4677-9613-08de92db461f","9c7487a3-8189-48fa-a863-f5eb27df8564","Bar Chart","مخطط شريطي","barchart","691e1981-365a-4b79-b81d-de3b2f8c05c7","","","","","","","x","س","True","True","True","False","True","True","4/5/2026 9:19:20 AM",""
"13fa1462-bdea-42aa-4a36-08de9e04ed96","d9eed3fe-a269-4d96-6897-08de9e04ed95","9c7487a3-8189-48fa-a863-f5eb27df8564","Bar Chart","مخطط شريطي","barchart","691e1981-365a-4b79-b81d-de3b2f8c05c7","","","","43a29e53-13df-477e-b993-de5a423dab99","","","x","x","True","True","True","False","True","True","4/20/2026 12:11:55 PM",""
"5920f1d1-7650-4e7a-f635-08de9e09a550","ed390c3c-ac6f-470e-7a74-08de9e09a550","fd291b9d-6762-4fc1-a89a-8307957016ec","Area Chart","مخطط مساحي","areachart","1335f666-ffcf-4c78-ad27-88a092f2f4ae","","","","7ec8402a-0673-4417-b935-502ff2145f10","","","x","x","True","True","True","False","True","True","4/23/2026 12:31:41 PM",""
"2c4bd988-446c-4638-f636-08de9e09a550","9b07fcb5-2cff-44c4-7a75-08de9e09a550","9c7487a3-8189-48fa-a863-f5eb27df8564","Bar Chart","مخطط شريطي","barchart","718b556d-df7a-4f71-88d5-92e506941170","","","","1a030a2f-9580-4f77-8a14-0abfc76e4608|895ad713-de16-4568-9d8c-55a45a43cf36|43a29e53-13df-477e-b993-de5a423dab99","","","x","x","True","True","True","False","True","True","4/23/2026 12:35:18 PM",""
"34d6f834-1cfd-4614-eb13-08dea2214fb2","fbb1dabc-773e-4855-742f-08dea2214fb2","9c7487a3-8189-48fa-a863-f5eb27df8564","Bar Chart","مخطط شريطي","barchart","718b556d-df7a-4f71-88d5-92e506941170","","","","1a030a2f-9580-4f77-8a14-0abfc76e4608|895ad713-de16-4568-9d8c-55a45a43cf36|43a29e53-13df-477e-b993-de5a423dab99","","","x","x","False","True","True","False","True","True","4/27/2026 12:27:04 PM",""
"d028a931-402c-4dd2-6353-08dea2389ab0","0f5632ff-e60a-4b83-f10a-08dea2389aaf","9c7487a3-8189-48fa-a863-f5eb27df8564","Bar Chart","مخطط شريطي","barchart","691e1981-365a-4b79-b81d-de3b2f8c05c7","","","","","","","x","x","True","True","True","False","True","True","5/3/2026 9:40:23 AM",""
"a18b36ad-6a39-46ae-6355-08dea2389ab0","48906d7c-2b2c-42bd-f10c-08dea2389aaf","9edbd15b-443e-4199-ab03-c71bb7ddeda0","Stacked Bar with line","شريط مكدس مع خط","stackedbarwithline","718b556d-df7a-4f71-88d5-92e506941170","f3de8791-b7fd-4135-6a2f-08dea2389ab1|23ea61b5-45d1-48e0-6a31-08dea2389ab1","fc6dccb5-e101-48bd-6a30-08dea2389ab1","f3de8791-b7fd-4135-6a2f-08dea2389ab1|23ea61b5-45d1-48e0-6a31-08dea2389ab1","1a030a2f-9580-4f77-8a14-0abfc76e4608|895ad713-de16-4568-9d8c-55a45a43cf36|43a29e53-13df-477e-b993-de5a423dab99","","","x","x","False","True","True","False","True","True","5/3/2026 9:47:36 AM","5/3/2026 9:47:36 AM"
"3cddf3ad-5362-49a2-6360-08dea2389ab0","8c915ebe-4dc5-4900-f117-08dea2389aaf","9c7487a3-8189-48fa-a863-f5eb27df8564","Bar Chart","مخطط شريطي","barchart","718b556d-df7a-4f71-88d5-92e506941170","","","","","","","x","x","True","True","True","False","True","True","5/7/2026 8:17:26 AM",""
"cc1cf571-7aa2-4ae1-51b4-08dea8e8edb5","5391471d-5db8-4e20-8a53-08dea8e8edb0","9c7487a3-8189-48fa-a863-f5eb27df8564","Bar Chart","مخطط شريطي","barchart","718b556d-df7a-4f71-88d5-92e506941170","","","","64528862-35bc-44d7-b4dc-8d8c1cdff3be","","","x","x","True","True","True","False","True","True","5/5/2026 10:28:47 AM",""
"25e5c8ad-7033-4e6e-51b7-08dea8e8edb5","912b46af-dd55-4296-8a56-08dea8e8edb0","9c7487a3-8189-48fa-a863-f5eb27df8564","Bar Chart","مخطط شريطي","barchart","691e1981-365a-4b79-b81d-de3b2f8c05c7","","","","","","","x","س","True","True","True","False","True","True","5/6/2026 11:02:35 AM",""
"c30e64fa-f36e-4b80-51c3-08dea8e8edb5","38bb0719-b784-4ccb-8a62-08dea8e8edb0","9c7487a3-8189-48fa-a863-f5eb27df8564","Bar Chart","مخطط شريطي","barchart","718b556d-df7a-4f71-88d5-92e506941170","","","","64528862-35bc-44d7-b4dc-8d8c1cdff3be|936fefe4-aa57-4b40-8f68-995afbdae714|6ddcae37-696b-4346-bfe9-4404f72f63f4","","",".",".","False","True","True","False","True","True","5/14/2026 8:57:39 AM",""
"4a2a395e-9bfa-4fef-51c5-08dea8e8edb5","10e4668d-b127-41eb-8a64-08dea8e8edb0","9c7487a3-8189-48fa-a863-f5eb27df8564","Bar Chart","مخطط شريطي","barchart","718b556d-df7a-4f71-88d5-92e506941170","","","","64528862-35bc-44d7-b4dc-8d8c1cdff3be|6ddcae37-696b-4346-bfe9-4404f72f63f4|936fefe4-aa57-4b40-8f68-995afbdae714","","","x","س","True","True","True","False","True","True","5/14/2026 9:41:17 AM",""
"3784be4a-51f9-4563-99a4-08deb3df601b","d7b556c3-8765-45ae-e336-08deb3df601a","9c7487a3-8189-48fa-a863-f5eb27df8564","Bar Chart","مخطط شريطي","barchart","718b556d-df7a-4f71-88d5-92e506941170","","","","1a030a2f-9580-4f77-8a14-0abfc76e4608|895ad713-de16-4568-9d8c-55a45a43cf36|43a29e53-13df-477e-b993-de5a423dab99","","","x","x","True","True","True","False","True","True","5/17/2026 9:41:50 AM",""
"db763b3b-21b7-437f-99a6-08deb3df601b","2a129acb-a3cd-41ea-e338-08deb3df601a","9c7487a3-8189-48fa-a863-f5eb27df8564","Bar Chart","مخطط شريطي","barchart","691e1981-365a-4b79-b81d-de3b2f8c05c7","","","","43a29e53-13df-477e-b993-de5a423dab99","","","","","True","True","True","False","True","True","5/17/2026 11:47:11 AM",""
"547c5d50-1458-454a-99ad-08deb3df601b","efaa43e4-e034-4297-e33f-08deb3df601a","9c7487a3-8189-48fa-a863-f5eb27df8564","Bar Chart","مخطط شريطي","barchart","691e1981-365a-4b79-b81d-de3b2f8c05c7","","","","6ddcae37-696b-4346-bfe9-4404f72f63f4","","","x","x","False","True","True","False","True","True","5/20/2026 10:37:37 AM",""
"93a46c8c-55d4-4853-5731-08deb3ea9ade","88b5dbfb-cfbd-4f0b-d61f-08deb3ea9ad6","cdc4bef8-b64b-47c9-97f3-ab2b12b3c191","Stacked Bar","خط مكدس","stackedbar","691e1981-365a-4b79-b81d-de3b2f8c05c7","55c0e959-663d-4893-73d1-08deb3ea9adf|f24a340d-c47c-4534-73d2-08deb3ea9adf|103e9dcb-c6e7-41ad-73d3-08deb3ea9adf","","55c0e959-663d-4893-73d1-08deb3ea9adf|f24a340d-c47c-4534-73d2-08deb3ea9adf|103e9dcb-c6e7-41ad-73d3-08deb3ea9adf","43a29e53-13df-477e-b993-de5a423dab99","","","x","x","False","True","True","False","True","True","5/20/2026 1:19:09 PM","5/20/2026 1:19:09 PM"
"3acb47b7-1b8e-491e-a2d2-08deb9658cc0","696c81d9-3d16-419d-23c8-08deb9658cc0","9edbd15b-443e-4199-ab03-c71bb7ddeda0","Stacked Bar with line","شريط مكدس مع خط","stackedbarwithline","1335f666-ffcf-4c78-ad27-88a092f2f4ae","b140cdd5-342f-4bc3-a4ad-08deb9658cc1|ff73cf13-e5cb-442f-a4a9-08deb9658cc1|46b7993e-b31a-4633-a4a8-08deb9658cc1|f999c736-6d10-4ba7-a4ac-08deb9658cc1|ca2c9082-2fac-4c35-a4ab-08deb9658cc1|1af5b85d-8e0e-4d9d-a4a7-08deb9658cc1","69a24838-9d3d-4af2-a4aa-08deb9658cc1","b140cdd5-342f-4bc3-a4ad-08deb9658cc1|ff73cf13-e5cb-442f-a4a9-08deb9658cc1|46b7993e-b31a-4633-a4a8-08deb9658cc1|f999c736-6d10-4ba7-a4ac-08deb9658cc1|ca2c9082-2fac-4c35-a4ab-08deb9658cc1|1af5b85d-8e0e-4d9d-a4a7-08deb9658cc1","43a29e53-13df-477e-b993-de5a423dab99|1a030a2f-9580-4f77-8a14-0abfc76e4608","Values represent Qatar’s exports of fertilizer products (HS 3101–3105) and ammonia (HS 2814) by destination country. Figures are reported in QAR and reflect recorded shipments within the specified time period.","تمثل القيم صادرات قطر من منتجات الأسمدة (HS 3101–3105)  والأمونيا (HS 2814) حسب بلد الوجهة وتُحتسب الأرقام بالريال القطري وتعكس الشحنات المسجلة ضمن الفترة الزمنية المحددة.","","","True","True","True","False","True","True","5/24/2026 10:36:35 AM","5/24/2026 10:36:36 AM"
"fe4aaceb-db5b-475d-a2d4-08deb9658cc0","7d9f00cc-54cf-48cc-23ca-08deb9658cc0","9c7487a3-8189-48fa-a863-f5eb27df8564","Bar Chart","مخطط شريطي","barchart","691e1981-365a-4b79-b81d-de3b2f8c05c7","c4b735cd-726d-45b3-a4b9-08deb9658cc1|0b82f35e-5ee2-4790-a4bb-08deb9658cc1|59cb2bbe-9fe1-4b5e-a4b8-08deb9658cc1|f33f5a9e-d43e-4b3b-a4b6-08deb9658cc1|5f765bbc-ecc9-4e07-a4ba-08deb9658cc1|e978fbe2-b2c3-42bc-a4bc-08deb9658cc1|12e1e92b-8ccd-4b25-a4bd-08deb9658cc1","","c4b735cd-726d-45b3-a4b9-08deb9658cc1|0b82f35e-5ee2-4790-a4bb-08deb9658cc1|59cb2bbe-9fe1-4b5e-a4b8-08deb9658cc1|f33f5a9e-d43e-4b3b-a4b6-08deb9658cc1|5f765bbc-ecc9-4e07-a4ba-08deb9658cc1|e978fbe2-b2c3-42bc-a4bc-08deb9658cc1|12e1e92b-8ccd-4b25-a4bd-08deb9658cc1","6ddcae37-696b-4346-bfe9-4404f72f63f4","Qatar’s share of global LNG trade is based on exports of 77.23 million tonnes out of total global LNG trade of 411.24 million tonnes in 2024.  Qatar’s estimated share of global helium supply is based on various market and industry estimates. QatarEnergy targets reaching approximately 25% of global helium supply at full production capacity, while global market reports indicate that Qatar supplies between one-fifth and one-quarter of global helium supply.  Shares for the remaining commodities are based on 2024 export data classified under the Harmonized System (HS), using data from the Observatory of Economic Complexity (OEC) and the United Nations Comtrade Database (UN Comtrade), including Sulphur, ethylene polymers, aluminium, and PVC.","تستند حصة دولة قطر من الغاز الطبيعي المسال إلى صادرات بلغت 77.23 مليون طن من إجمالي التجارة العالمية للغاز والتي بلغت 411.24 مليون طن في العام 2024. كما تعتمد الحصة المقدّرة لدولة قطر من الإمدادات العالمية للهيليوم على عدة تقديرات سوقية وصناعية  ، حيث تستهدف شركة قطر للطاقة الوصول إلى نحو 25% من الإمدادات العالمية عند التشغيل الكامل للطاقة الإنتاجية  ، فيما تشير تقارير الأسواق العالمية إلى أن دولة قطر توفر ما بين خُمس إلى ربع الإمدادات العالمية من الهيليوم. أما بقية السلع  ، فتعتمد حصصها على بيانات الصادرات لعام 2024 وفق تصنيفات النظام المنسق (HS)  ، استناداً إلى بيانات مرصد التعقيد الاقتصادي (OEC) وقاعدة بيانات الأمم المتحدة للتجارة الدولية (UN Comtrade)  ، وتشمل الكبريت  ، وبوليمرات الإيثيلين  ، والألمنيوم  ، وPVC.","","","False","True","True","False","True","True","5/24/2026 10:41:44 AM","5/24/2026 10:41:44 AM"
"8d8f16d5-46f8-4191-a2d5-08deb9658cc0","8a3ddcb1-c262-4cea-23cb-08deb9658cc0","9edbd15b-443e-4199-ab03-c71bb7ddeda0","Stacked Bar with line","شريط مكدس مع خط","stackedbarwithline","1335f666-ffcf-4c78-ad27-88a092f2f4ae","65b87b3c-f6db-4812-a4bf-08deb9658cc1|a1c96503-5cdc-452d-a4c0-08deb9658cc1|9f425457-f86a-49b1-a4c2-08deb9658cc1|d98a0ed2-6b2d-4c1b-a4c1-08deb9658cc1|bd747a05-6630-4ca1-a4be-08deb9658cc1","ef6b946e-2975-41d2-a4c3-08deb9658cc1","65b87b3c-f6db-4812-a4bf-08deb9658cc1|a1c96503-5cdc-452d-a4c0-08deb9658cc1|9f425457-f86a-49b1-a4c2-08deb9658cc1|d98a0ed2-6b2d-4c1b-a4c1-08deb9658cc1|bd747a05-6630-4ca1-a4be-08deb9658cc1","7ec8402a-0673-4417-b935-502ff2145f10|7ecedd34-9a38-41e6-b78e-3c4bd52debd6|1a030a2f-9580-4f77-8a14-0abfc76e4608|895ad713-de16-4568-9d8c-55a45a43cf36|43a29e53-13df-477e-b993-de5a423dab99","Vessel Transit Activity reflects the number of vessels transiting the Strait of Hormuz by vessel type and includes both inbound and outbound movements.","يعكس مؤشر نشاط عبور السفن عدد السفن العابرة عبر مضيق هرمز بحسب نوع السفن   ، ويشمل كلًا من حركة السفن القادمة والمغادرة.","","","True","True","True","False","True","True","5/24/2026 10:52:21 AM","5/24/2026 10:52:21 AM"
"21f05cee-a04c-438c-a2d6-08deb9658cc0","3e141fda-3e1d-4355-23cc-08deb9658cc0","9edbd15b-443e-4199-ab03-c71bb7ddeda0","Stacked Bar with line","شريط مكدس مع خط","stackedbarwithline","1335f666-ffcf-4c78-ad27-88a092f2f4ae","b178ced0-62e4-4a39-a4c8-08deb9658cc1|c206b104-5756-42ba-a4c7-08deb9658cc1|f635ceca-cf1f-4fb6-a4cb-08deb9658cc1|4ac404e0-b97e-4a53-a4c5-08deb9658cc1|44b0dd66-7273-4df6-a4c4-08deb9658cc1|b9ff33fc-f61f-477e-a4c6-08deb9658cc1|b2bf51e2-de9d-4ae1-a4c9-08deb9658cc1","c0019c73-2b34-4fd1-a4ca-08deb9658cc1","b178ced0-62e4-4a39-a4c8-08deb9658cc1|c206b104-5756-42ba-a4c7-08deb9658cc1|f635ceca-cf1f-4fb6-a4cb-08deb9658cc1|4ac404e0-b97e-4a53-a4c5-08deb9658cc1|44b0dd66-7273-4df6-a4c4-08deb9658cc1|b9ff33fc-f61f-477e-a4c6-08deb9658cc1|b2bf51e2-de9d-4ae1-a4c9-08deb9658cc1","7ec8402a-0673-4417-b935-502ff2145f10|1a030a2f-9580-4f77-8a14-0abfc76e4608|43a29e53-13df-477e-b993-de5a423dab99|7ecedd34-9a38-41e6-b78e-3c4bd52debd6|895ad713-de16-4568-9d8c-55a45a43cf36","Force majeure refers to a contractual mechanism that may suspend or excuse delivery obligations when extraordinary events beyond the supplier’s control prevent performance. QatarEnergy has declared force majeure on some affected LNG contracts; the scope, duration, and buyer impact depend on individual contract terms, operational recovery, and route availability.","تُشير ""القوة القاهرة"" إلى آلية تعاقدية قد تؤدي إلى تعليق التزامات التسليم أو الإعفاء منها  ، متى حالت ظروف استثنائية خارجة عن إرادة المورّد دون تنفيذ هذه الالتزامات. وقد أعلنت قطر للطاقة حالة القوة القاهرة في بعض عقود الغاز الطبيعي المسال المتأثرة  ، على أن يتحدد نطاق هذا الإعلان ومدته وأثره على المشترين وفقًا لشروط كل عقد على حدة  ، ومدى استعادة العمليات التشغيلية  ، وتوافر مسارات الشحن.","","","False","True","False","False","True","True","5/24/2026 11:00:31 AM","5/24/2026 11:00:31 AM"
"a03111b6-bdcd-40e7-a2d8-08deb9658cc0","bc645899-8766-4c2c-23ce-08deb9658cc0","c76256f2-84bd-4623-ac2e-1e32e7d02852","Line Plot","مخطط خطي","lineplote-charts","1335f666-ffcf-4c78-ad27-88a092f2f4ae","c6412533-7bb9-47ed-a4ce-08deb9658cc1|5a12426a-eb2e-4ab3-a4cd-08deb9658cc1","","c6412533-7bb9-47ed-a4ce-08deb9658cc1|5a12426a-eb2e-4ab3-a4cd-08deb9658cc1","7ec8402a-0673-4417-b935-502ff2145f10|7ecedd34-9a38-41e6-b78e-3c4bd52debd6","","","","","True","True","True","False","True","True","5/24/2026 11:26:41 AM","5/24/2026 11:26:41 AM"
"83252464-d65c-47c8-a2d9-08deb9658cc0","5e2b1deb-f90b-4d8a-23cf-08deb9658cc0","cdc4bef8-b64b-47c9-97f3-ab2b12b3c191","Stacked Bar","خط مكدس","stackedbar","718b556d-df7a-4f71-88d5-92e506941170","f29bc176-82b1-46b0-a4d1-08deb9658cc1|5fc80a2a-3ba5-4303-a4d4-08deb9658cc1|8f8a357c-0c04-47c9-a4d3-08deb9658cc1|2f326c46-ac3d-42a8-a4d0-08deb9658cc1|4a02258e-79c1-4911-a4d2-08deb9658cc1","","f29bc176-82b1-46b0-a4d1-08deb9658cc1|5fc80a2a-3ba5-4303-a4d4-08deb9658cc1|8f8a357c-0c04-47c9-a4d3-08deb9658cc1|2f326c46-ac3d-42a8-a4d0-08deb9658cc1|4a02258e-79c1-4911-a4d2-08deb9658cc1","1a030a2f-9580-4f77-8a14-0abfc76e4608|895ad713-de16-4568-9d8c-55a45a43cf36|43a29e53-13df-477e-b993-de5a423dab99","","","x","x","False","True","True","False","True","True","5/24/2026 1:56:34 PM","5/24/2026 1:56:35 PM"
"64342d64-6f12-46b6-6fbc-08deb966925f","86b1f4d0-454c-460b-ff6e-08deb966925e","9edbd15b-443e-4199-ab03-c71bb7ddeda0","Stacked Bar with line","شريط مكدس مع خط","stackedbarwithline","1335f666-ffcf-4c78-ad27-88a092f2f4ae","70955736-838f-4949-8b84-08deb9669260|ac5700f9-1c20-4a3b-8b86-08deb9669260|40dbd7f4-b84f-4b89-8b87-08deb9669260|3f427a5a-752c-4c6a-8b88-08deb9669260|392121e6-1699-4a56-8b89-08deb9669260","ee18a944-4692-412d-8b85-08deb9669260","70955736-838f-4949-8b84-08deb9669260|ac5700f9-1c20-4a3b-8b86-08deb9669260|40dbd7f4-b84f-4b89-8b87-08deb9669260|3f427a5a-752c-4c6a-8b88-08deb9669260|392121e6-1699-4a56-8b89-08deb9669260","7ec8402a-0673-4417-b935-502ff2145f10|7ecedd34-9a38-41e6-b78e-3c4bd52debd6|1a030a2f-9580-4f77-8a14-0abfc76e4608|895ad713-de16-4568-9d8c-55a45a43cf36|43a29e53-13df-477e-b993-de5a423dab99","Transit Trade Volume reflects the estimated cargo volume, in million tonnes, transiting through the Strait of Hormuz by vessel type. The indicator includes both inbound and outbound cargo movements. Tanker volumes may include LNG, LPG, crude oil, refined petroleum products, chemicals, and other liquid or gaseous bulk cargoes. Dry bulk volumes may include commodities such as sulphur, fertilizers, minerals, and other unpackaged bulk goods. Reported values may be affected by vessel classification, cargo estimation methodologies, partial-period data, reporting coverage, as well as vessel rerouting or shipping delays.","يعكس مؤشر حجم التجارة العابرة الحجم التقديري للشحنات العابرة عبر مضيق هرمز  ، بالمليون طن  ، وفقًا لنوع السفن. ويشمل المؤشر حركة الشحنات الواردة والصادرة على حد سواء. وقد تتضمن أحجام الشحن عبر ناقلات النفط الغاز الطبيعي المسال  ، وغاز البترول المسال  ، والنفط الخام  ، والمنتجات البترولية المكررة  ، والمواد الكيميائية  ، وغيرها من الشحنات السائلة أو الغازية السائبة. كما قد تشمل أحجام البضائع السائبة الجافة سلعًا مثل الكبريت  ، والأسمدة  ، والمعادن  ، وغيرها من البضائع السائبة غير المعبأة. وقد تتأثر القيم المعلنة بعوامل متعددة  ، من بينها تصنيف السفن  ، ومنهجيات تقدير الشحنات  ، وبيانات الفترات الجزئية  ، ونطاق التغطية الإحصائية  ، بالإضافة إلى إعادة توجيه السفن أو تأخر حركة الشحن.","","","True","True","True","False","True","True","5/24/2026 10:57:09 AM","5/24/2026 10:57:09 AM"
"b4cfca62-b234-4813-6fbd-08deb966925f","abcf9092-a2e6-4b5b-ff6f-08deb966925e","9edbd15b-443e-4199-ab03-c71bb7ddeda0","Stacked Bar with line","شريط مكدس مع خط","stackedbarwithline","1335f666-ffcf-4c78-ad27-88a092f2f4ae","26975cca-e3a4-4f80-8b8b-08deb9669260|125a4faf-9af0-4c4e-8b8c-08deb9669260|71edf568-fe8d-4eeb-8b8a-08deb9669260|bad6d404-03b4-49cf-8b91-08deb9669260|7a5e47bd-9486-4005-8b90-08deb9669260|0e07d1dd-367c-4a39-8b8d-08deb9669260|a3b8080f-a97b-46ee-8b8f-08deb9669260","ba030477-caf3-4c21-8b8e-08deb9669260","26975cca-e3a4-4f80-8b8b-08deb9669260|125a4faf-9af0-4c4e-8b8c-08deb9669260|71edf568-fe8d-4eeb-8b8a-08deb9669260|bad6d404-03b4-49cf-8b91-08deb9669260|7a5e47bd-9486-4005-8b90-08deb9669260|0e07d1dd-367c-4a39-8b8d-08deb9669260|a3b8080f-a97b-46ee-8b8f-08deb9669260","7ec8402a-0673-4417-b935-502ff2145f10|7ecedd34-9a38-41e6-b78e-3c4bd52debd6|1a030a2f-9580-4f77-8a14-0abfc76e4608|895ad713-de16-4568-9d8c-55a45a43cf36|43a29e53-13df-477e-b993-de5a423dab99","Data is based on Qatar export statistics using HS 2804. HS 2804 is used as a helium/rare gases proxy and may include hydrogen, helium, rare gases, and other nonmetals. Values are reported in QAR million and aggregated monthly by destination country. The top six destination countries are shown individually, while all remaining destinations are grouped under “Others.” 2026 data should be treated as YTD / partial-year data if only January–February is available.","تستند البيانات إلى إحصاءات الصادرات القطرية باستخدام الرمز HS 2804. يُستخدم HS 2804 كمرجع للهليوم/الغازات النادرة وقد يشمل الهيدروجين والهليوم والغازات النادرة وغيرها من اللافلزات. تُقدَّم القيم بالمليون ريال قطري ويتم تجميعها شهريًا حسب دولة الوجهة. يتم عرض الدول الست الكبرى كوجهات منفردة         ، بينما يتم تجميع جميع الوجهات المتبقية تحت مسمى ""أخرى"". يجب التعامل مع بيانات عام 2026 على أنها بيانات حتى تاريخه / بيانات جزئية إذا كان متاحًا فقط لشهري يناير–فبراير.","","","True","True","True","False","True","True","5/24/2026 11:02:22 AM","5/24/2026 11:02:23 AM"
"c38ea026-56dd-4c36-6fbe-08deb966925f","2edd52f8-2cf0-492a-ff70-08deb966925e","9c7487a3-8189-48fa-a863-f5eb27df8564","Bar Chart","مخطط شريطي","barchart","1335f666-ffcf-4c78-ad27-88a092f2f4ae","9facb8b5-a605-4cc8-8b96-08deb9669260|0fed25b6-f1f8-40e0-8b95-08deb9669260|d11b1e63-a2d2-453f-8b92-08deb9669260|eb9ac09f-2d08-4a7c-8b93-08deb9669260","","9facb8b5-a605-4cc8-8b96-08deb9669260|0fed25b6-f1f8-40e0-8b95-08deb9669260|d11b1e63-a2d2-453f-8b92-08deb9669260|eb9ac09f-2d08-4a7c-8b93-08deb9669260","7ec8402a-0673-4417-b935-502ff2145f10","","","","","True","True","True","False","True","True","5/24/2026 11:08:24 AM","5/24/2026 11:08:24 AM"
"af52a70d-311d-490e-b2f8-08debee63650","f10efb73-ea8f-49a8-dfd3-08debee6364f","c76256f2-84bd-4623-ac2e-1e32e7d02852","Line Plot","مخطط خطي","lineplote-charts","691e1981-365a-4b79-b81d-de3b2f8c05c7","","","","6ddcae37-696b-4346-bfe9-4404f72f63f4","The disruptions represent a major supply shock, pushing prices up while weighing on demand. Global growth is forecasted to slow from 2.9% in 2025 to 2.6% in 2026, assuming the conflict does not intensify further","أثرت أزمة مضيق هرمز بشكل كبير على الإمدادات ، مما أدى إلى ارتفاع الأسعار والضغط على الطلب العالمي. وتشير التوقعات إلى تباطؤ نمو الاقتصاد العالمي من 2.9% في العام 2025 إلى 2.6% في العام 2026 في حال عدم استمرار التصعيد.","","","False","True","False","False","True","True","5/31/2026 11:38:15 AM",""
"ba4db2aa-7069-4f33-b2fb-08debee63650","c65e0835-1de9-41f1-dfd6-08debee6364f","9c7487a3-8189-48fa-a863-f5eb27df8564","Bar Chart","مخطط شريطي","barchart","691e1981-365a-4b79-b81d-de3b2f8c05c7","","","","","","","x","x","True","True","True","False","True","True","6/2/2026 1:27:00 PM",""
"1536ef93-609d-4fb6-b2fe-08debee63650","26384945-9579-4e96-dfd9-08debee6364f","9c7487a3-8189-48fa-a863-f5eb27df8564","Bar Chart","مخطط شريطي","barchart","718b556d-df7a-4f71-88d5-92e506941170","","","","1a030a2f-9580-4f77-8a14-0abfc76e4608","","","x","س","True","True","True","False","True","True","6/4/2026 7:57:08 AM",""
"742cc876-c792-4597-574f-08dec461c23c","edde655f-0d43-4a62-980c-08dec461c232","9c7487a3-8189-48fa-a863-f5eb27df8564","Bar Chart","مخطط شريطي","barchart","718b556d-df7a-4f71-88d5-92e506941170","","","","1a030a2f-9580-4f77-8a14-0abfc76e4608","","","x","x","True","True","True","False","True","True","6/7/2026 9:55:28 AM",""
"b2631485-f83f-4f37-5750-08dec461c23c","56334e27-e32b-4163-980d-08dec461c232","9c7487a3-8189-48fa-a863-f5eb27df8564","Bar Chart","مخطط شريطي","barchart","691e1981-365a-4b79-b81d-de3b2f8c05c7","","","","43a29e53-13df-477e-b993-de5a423dab99","","","x","x","True","True","True","False","True","True","6/7/2026 9:56:43 AM",""
"b9d39322-db1e-4dac-5751-08dec461c23c","e2f78287-077e-48ee-980e-08dec461c232","9c7487a3-8189-48fa-a863-f5eb27df8564","Bar Chart","مخطط شريطي","barchart","691e1981-365a-4b79-b81d-de3b2f8c05c7","","","","43A29E53-13DF-477E-B993-DE5A423DAB99","","","x","س","True","True","True","False","True","True","6/7/2026 10:49:19 AM",""
"2cab8f37-0bfd-4c61-5753-08dec461c23c","6bb667c0-4287-4db5-9810-08dec461c232","9c7487a3-8189-48fa-a863-f5eb27df8564","Bar Chart","مخطط شريطي","barchart","691e1981-365a-4b79-b81d-de3b2f8c05c7","","","","43A29E53-13DF-477E-B993-DE5A423DAB99","","","x","س","True","True","True","False","True","True","6/11/2026 1:27:50 PM",""
"4ae85aa0-350f-4eb8-5754-08dec461c23c","6ed25ef1-d1c4-4c93-9811-08dec461c232","9c7487a3-8189-48fa-a863-f5eb27df8564","Bar Chart","مخطط شريطي","barchart","691e1981-365a-4b79-b81d-de3b2f8c05c7","","","","43A29E53-13DF-477E-B993-DE5A423DAB99","","","x","س","True","True","True","False","True","True","6/15/2026 11:51:47 AM",""
"e43175bb-6d52-4823-575c-08dec461c23c","e6478631-ea19-49ce-9819-08dec461c232","cdc4bef8-b64b-47c9-97f3-ab2b12b3c191","Stacked Bar","خط مكدس","stackedbar","691e1981-365a-4b79-b81d-de3b2f8c05c7","","","","43a29e53-13df-477e-b993-de5a423dab99","","","x","x","True","True","True","False","True","True","6/22/2026 10:57:18 AM","6/22/2026 10:57:18 AM"
"1f4c82ff-2de3-4cb6-575d-08dec461c23c","db70b0f9-0325-44f2-981a-08dec461c232","9edbd15b-443e-4199-ab03-c71bb7ddeda0","Stacked Bar with line","شريط مكدس مع خط","stackedbarwithline","691e1981-365a-4b79-b81d-de3b2f8c05c7","1da4cc95-ba5b-4e81-7a87-08dec461c23d|838cf4bd-f9af-458c-7a81-08dec461c23d|f6758c9a-f149-4e82-7a84-08dec461c23d|3a8acea5-a173-4c87-7a82-08dec461c23d|30f4fca5-52cf-4205-7a88-08dec461c23d|be2e1d18-a882-4454-7a86-08dec461c23d|44a7f5b5-ce35-41ff-7a7f-08dec461c23d|5b8af3cc-5fe4-4b8e-7a83-08dec461c23d|76ce73ac-b3d1-410d-7a80-08dec461c23d","354c530a-b694-4f7e-7a85-08dec461c23d","1da4cc95-ba5b-4e81-7a87-08dec461c23d|838cf4bd-f9af-458c-7a81-08dec461c23d|f6758c9a-f149-4e82-7a84-08dec461c23d|3a8acea5-a173-4c87-7a82-08dec461c23d|30f4fca5-52cf-4205-7a88-08dec461c23d|be2e1d18-a882-4454-7a86-08dec461c23d|44a7f5b5-ce35-41ff-7a7f-08dec461c23d|5b8af3cc-5fe4-4b8e-7a83-08dec461c23d|76ce73ac-b3d1-410d-7a80-08dec461c23d","43a29e53-13df-477e-b993-de5a423dab99","Allocation reflects publicly disclosed sector-level budget information only.","يُظهر التخصيص المعلومات الميزانية على مستوى القطاع كما تم الإفصاح عنها علنًا فقط.","","","True","True","True","False","True","True","6/23/2026 9:55:03 AM","6/23/2026 9:55:03 AM"
"b4f0dbaa-ff30-43b8-575e-08dec461c23c","a575f11f-9184-43d3-981b-08dec461c232","714b19fa-3d2f-4eea-87b0-473cd1e19679","Line Chart With Bar","مخطط خطي مع شريط","linechartwithbar","718b556d-df7a-4f71-88d5-92e506941170","b876956c-e1d8-4b95-7a8a-08dec461c23d|0379a74a-41da-40d9-7a89-08dec461c23d","4d624708-1e86-44a1-7a8b-08dec461c23d","b876956c-e1d8-4b95-7a8a-08dec461c23d|0379a74a-41da-40d9-7a89-08dec461c23d","1a030a2f-9580-4f77-8a14-0abfc76e4608|895ad713-de16-4568-9d8c-55a45a43cf36","","","","","True","True","True","False","True","True","6/23/2026 10:20:30 AM","6/23/2026 10:20:30 AM"
"ea6ee33b-4e8c-462e-575f-08dec461c23c","225aa6f6-56e3-497b-981c-08dec461c232","9c7487a3-8189-48fa-a863-f5eb27df8564","Bar Chart","مخطط شريطي","barchart","691e1981-365a-4b79-b81d-de3b2f8c05c7","","","","6ddcae37-696b-4346-bfe9-4404f72f63f4","","","x","س","True","True","True","False","True","True","6/23/2026 11:11:56 AM",""
"6c2f7e76-da37-4929-5760-08dec461c23c","774f3591-1aca-43fc-981d-08dec461c232","9c7487a3-8189-48fa-a863-f5eb27df8564","Bar Chart","مخطط شريطي","barchart","718b556d-df7a-4f71-88d5-92e506941170","","","","1a030a2f-9580-4f77-8a14-0abfc76e4608|895ad713-de16-4568-9d8c-55a45a43cf36|43a29e53-13df-477e-b993-de5a423dab99","","","x","س","True","True","True","False","True","True","6/25/2026 12:02:26 PM",""
"db40d3c4-6048-45f3-5761-08dec461c23c","3246e1e8-af83-46dd-981e-08dec461c232","9c7487a3-8189-48fa-a863-f5eb27df8564","Bar Chart","مخطط شريطي","barchart","691e1981-365a-4b79-b81d-de3b2f8c05c7","","","","","","","x","x","True","True","True","False","True","True","6/28/2026 10:27:43 AM",""
"7c278a64-b08c-4024-5762-08dec461c23c","ba18197c-7b0a-454a-981f-08dec461c232","9c7487a3-8189-48fa-a863-f5eb27df8564","Bar Chart","مخطط شريطي","barchart","691e1981-365a-4b79-b81d-de3b2f8c05c7","","","","43a29e53-13df-477e-b993-de5a423dab99","","","x","x","True","True","True","False","True","True","7/2/2026 11:47:08 AM",""
"0a1ac3a6-da3a-4f67-5763-08dec461c23c","5c9c8cbf-0a81-41fe-9820-08dec461c232","9c7487a3-8189-48fa-a863-f5eb27df8564","Bar Chart","مخطط شريطي","barchart","718b556d-df7a-4f71-88d5-92e506941170","","","","1a030a2f-9580-4f77-8a14-0abfc76e4608","","","x","x","True","True","True","False","True","True","7/2/2026 12:43:47 PM",""
"88795205-ac92-43d7-5764-08dec461c23c","9877beae-0c69-41b0-9821-08dec461c232","9c7487a3-8189-48fa-a863-f5eb27df8564","Bar Chart","مخطط شريطي","barchart","718b556d-df7a-4f71-88d5-92e506941170","","","","64528862-35bc-44d7-b4dc-8d8c1cdff3be|936fefe4-aa57-4b40-8f68-995afbdae714|6ddcae37-696b-4346-bfe9-4404f72f63f4","","","x","س","True","True","True","False","True","True","7/5/2026 11:43:02 AM",""
"b7360b8a-6620-44d1-5766-08dec461c23c","b05f6bd5-256d-4940-9823-08dec461c232","9c7487a3-8189-48fa-a863-f5eb27df8564","Bar Chart","مخطط شريطي","barchart","691e1981-365a-4b79-b81d-de3b2f8c05c7","dc087d3c-3562-44cc-7a93-08dec461c23d","","dc087d3c-3562-44cc-7a93-08dec461c23d","43a29e53-13df-477e-b993-de5a423dab99","","","x","x","False","True","True","False","True","True","7/5/2026 12:12:54 PM","7/5/2026 12:12:54 PM"
"504d9ae6-8086-4725-5767-08dec461c23c","3b7d26fa-9bed-4f0c-9824-08dec461c232","9c7487a3-8189-48fa-a863-f5eb27df8564","Bar Chart","مخطط شريطي","barchart","691e1981-365a-4b79-b81d-de3b2f8c05c7","","","","43a29e53-13df-477e-b993-de5a423dab99","","","x","س","True","True","True","False","True","True","7/6/2026 10:16:58 AM",""
"97a18e78-e144-40a5-5769-08dec461c23c","4f91e1dd-ba9f-4d46-9826-08dec461c232","9c7487a3-8189-48fa-a863-f5eb27df8564","Bar Chart","مخطط شريطي","barchart","691e1981-365a-4b79-b81d-de3b2f8c05c7","","","","6ddcae37-696b-4346-bfe9-4404f72f63f4","","","x","س","True","True","True","False","True","True","7/21/2026 8:05:12 AM",""
"c85bf663-f54a-43c0-576a-08dec461c23c","4156ff1a-bda7-44e7-9827-08dec461c232","9c7487a3-8189-48fa-a863-f5eb27df8564","Bar Chart","مخطط شريطي","barchart","691e1981-365a-4b79-b81d-de3b2f8c05c7","","","","43a29e53-13df-477e-b993-de5a423dab99","","","x","x","True","True","True","False","True","True","7/21/2026 8:57:08 AM",""
"9e3d0cf2-d953-4e60-5774-08dec461c23c","4f9134c3-4745-4447-9831-08dec461c232","c55ee2cb-a6ff-439c-82cf-6575830b2470","Table ","طاولة","table ","691e1981-365a-4b79-b81d-de3b2f8c05c7","3f9092c8-2284-4a5b-7aa4-08dec461c23d|1a2dac3f-af81-476d-7aa8-08dec461c23d|0be4eed1-0c84-43bb-7aa6-08dec461c23d|1cd26573-709e-4391-7aa2-08dec461c23d|1acfd15f-410f-49cf-7aa5-08dec461c23d|0ae87036-f178-4e92-7aa7-08dec461c23d","","3f9092c8-2284-4a5b-7aa4-08dec461c23d|1a2dac3f-af81-476d-7aa8-08dec461c23d|0be4eed1-0c84-43bb-7aa6-08dec461c23d|1cd26573-709e-4391-7aa2-08dec461c23d|1acfd15f-410f-49cf-7aa5-08dec461c23d|0ae87036-f178-4e92-7aa7-08dec461c23d","6ddcae37-696b-4346-bfe9-4404f72f63f4","","","","","True","True","True","False","True","True","7/23/2026 8:48:34 AM","7/23/2026 8:48:34 AM"
"d2de0de8-886b-47b9-5775-08dec461c23c","fe118e23-ca38-4822-9832-08dec461c232","9c7487a3-8189-48fa-a863-f5eb27df8564","Bar Chart","مخطط شريطي","barchart","691e1981-365a-4b79-b81d-de3b2f8c05c7","","","","43a29e53-13df-477e-b993-de5a423dab99","","","x","س","True","True","True","False","True","True","7/23/2026 8:50:45 AM",""
"04ac7cd1-21c5-46c6-5776-08dec461c23c","0c2adf88-a3ed-4cc0-9833-08dec461c232","9c7487a3-8189-48fa-a863-f5eb27df8564","Bar Chart","مخطط شريطي","barchart","691e1981-365a-4b79-b81d-de3b2f8c05c7","","","","6ddcae37-696b-4346-bfe9-4404f72f63f4","","","x","س","True","True","True","False","True","True","7/23/2026 10:24:45 AM",""
"8f121879-6846-4795-5778-08dec461c23c","a598da16-09c2-43c4-9835-08dec461c232","9edbd15b-443e-4199-ab03-c71bb7ddeda0","Stacked Bar with line","شريط مكدس مع خط","stackedbarwithline","718b556d-df7a-4f71-88d5-92e506941170","d2e4c8ca-3833-48a0-7aae-08dec461c23d|d8fde3a9-3150-429a-7aac-08dec461c23d","633a4473-7585-4a42-7aad-08dec461c23d","d2e4c8ca-3833-48a0-7aae-08dec461c23d|d8fde3a9-3150-429a-7aac-08dec461c23d","1a030a2f-9580-4f77-8a14-0abfc76e4608|895ad713-de16-4568-9d8c-55a45a43cf36|43a29e53-13df-477e-b993-de5a423dab99","","","x","x","False","True","True","False","True","True","7/26/2026 1:38:28 PM","7/26/2026 1:38:28 PM"
"59deb272-2439-4f5d-5779-08dec461c23c","b5ade6c5-419c-4b5f-9836-08dec461c232","9c7487a3-8189-48fa-a863-f5eb27df8564","Bar Chart","مخطط شريطي","barchart","691e1981-365a-4b79-b81d-de3b2f8c05c7","","","","43a29e53-13df-477e-b993-de5a423dab99","","","x","x","False","True","True","False","True","True","7/26/2026 1:59:23 PM",""
"152b89ed-f01a-4f6e-577a-08dec461c23c","e641b12b-e4d1-47ab-9837-08dec461c232","9c7487a3-8189-48fa-a863-f5eb27df8564","Bar Chart","مخطط شريطي","barchart","691e1981-365a-4b79-b81d-de3b2f8c05c7","","","","43a29e53-13df-477e-b993-de5a423dab99","","","x","x","True","True","True","False","True","True","7/28/2026 1:00:38 PM",""
"bfd025f8-7808-49df-577b-08dec461c23c","5c5f7cbe-766d-43ec-9838-08dec461c232","9c7487a3-8189-48fa-a863-f5eb27df8564","Bar Chart","مخطط شريطي","barchart","718b556d-df7a-4f71-88d5-92e506941170","","","","1a030a2f-9580-4f77-8a14-0abfc76e4608","","","x","x","True","True","True","False","True","True","7/28/2026 1:02:31 PM",""
"8dd9134a-b929-4ebd-577c-08dec461c23c","df817187-b7f9-4564-9839-08dec461c232","9c7487a3-8189-48fa-a863-f5eb27df8564","Bar Chart","مخطط شريطي","barchart","691e1981-365a-4b79-b81d-de3b2f8c05c7","","","","43a29e53-13df-477e-b993-de5a423dab99","","","x","س","True","True","True","False","True","True","7/29/2026 1:55:35 PM",""
"7767ca0f-07dc-42cd-577d-08dec461c23c","8237bfca-5944-4723-983a-08dec461c232","9c7487a3-8189-48fa-a863-f5eb27df8564","Bar Chart","مخطط شريطي","barchart","1335f666-ffcf-4c78-ad27-88a092f2f4ae","","","","7ec8402a-0673-4417-b935-502ff2145f10","","","x","x","True","True","True","False","True","True","8/2/2026 9:36:58 AM",""
"f7bd2936-dbc5-45fe-577e-08dec461c23c","c808315b-a4f3-4f8e-983b-08dec461c232","9edbd15b-443e-4199-ab03-c71bb7ddeda0","Stacked Bar with line","شريط مكدس مع خط","stackedbarwithline","1335f666-ffcf-4c78-ad27-88a092f2f4ae","4f2dc17c-83dd-427a-7ab5-08dec461c23d","4f2dc17c-83dd-427a-7ab5-08dec461c23d","4f2dc17c-83dd-427a-7ab5-08dec461c23d","7ec8402a-0673-4417-b935-502ff2145f10","","","x","x","True","True","True","False","True","True","8/2/2026 9:47:42 AM","8/2/2026 9:47:43 AM"
"49014163-bb56-4953-577f-08dec461c23c","a0089110-7044-43a4-983c-08dec461c232","9c7487a3-8189-48fa-a863-f5eb27df8564","Bar Chart","مخطط شريطي","barchart","1335f666-ffcf-4c78-ad27-88a092f2f4ae","","","","7ec8402a-0673-4417-b935-502ff2145f10","","","x","x","True","True","True","False","True","True","8/2/2026 9:53:01 AM",""
"3b84fa2b-1092-4fe0-5780-08dec461c23c","cfbc3145-b350-480b-983d-08dec461c232","9c7487a3-8189-48fa-a863-f5eb27df8564","Bar Chart","مخطط شريطي","barchart","691e1981-365a-4b79-b81d-de3b2f8c05c7","","","","6ddcae37-696b-4346-bfe9-4404f72f63f4","","","x","x","True","True","True","False","True","True","8/3/2026 8:24:02 AM",""
"91be9547-0828-457c-5781-08dec461c23c","86cbbcb4-a2f2-4ae7-983e-08dec461c232","9c7487a3-8189-48fa-a863-f5eb27df8564","Bar Chart","مخطط شريطي","barchart","691e1981-365a-4b79-b81d-de3b2f8c05c7","","","","43a29e53-13df-477e-b993-de5a423dab99","","","x","س","True","True","True","False","True","True","8/3/2026 8:31:38 AM",""
"63b4d2d8-2971-4c7f-5782-08dec461c23c","94900167-3d2b-4f52-983f-08dec461c232","c55ee2cb-a6ff-439c-82cf-6575830b2470","Table ","طاولة","table ","691e1981-365a-4b79-b81d-de3b2f8c05c7","28b24086-78be-4402-7aba-08dec461c23d|e6c456df-8b8e-4619-7ab9-08dec461c23d","","28b24086-78be-4402-7aba-08dec461c23d|e6c456df-8b8e-4619-7ab9-08dec461c23d","43a29e53-13df-477e-b993-de5a423dab99","","","","","False","True","False","False","False","True","8/3/2026 8:32:43 AM","8/3/2026 8:32:46 AM"
"3b000c1c-34e4-4b55-5784-08dec461c23c","77bb033c-e866-42b2-9841-08dec461c232","9c7487a3-8189-48fa-a863-f5eb27df8564","Bar Chart","مخطط شريطي","barchart","718b556d-df7a-4f71-88d5-92e506941170","","","","1a030a2f-9580-4f77-8a14-0abfc76e4608|895ad713-de16-4568-9d8c-55a45a43cf36|43a29e53-13df-477e-b993-de5a423dab99","","","x","x","True","True","True","False","True","True","8/4/2026 8:20:21 AM",""
"10c26b56-5b2c-4399-5785-08dec461c23c","fef5502f-a93e-4cf8-9842-08dec461c232","9c7487a3-8189-48fa-a863-f5eb27df8564","Bar Chart","مخطط شريطي","barchart","718b556d-df7a-4f71-88d5-92e506941170","","","","1a030a2f-9580-4f77-8a14-0abfc76e4608|895ad713-de16-4568-9d8c-55a45a43cf36","","","x","س","True","True","True","False","True","True","8/4/2026 12:21:58 PM",""
"348df75a-95b9-483d-5786-08dec461c23c","78356970-e976-4aba-9843-08dec461c232","9c7487a3-8189-48fa-a863-f5eb27df8564","Bar Chart","مخطط شريطي","barchart","691e1981-365a-4b79-b81d-de3b2f8c05c7","","","","43a29e53-13df-477e-b993-de5a423dab99","","","x","x","True","True","True","False","True","True","8/4/2026 12:36:03 PM",""
"fd487ab5-c6d0-477b-5787-08dec461c23c","fb62d5b6-f515-40e2-9844-08dec461c232","9c7487a3-8189-48fa-a863-f5eb27df8564","Bar Chart","مخطط شريطي","barchart","691e1981-365a-4b79-b81d-de3b2f8c05c7","","","","43a29e53-13df-477e-b993-de5a423dab99","","","x","x","True","True","True","False","True","True","8/4/2026 1:06:13 PM",""
"52e5bca0-4fde-4730-578c-08dec461c23c","5fad875e-7c72-43d4-9849-08dec461c232","9c7487a3-8189-48fa-a863-f5eb27df8564","Bar Chart","مخطط شريطي","barchart","1335f666-ffcf-4c78-ad27-88a092f2f4ae","","","","64528862-35bc-44d7-b4dc-8d8c1cdff3be|936fefe4-aa57-4b40-8f68-995afbdae714|6ddcae37-696b-4346-bfe9-4404f72f63f4","","","","","True","True","True","False","True","True","8/5/2026 9:16:42 AM",""
"e22a22e3-6a41-44d3-5793-08dec461c23c","5fab87f3-d983-46d4-9850-08dec461c232","9c7487a3-8189-48fa-a863-f5eb27df8564","Bar Chart","مخطط شريطي","barchart","718b556d-df7a-4f71-88d5-92e506941170","","","","64528862-35bc-44d7-b4dc-8d8c1cdff3be","","","x","x","True","True","True","False","True","True","8/10/2026 11:27:48 AM",""
"1435e9d0-864d-483b-63d5-08dec462e126","f0c369a6-468a-4ebc-00d1-08dec462e11d","9c7487a3-8189-48fa-a863-f5eb27df8564","Bar Chart","مخطط شريطي","barchart","691e1981-365a-4b79-b81d-de3b2f8c05c7","","","","43a29e53-13df-477e-b993-de5a423dab99","","","x","x","True","True","True","False","True","True","6/7/2026 10:03:29 AM",""
"4ad3f162-f422-4018-63d6-08dec462e126","f8a7c25c-ab6b-4c5d-00d2-08dec462e11d","9c7487a3-8189-48fa-a863-f5eb27df8564","Bar Chart","مخطط شريطي","barchart","691e1981-365a-4b79-b81d-de3b2f8c05c7","","","","43A29E53-13DF-477E-B993-DE5A423DAB99","","","x","س","True","True","True","False","True","True","6/7/2026 10:50:51 AM",""
"c082f44e-9954-4b45-63d7-08dec462e126","9f8975c5-215a-4533-00d3-08dec462e11d","9c7487a3-8189-48fa-a863-f5eb27df8564","Bar Chart","مخطط شريطي","barchart","691e1981-365a-4b79-b81d-de3b2f8c05c7","","","","43A29E53-13DF-477E-B993-DE5A423DAB99","","","x","س","True","True","True","False","True","True","6/7/2026 10:51:44 AM",""
"d94db985-715f-4f43-63d8-08dec462e126","2d6acf61-cf68-4f92-00d4-08dec462e11d","9c7487a3-8189-48fa-a863-f5eb27df8564","Bar Chart","مخطط شريطي","barchart","718b556d-df7a-4f71-88d5-92e506941170","","","","1a030a2f-9580-4f77-8a14-0abfc76e4608|895ad713-de16-4568-9d8c-55a45a43cf36|43a29e53-13df-477e-b993-de5a423dab99","","","x","x","True","True","True","False","True","True","6/8/2026 12:39:41 PM",""
"28976195-bafd-404a-5586-08decabb6cc3","32bb4d16-587b-4c9a-c6c9-08decabb6cc2","9c7487a3-8189-48fa-a863-f5eb27df8564","Bar Chart","مخطط شريطي","barchart","691e1981-365a-4b79-b81d-de3b2f8c05c7","","","","6ddcae37-696b-4346-bfe9-4404f72f63f4","","","x","س","True","True","True","False","True","True","6/15/2026 11:52:26 AM",""
"efb949cb-f7ab-4d86-e53b-08decfcf5819","3a1df49d-ed50-444c-16f3-08decfcf5819","9edbd15b-443e-4199-ab03-c71bb7ddeda0","Stacked Bar with line","شريط مكدس مع خط","stackedbarwithline","718b556d-df7a-4f71-88d5-92e506941170","cf9fd2b2-0480-42db-f4e4-08decfcf581a|990d2e5e-83a2-4d42-f4e6-08decfcf581a|d096b68f-d333-4cad-f4e7-08decfcf581a|2d5b179d-6b42-45b6-f4e8-08decfcf581a|95a585e3-80d5-4a16-f4e5-08decfcf581a","2d5b179d-6b42-45b6-f4e8-08decfcf581a","cf9fd2b2-0480-42db-f4e4-08decfcf581a|990d2e5e-83a2-4d42-f4e6-08decfcf581a|d096b68f-d333-4cad-f4e7-08decfcf581a|2d5b179d-6b42-45b6-f4e8-08decfcf581a|95a585e3-80d5-4a16-f4e5-08decfcf581a","1a030a2f-9580-4f77-8a14-0abfc76e4608|895ad713-de16-4568-9d8c-55a45a43cf36|43a29e53-13df-477e-b993-de5a423dab99","Q1 2026 revenue of QR 38 billion and deficit of QR 10.3 billion are as displayed on the State Budget Performance Dashboard (provisional). Expenditure of QR 48.3 billion is derived (38 + 10.3). Prior quarters Q1 2024–Q3 2025 are actuals from MOF Public Budget Statements.","إيرادات الربع الأول من عام 2026 بلغت 38 مليار ريال قطري وعجز قدره 10.3 مليار ريال قطري كما هو معروض على لوحة أداء ميزانية الدولة (مؤقت). تم اشتقاق الإنفاق البالغ 48.3 مليار ريال قطري من الجمع (38 + 10.3). الأرباع السابقة من الربع الأول لعام 2024 حتى الربع الثالث لعام 2025 هي أرقام فعلية من بيانات الميزانية العامة لوزارة المالية.","","","True","True","True","False","True","True","6/23/2026 9:22:23 AM","6/23/2026 9:22:23 AM"
"bef2711d-67ec-4e9d-e53c-08decfcf5819","4cc09467-f0d6-435c-16f4-08decfcf5819","714b19fa-3d2f-4eea-87b0-473cd1e19679","Line Chart With Bar","مخطط خطي مع شريط","linechartwithbar","718b556d-df7a-4f71-88d5-92e506941170","813ef69b-0fc0-40d1-f4ea-08decfcf581a|3c061c1e-f1ae-49a8-f4eb-08decfcf581a","3c061c1e-f1ae-49a8-f4eb-08decfcf581a","813ef69b-0fc0-40d1-f4ea-08decfcf581a|3c061c1e-f1ae-49a8-f4eb-08decfcf581a","1a030a2f-9580-4f77-8a14-0abfc76e4608|895ad713-de16-4568-9d8c-55a45a43cf36","","","","","True","True","True","False","True","True","6/23/2026 9:37:27 AM","6/23/2026 9:37:27 AM"
"26bd2682-ea49-411d-e53d-08decfcf5819","af7b505f-f7e9-43f1-16f5-08decfcf5819","9edbd15b-443e-4199-ab03-c71bb7ddeda0","Stacked Bar with line","شريط مكدس مع خط","stackedbarwithline","691e1981-365a-4b79-b81d-de3b2f8c05c7","a37e64aa-4417-4600-f4f1-08decfcf581a|b775c140-dde0-44e7-f4ed-08decfcf581a|30f32351-c16e-4777-f4ee-08decfcf581a|cd981832-b236-43af-f4f0-08decfcf581a","32a3b554-5c6d-4a02-f4ef-08decfcf581a","a37e64aa-4417-4600-f4f1-08decfcf581a|b775c140-dde0-44e7-f4ed-08decfcf581a|30f32351-c16e-4777-f4ee-08decfcf581a|cd981832-b236-43af-f4f0-08decfcf581a","43a29e53-13df-477e-b993-de5a423dab99","","","","","True","True","True","False","True","True","6/23/2026 10:06:55 AM","6/23/2026 10:06:55 AM"
"08189f0c-4e08-48a4-a1b5-08ded4dc1596","9c037f4d-5d9a-4e73-66e2-08ded4dc1595","9c7487a3-8189-48fa-a863-f5eb27df8564","Bar Chart","مخطط شريطي","barchart","718b556d-df7a-4f71-88d5-92e506941170","","","","1a030a2f-9580-4f77-8a14-0abfc76e4608|895ad713-de16-4568-9d8c-55a45a43cf36","","","x","س","True","True","True","False","True","True","6/28/2026 9:11:25 AM",""
"5a4ebd39-11c8-42c7-a1b6-08ded4dc1596","8c80bd45-0ad9-41ac-66e3-08ded4dc1595","9c7487a3-8189-48fa-a863-f5eb27df8564","Bar Chart","مخطط شريطي","barchart","718b556d-df7a-4f71-88d5-92e506941170","","","","64528862-35bc-44d7-b4dc-8d8c1cdff3be|936fefe4-aa57-4b40-8f68-995afbdae714|6ddcae37-696b-4346-bfe9-4404f72f63f4","","","x","س","True","True","True","False","True","True","6/28/2026 10:26:58 AM",""
"8637ccb2-e22f-4b15-a1b7-08ded4dc1596","a5dc655f-39dd-465c-66e4-08ded4dc1595","9c7487a3-8189-48fa-a863-f5eb27df8564","Bar Chart","مخطط شريطي","barchart","718b556d-df7a-4f71-88d5-92e506941170","","","","1a030a2f-9580-4f77-8a14-0abfc76e4608|895ad713-de16-4568-9d8c-55a45a43cf36|43a29e53-13df-477e-b993-de5a423dab99","","","x","x","True","True","True","False","True","True","6/30/2026 8:15:18 AM",""
"ce755f08-9f2b-4ade-ea24-08deda71879b","9edc764f-f529-4b94-1ec6-08deda71879b","9c7487a3-8189-48fa-a863-f5eb27df8564","Bar Chart","مخطط شريطي","barchart","718b556d-df7a-4f71-88d5-92e506941170","","","","64528862-35bc-44d7-b4dc-8d8c1cdff3be|936fefe4-aa57-4b40-8f68-995afbdae714|6ddcae37-696b-4346-bfe9-4404f72f63f4","","","x","س","True","True","True","False","True","True","7/5/2026 11:43:47 AM",""
"9542a0d0-e6f8-412e-ea25-08deda71879b","6a025aec-0e58-4a9c-1ec7-08deda71879b","9c7487a3-8189-48fa-a863-f5eb27df8564","Bar Chart","مخطط شريطي","barchart","718b556d-df7a-4f71-88d5-92e506941170","","","","64528862-35bc-44d7-b4dc-8d8c1cdff3be|936fefe4-aa57-4b40-8f68-995afbdae714","","","x","س","True","True","True","False","True","True","7/5/2026 11:46:06 AM",""
"9e6fb9a2-a2b5-49ac-ea26-08deda71879b","633dc513-6f33-4bb5-1ec8-08deda71879b","9c7487a3-8189-48fa-a863-f5eb27df8564","Bar Chart","مخطط شريطي","barchart","691e1981-365a-4b79-b81d-de3b2f8c05c7","","","","","","","x","x","True","True","True","False","True","True","7/5/2026 12:14:30 PM",""
"40abea3d-26d9-49cc-6698-08dee641c199","ecda5ca3-5c3f-431d-a32d-08dee641c198","9c7487a3-8189-48fa-a863-f5eb27df8564","Bar Chart","مخطط شريطي","barchart","691e1981-365a-4b79-b81d-de3b2f8c05c7","","","","43A29E53-13DF-477E-B993-DE5A423DAB99","","","x","س","True","True","True","False","True","True","7/20/2026 12:32:03 PM",""
"31de2990-1b15-4b4a-6699-08dee641c199","51923029-874a-4a0e-a32e-08dee641c198","9c7487a3-8189-48fa-a863-f5eb27df8564","Bar Chart","مخطط شريطي","barchart","691e1981-365a-4b79-b81d-de3b2f8c05c7","","","","","","","x","س","True","True","True","False","True","True","7/21/2026 8:14:58 AM",""
"ac511b57-a685-4238-669a-08dee641c199","9e0bf9c1-f585-4302-a32f-08dee641c198","9c7487a3-8189-48fa-a863-f5eb27df8564","Bar Chart","مخطط شريطي","barchart","691e1981-365a-4b79-b81d-de3b2f8c05c7","","","","","","","x","س","True","True","True","False","True","True","7/21/2026 8:58:07 AM",""
"d55a1064-96fc-46ff-66a3-08dee641c199","db232b25-daca-4ab5-a338-08dee641c198","9c7487a3-8189-48fa-a863-f5eb27df8564","Bar Chart","مخطط شريطي","barchart","691e1981-365a-4b79-b81d-de3b2f8c05c7","","","","43A29E53-13DF-477E-B993-DE5A423DAB99","","","x","س","True","True","True","False","True","True","7/22/2026 12:54:10 PM",""
"df6a9622-403c-46f0-66a4-08dee641c199","4a88b450-130e-4be4-a339-08dee641c198","9c7487a3-8189-48fa-a863-f5eb27df8564","Bar Chart","مخطط شريطي","barchart","691e1981-365a-4b79-b81d-de3b2f8c05c7","","","","6ddcae37-696b-4346-bfe9-4404f72f63f4","","","x","س","True","True","True","False","True","True","7/23/2026 8:49:54 AM",""
"222c5fb6-6edc-4e56-66a5-08dee641c199","29d4d4aa-76d1-42a4-a33a-08dee641c198","9c7487a3-8189-48fa-a863-f5eb27df8564","Bar Chart","مخطط شريطي","barchart","718b556d-df7a-4f71-88d5-92e506941170","","","","1a030a2f-9580-4f77-8a14-0abfc76e4608","","","x","x","True","True","True","False","True","True","7/23/2026 10:55:22 AM",""
"df9a2514-ec1e-4a07-c80c-08deeafdc6d6","2fbc0553-b137-4021-0e03-08deeafdc6d6","9edbd15b-443e-4199-ab03-c71bb7ddeda0","Stacked Bar with line","شريط مكدس مع خط","stackedbarwithline","718b556d-df7a-4f71-88d5-92e506941170","3ebd2d5c-1aab-4f3d-c6b6-08deeafdc6dc|68631efe-4a3e-4dae-c6b5-08deeafdc6dc","cae5d760-47a5-460c-c6b4-08deeafdc6dc","3ebd2d5c-1aab-4f3d-c6b6-08deeafdc6dc|68631efe-4a3e-4dae-c6b5-08deeafdc6dc","1a030a2f-9580-4f77-8a14-0abfc76e4608|895ad713-de16-4568-9d8c-55a45a43cf36|43a29e53-13df-477e-b993-de5a423dab99","","","x","x","False","True","True","False","True","True","7/26/2026 1:18:07 PM","7/26/2026 1:18:07 PM"
"7bb3cfdb-ee53-44c1-c80d-08deeafdc6d6","6a664f7d-84e9-44a9-0e04-08deeafdc6d6","9c7487a3-8189-48fa-a863-f5eb27df8564","Bar Chart","مخطط شريطي","barchart","718b556d-df7a-4f71-88d5-92e506941170","","","","1a030a2f-9580-4f77-8a14-0abfc76e4608|895ad713-de16-4568-9d8c-55a45a43cf36|43a29e53-13df-477e-b993-de5a423dab99","","","x","x","False","True","True","False","True","True","7/26/2026 1:53:00 PM",""
"3514f49a-2e3a-4807-c80e-08deeafdc6d6","f2b33590-7ef4-45f3-0e05-08deeafdc6d6","9c7487a3-8189-48fa-a863-f5eb27df8564","Bar Chart","مخطط شريطي","barchart","691e1981-365a-4b79-b81d-de3b2f8c05c7","","","","","","","x","س","True","True","True","False","True","True","7/28/2026 10:11:50 AM",""
"290b6335-6747-431b-3c36-08def0866aa4","8e7d0bcf-78ac-47f1-790e-08def0866aa3","9c7487a3-8189-48fa-a863-f5eb27df8564","Bar Chart","مخطط شريطي","barchart","691e1981-365a-4b79-b81d-de3b2f8c05c7","","","","6ddcae37-696b-4346-bfe9-4404f72f63f4","","","x","س","True","True","True","False","True","True","8/2/2026 2:08:44 PM",""
"8bdfbd6e-9573-420c-3c37-08def0866aa4","90f51bae-c903-46a5-790f-08def0866aa3","9c7487a3-8189-48fa-a863-f5eb27df8564","Bar Chart","مخطط شريطي","barchart","691e1981-365a-4b79-b81d-de3b2f8c05c7","","","","6ddcae37-696b-4346-bfe9-4404f72f63f4","","","x","x","True","True","True","False","True","True","8/3/2026 8:25:25 AM",""
"7019d52e-6e9a-4850-3c39-08def0866aa4","ea03b9d1-de4d-4036-7911-08def0866aa3","9c7487a3-8189-48fa-a863-f5eb27df8564","Bar Chart","مخطط شريطي","barchart","1335f666-ffcf-4c78-ad27-88a092f2f4ae","","","","4ffffaf2-8058-41f2-8ff8-2e0160c4696b|4d009fc3-b909-40b9-9e2b-a53422837085","","","x","س","True","True","True","False","True","True","8/3/2026 8:39:36 AM",""
"e098a62f-c2be-41d3-3c3a-08def0866aa4","ecaf0b90-cb84-46ce-7912-08def0866aa3","9c7487a3-8189-48fa-a863-f5eb27df8564","Bar Chart","مخطط شريطي","barchart","718b556d-df7a-4f71-88d5-92e506941170","","","","1a030a2f-9580-4f77-8a14-0abfc76e4608","","","x","x","True","True","True","False","True","True","8/4/2026 8:19:20 AM",""
"e8cf1da5-230b-44dc-3c3b-08def0866aa4","cb6a2246-50f5-4fcd-7913-08def0866aa3","9c7487a3-8189-48fa-a863-f5eb27df8564","Bar Chart","مخطط شريطي","barchart","718b556d-df7a-4f71-88d5-92e506941170","","","","1a030a2f-9580-4f77-8a14-0abfc76e4608","","","x","x","True","True","True","False","True","True","8/4/2026 12:30:38 PM",""
"2fa0965c-7515-4ee0-3c41-08def0866aa4","43abd900-755b-48bb-7919-08def0866aa3","9c7487a3-8189-48fa-a863-f5eb27df8564","Bar Chart","مخطط شريطي","barchart","718b556d-df7a-4f71-88d5-92e506941170","","","","1a030a2f-9580-4f77-8a14-0abfc76e4608|43a29e53-13df-477e-b993-de5a423dab99","","","x","x","False","True","True","False","True","True","8/6/2026 8:10:31 AM",""
"f695ed8f-7f0a-4e67-3c42-08def0866aa4","61f82d6b-6ab6-4ce8-791a-08def0866aa3","9c7487a3-8189-48fa-a863-f5eb27df8564","Bar Chart","مخطط شريطي","barchart","718b556d-df7a-4f71-88d5-92e506941170","","","","1a030a2f-9580-4f77-8a14-0abfc76e4608","","","x","س","True","True","True","False","True","True","8/6/2026 8:11:55 AM",""
"902504b9-563d-4547-11f6-08def5e05d22","aef8dc96-bf8d-4fbd-908f-08def5e05d1a","9c7487a3-8189-48fa-a863-f5eb27df8564","Bar Chart","مخطط شريطي","barchart","691e1981-365a-4b79-b81d-de3b2f8c05c7","","","","43a29e53-13df-477e-b993-de5a423dab99","","","x","x","False","True","True","False","True","True","8/10/2026 11:34:04 AM",""
