"PublishedIndicatorChartId","PublishedIndicatorId","ListType","MemberIndicatorDetailId"
"ec7ddcd1-8280-47e8-8ae7-08de66e6ef18","8889b67b-664a-4680-8443-08de66e6ef17","SubIndicators","44b0264d-629c-474e-9655-08de66e6ef19"
"ec7ddcd1-8280-47e8-8ae7-08de66e6ef18","8889b67b-664a-4680-8443-08de66e6ef17","SubIndicators","44f5f186-cae1-4393-9657-08de66e6ef19"
"ec7ddcd1-8280-47e8-8ae7-08de66e6ef18","8889b67b-664a-4680-8443-08de66e6ef17","SubIndicators","9ee733f1-f68a-4b8a-9659-08de66e6ef19"
"ec7ddcd1-8280-47e8-8ae7-08de66e6ef18","8889b67b-664a-4680-8443-08de66e6ef17","SubIndicators","b825d0f0-08ee-4e95-9654-08de66e6ef19"
"ec7ddcd1-8280-47e8-8ae7-08de66e6ef18","8889b67b-664a-4680-8443-08de66e6ef17","SubIndicators","9e12ac3b-14b8-4716-9656-08de66e6ef19"
"ec7ddcd1-8280-47e8-8ae7-08de66e6ef18","8889b67b-664a-4680-8443-08de66e6ef17","SubIndicators","c5af0dad-fda0-4e06-965a-08de66e6ef19"
"ec7ddcd1-8280-47e8-8ae7-08de66e6ef18","8889b67b-664a-4680-8443-08de66e6ef17","SubIndicators","7c94c8d5-ead1-443a-9658-08de66e6ef19"
"ec7ddcd1-8280-47e8-8ae7-08de66e6ef18","8889b67b-664a-4680-8443-08de66e6ef17","SubIndicators","9ea5b67b-0a74-428b-9652-08de66e6ef19"
"814441a0-e60a-4fba-fc88-08de6c80b448","c7e2aafd-6340-45d5-31d3-08de6c80b448","SubIndicators","55a465e9-e2b2-4196-1692-08de6c80b44a"
"a18b36ad-6a39-46ae-6355-08dea2389ab0","48906d7c-2b2c-42bd-f10c-08dea2389aaf","SubIndicators","f3de8791-b7fd-4135-6a2f-08dea2389ab1"
"a18b36ad-6a39-46ae-6355-08dea2389ab0","48906d7c-2b2c-42bd-f10c-08dea2389aaf","SubIndicators","23ea61b5-45d1-48e0-6a31-08dea2389ab1"
"93a46c8c-55d4-4853-5731-08deb3ea9ade","88b5dbfb-cfbd-4f0b-d61f-08deb3ea9ad6","SubIndicators","55c0e959-663d-4893-73d1-08deb3ea9adf"
"93a46c8c-55d4-4853-5731-08deb3ea9ade","88b5dbfb-cfbd-4f0b-d61f-08deb3ea9ad6","SubIndicators","f24a340d-c47c-4534-73d2-08deb3ea9adf"
"93a46c8c-55d4-4853-5731-08deb3ea9ade","88b5dbfb-cfbd-4f0b-d61f-08deb3ea9ad6","SubIndicators","103e9dcb-c6e7-41ad-73d3-08deb3ea9adf"
"3acb47b7-1b8e-491e-a2d2-08deb9658cc0","696c81d9-3d16-419d-23c8-08deb9658cc0","SubIndicators","b140cdd5-342f-4bc3-a4ad-08deb9658cc1"
"3acb47b7-1b8e-491e-a2d2-08deb9658cc0","696c81d9-3d16-419d-23c8-08deb9658cc0","SubIndicators","ff73cf13-e5cb-442f-a4a9-08deb9658cc1"
"3acb47b7-1b8e-491e-a2d2-08deb9658cc0","696c81d9-3d16-419d-23c8-08deb9658cc0","SubIndicators","46b7993e-b31a-4633-a4a8-08deb9658cc1"
"3acb47b7-1b8e-491e-a2d2-08deb9658cc0","696c81d9-3d16-419d-23c8-08deb9658cc0","SubIndicators","f999c736-6d10-4ba7-a4ac-08deb9658cc1"
"3acb47b7-1b8e-491e-a2d2-08deb9658cc0","696c81d9-3d16-419d-23c8-08deb9658cc0","SubIndicators","ca2c9082-2fac-4c35-a4ab-08deb9658cc1"
"3acb47b7-1b8e-491e-a2d2-08deb9658cc0","696c81d9-3d16-419d-23c8-08deb9658cc0","SubIndicators","1af5b85d-8e0e-4d9d-a4a7-08deb9658cc1"
"fe4aaceb-db5b-475d-a2d4-08deb9658cc0","7d9f00cc-54cf-48cc-23ca-08deb9658cc0","SubIndicators","c4b735cd-726d-45b3-a4b9-08deb9658cc1"
"fe4aaceb-db5b-475d-a2d4-08deb9658cc0","7d9f00cc-54cf-48cc-23ca-08deb9658cc0","SubIndicators","0b82f35e-5ee2-4790-a4bb-08deb9658cc1"
"fe4aaceb-db5b-475d-a2d4-08deb9658cc0","7d9f00cc-54cf-48cc-23ca-08deb9658cc0","SubIndicators","59cb2bbe-9fe1-4b5e-a4b8-08deb9658cc1"
"fe4aaceb-db5b-475d-a2d4-08deb9658cc0","7d9f00cc-54cf-48cc-23ca-08deb9658cc0","SubIndicators","f33f5a9e-d43e-4b3b-a4b6-08deb9658cc1"
"fe4aaceb-db5b-475d-a2d4-08deb9658cc0","7d9f00cc-54cf-48cc-23ca-08deb9658cc0","SubIndicators","5f765bbc-ecc9-4e07-a4ba-08deb9658cc1"
"fe4aaceb-db5b-475d-a2d4-08deb9658cc0","7d9f00cc-54cf-48cc-23ca-08deb9658cc0","SubIndicators","e978fbe2-b2c3-42bc-a4bc-08deb9658cc1"
"fe4aaceb-db5b-475d-a2d4-08deb9658cc0","7d9f00cc-54cf-48cc-23ca-08deb9658cc0","SubIndicators","12e1e92b-8ccd-4b25-a4bd-08deb9658cc1"
"8d8f16d5-46f8-4191-a2d5-08deb9658cc0","8a3ddcb1-c262-4cea-23cb-08deb9658cc0","SubIndicators","65b87b3c-f6db-4812-a4bf-08deb9658cc1"
"8d8f16d5-46f8-4191-a2d5-08deb9658cc0","8a3ddcb1-c262-4cea-23cb-08deb9658cc0","SubIndicators","a1c96503-5cdc-452d-a4c0-08deb9658cc1"
"8d8f16d5-46f8-4191-a2d5-08deb9658cc0","8a3ddcb1-c262-4cea-23cb-08deb9658cc0","SubIndicators","9f425457-f86a-49b1-a4c2-08deb9658cc1"
"8d8f16d5-46f8-4191-a2d5-08deb9658cc0","8a3ddcb1-c262-4cea-23cb-08deb9658cc0","SubIndicators","d98a0ed2-6b2d-4c1b-a4c1-08deb9658cc1"
"8d8f16d5-46f8-4191-a2d5-08deb9658cc0","8a3ddcb1-c262-4cea-23cb-08deb9658cc0","SubIndicators","bd747a05-6630-4ca1-a4be-08deb9658cc1"
"21f05cee-a04c-438c-a2d6-08deb9658cc0","3e141fda-3e1d-4355-23cc-08deb9658cc0","SubIndicators","b178ced0-62e4-4a39-a4c8-08deb9658cc1"
"21f05cee-a04c-438c-a2d6-08deb9658cc0","3e141fda-3e1d-4355-23cc-08deb9658cc0","SubIndicators","c206b104-5756-42ba-a4c7-08deb9658cc1"
"21f05cee-a04c-438c-a2d6-08deb9658cc0","3e141fda-3e1d-4355-23cc-08deb9658cc0","SubIndicators","f635ceca-cf1f-4fb6-a4cb-08deb9658cc1"
"21f05cee-a04c-438c-a2d6-08deb9658cc0","3e141fda-3e1d-4355-23cc-08deb9658cc0","SubIndicators","4ac404e0-b97e-4a53-a4c5-08deb9658cc1"
"21f05cee-a04c-438c-a2d6-08deb9658cc0","3e141fda-3e1d-4355-23cc-08deb9658cc0","SubIndicators","44b0dd66-7273-4df6-a4c4-08deb9658cc1"
"21f05cee-a04c-438c-a2d6-08deb9658cc0","3e141fda-3e1d-4355-23cc-08deb9658cc0","SubIndicators","b9ff33fc-f61f-477e-a4c6-08deb9658cc1"
"21f05cee-a04c-438c-a2d6-08deb9658cc0","3e141fda-3e1d-4355-23cc-08deb9658cc0","SubIndicators","b2bf51e2-de9d-4ae1-a4c9-08deb9658cc1"
"a03111b6-bdcd-40e7-a2d8-08deb9658cc0","bc645899-8766-4c2c-23ce-08deb9658cc0","SubIndicators","c6412533-7bb9-47ed-a4ce-08deb9658cc1"
"a03111b6-bdcd-40e7-a2d8-08deb9658cc0","bc645899-8766-4c2c-23ce-08deb9658cc0","SubIndicators","5a12426a-eb2e-4ab3-a4cd-08deb9658cc1"
"83252464-d65c-47c8-a2d9-08deb9658cc0","5e2b1deb-f90b-4d8a-23cf-08deb9658cc0","SubIndicators","f29bc176-82b1-46b0-a4d1-08deb9658cc1"
"83252464-d65c-47c8-a2d9-08deb9658cc0","5e2b1deb-f90b-4d8a-23cf-08deb9658cc0","SubIndicators","5fc80a2a-3ba5-4303-a4d4-08deb9658cc1"
"83252464-d65c-47c8-a2d9-08deb9658cc0","5e2b1deb-f90b-4d8a-23cf-08deb9658cc0","SubIndicators","8f8a357c-0c04-47c9-a4d3-08deb9658cc1"
"83252464-d65c-47c8-a2d9-08deb9658cc0","5e2b1deb-f90b-4d8a-23cf-08deb9658cc0","SubIndicators","2f326c46-ac3d-42a8-a4d0-08deb9658cc1"
"83252464-d65c-47c8-a2d9-08deb9658cc0","5e2b1deb-f90b-4d8a-23cf-08deb9658cc0","SubIndicators","4a02258e-79c1-4911-a4d2-08deb9658cc1"
"64342d64-6f12-46b6-6fbc-08deb966925f","86b1f4d0-454c-460b-ff6e-08deb966925e","SubIndicators","70955736-838f-4949-8b84-08deb9669260"
"64342d64-6f12-46b6-6fbc-08deb966925f","86b1f4d0-454c-460b-ff6e-08deb966925e","SubIndicators","ac5700f9-1c20-4a3b-8b86-08deb9669260"
"64342d64-6f12-46b6-6fbc-08deb966925f","86b1f4d0-454c-460b-ff6e-08deb966925e","SubIndicators","40dbd7f4-b84f-4b89-8b87-08deb9669260"
"64342d64-6f12-46b6-6fbc-08deb966925f","86b1f4d0-454c-460b-ff6e-08deb966925e","SubIndicators","3f427a5a-752c-4c6a-8b88-08deb9669260"
"64342d64-6f12-46b6-6fbc-08deb966925f","86b1f4d0-454c-460b-ff6e-08deb966925e","SubIndicators","392121e6-1699-4a56-8b89-08deb9669260"
"b4cfca62-b234-4813-6fbd-08deb966925f","abcf9092-a2e6-4b5b-ff6f-08deb966925e","SubIndicators","26975cca-e3a4-4f80-8b8b-08deb9669260"
"b4cfca62-b234-4813-6fbd-08deb966925f","abcf9092-a2e6-4b5b-ff6f-08deb966925e","SubIndicators","125a4faf-9af0-4c4e-8b8c-08deb9669260"
"b4cfca62-b234-4813-6fbd-08deb966925f","abcf9092-a2e6-4b5b-ff6f-08deb966925e","SubIndicators","71edf568-fe8d-4eeb-8b8a-08deb9669260"
"b4cfca62-b234-4813-6fbd-08deb966925f","abcf9092-a2e6-4b5b-ff6f-08deb966925e","SubIndicators","bad6d404-03b4-49cf-8b91-08deb9669260"
"b4cfca62-b234-4813-6fbd-08deb966925f","abcf9092-a2e6-4b5b-ff6f-08deb966925e","SubIndicators","7a5e47bd-9486-4005-8b90-08deb9669260"
"b4cfca62-b234-4813-6fbd-08deb966925f","abcf9092-a2e6-4b5b-ff6f-08deb966925e","SubIndicators","0e07d1dd-367c-4a39-8b8d-08deb9669260"
"b4cfca62-b234-4813-6fbd-08deb966925f","abcf9092-a2e6-4b5b-ff6f-08deb966925e","SubIndicators","a3b8080f-a97b-46ee-8b8f-08deb9669260"
"c38ea026-56dd-4c36-6fbe-08deb966925f","2edd52f8-2cf0-492a-ff70-08deb966925e","SubIndicators","9facb8b5-a605-4cc8-8b96-08deb9669260"
"c38ea026-56dd-4c36-6fbe-08deb966925f","2edd52f8-2cf0-492a-ff70-08deb966925e","SubIndicators","0fed25b6-f1f8-40e0-8b95-08deb9669260"
"c38ea026-56dd-4c36-6fbe-08deb966925f","2edd52f8-2cf0-492a-ff70-08deb966925e","SubIndicators","d11b1e63-a2d2-453f-8b92-08deb9669260"
"c38ea026-56dd-4c36-6fbe-08deb966925f","2edd52f8-2cf0-492a-ff70-08deb966925e","SubIndicators","eb9ac09f-2d08-4a7c-8b93-08deb9669260"
"1f4c82ff-2de3-4cb6-575d-08dec461c23c","db70b0f9-0325-44f2-981a-08dec461c232","SubIndicators","1da4cc95-ba5b-4e81-7a87-08dec461c23d"
"1f4c82ff-2de3-4cb6-575d-08dec461c23c","db70b0f9-0325-44f2-981a-08dec461c232","SubIndicators","838cf4bd-f9af-458c-7a81-08dec461c23d"
"1f4c82ff-2de3-4cb6-575d-08dec461c23c","db70b0f9-0325-44f2-981a-08dec461c232","SubIndicators","f6758c9a-f149-4e82-7a84-08dec461c23d"
"1f4c82ff-2de3-4cb6-575d-08dec461c23c","db70b0f9-0325-44f2-981a-08dec461c232","SubIndicators","3a8acea5-a173-4c87-7a82-08dec461c23d"
"1f4c82ff-2de3-4cb6-575d-08dec461c23c","db70b0f9-0325-44f2-981a-08dec461c232","SubIndicators","30f4fca5-52cf-4205-7a88-08dec461c23d"
"1f4c82ff-2de3-4cb6-575d-08dec461c23c","db70b0f9-0325-44f2-981a-08dec461c232","SubIndicators","be2e1d18-a882-4454-7a86-08dec461c23d"
"1f4c82ff-2de3-4cb6-575d-08dec461c23c","db70b0f9-0325-44f2-981a-08dec461c232","SubIndicators","44a7f5b5-ce35-41ff-7a7f-08dec461c23d"
"1f4c82ff-2de3-4cb6-575d-08dec461c23c","db70b0f9-0325-44f2-981a-08dec461c232","SubIndicators","5b8af3cc-5fe4-4b8e-7a83-08dec461c23d"
"1f4c82ff-2de3-4cb6-575d-08dec461c23c","db70b0f9-0325-44f2-981a-08dec461c232","SubIndicators","76ce73ac-b3d1-410d-7a80-08dec461c23d"
"b4f0dbaa-ff30-43b8-575e-08dec461c23c","a575f11f-9184-43d3-981b-08dec461c232","SubIndicators","b876956c-e1d8-4b95-7a8a-08dec461c23d"
"b4f0dbaa-ff30-43b8-575e-08dec461c23c","a575f11f-9184-43d3-981b-08dec461c232","SubIndicators","0379a74a-41da-40d9-7a89-08dec461c23d"
"b7360b8a-6620-44d1-5766-08dec461c23c","b05f6bd5-256d-4940-9823-08dec461c232","SubIndicators","dc087d3c-3562-44cc-7a93-08dec461c23d"
"9e3d0cf2-d953-4e60-5774-08dec461c23c","4f9134c3-4745-4447-9831-08dec461c232","SubIndicators","3f9092c8-2284-4a5b-7aa4-08dec461c23d"
"9e3d0cf2-d953-4e60-5774-08dec461c23c","4f9134c3-4745-4447-9831-08dec461c232","SubIndicators","1a2dac3f-af81-476d-7aa8-08dec461c23d"
"9e3d0cf2-d953-4e60-5774-08dec461c23c","4f9134c3-4745-4447-9831-08dec461c232","SubIndicators","0be4eed1-0c84-43bb-7aa6-08dec461c23d"
"9e3d0cf2-d953-4e60-5774-08dec461c23c","4f9134c3-4745-4447-9831-08dec461c232","SubIndicators","1cd26573-709e-4391-7aa2-08dec461c23d"
"9e3d0cf2-d953-4e60-5774-08dec461c23c","4f9134c3-4745-4447-9831-08dec461c232","SubIndicators","1acfd15f-410f-49cf-7aa5-08dec461c23d"
"9e3d0cf2-d953-4e60-5774-08dec461c23c","4f9134c3-4745-4447-9831-08dec461c232","SubIndicators","0ae87036-f178-4e92-7aa7-08dec461c23d"
"8f121879-6846-4795-5778-08dec461c23c","a598da16-09c2-43c4-9835-08dec461c232","SubIndicators","d2e4c8ca-3833-48a0-7aae-08dec461c23d"
"8f121879-6846-4795-5778-08dec461c23c","a598da16-09c2-43c4-9835-08dec461c232","SubIndicators","d8fde3a9-3150-429a-7aac-08dec461c23d"
"f7bd2936-dbc5-45fe-577e-08dec461c23c","c808315b-a4f3-4f8e-983b-08dec461c232","SubIndicators","4f2dc17c-83dd-427a-7ab5-08dec461c23d"
"63b4d2d8-2971-4c7f-5782-08dec461c23c","94900167-3d2b-4f52-983f-08dec461c232","SubIndicators","28b24086-78be-4402-7aba-08dec461c23d"
"63b4d2d8-2971-4c7f-5782-08dec461c23c","94900167-3d2b-4f52-983f-08dec461c232","SubIndicators","e6c456df-8b8e-4619-7ab9-08dec461c23d"
"efb949cb-f7ab-4d86-e53b-08decfcf5819","3a1df49d-ed50-444c-16f3-08decfcf5819","SubIndicators","cf9fd2b2-0480-42db-f4e4-08decfcf581a"
"efb949cb-f7ab-4d86-e53b-08decfcf5819","3a1df49d-ed50-444c-16f3-08decfcf5819","SubIndicators","990d2e5e-83a2-4d42-f4e6-08decfcf581a"
"efb949cb-f7ab-4d86-e53b-08decfcf5819","3a1df49d-ed50-444c-16f3-08decfcf5819","SubIndicators","d096b68f-d333-4cad-f4e7-08decfcf581a"
"efb949cb-f7ab-4d86-e53b-08decfcf5819","3a1df49d-ed50-444c-16f3-08decfcf5819","SubIndicators","2d5b179d-6b42-45b6-f4e8-08decfcf581a"
"efb949cb-f7ab-4d86-e53b-08decfcf5819","3a1df49d-ed50-444c-16f3-08decfcf5819","SubIndicators","95a585e3-80d5-4a16-f4e5-08decfcf581a"
"bef2711d-67ec-4e9d-e53c-08decfcf5819","4cc09467-f0d6-435c-16f4-08decfcf5819","SubIndicators","813ef69b-0fc0-40d1-f4ea-08decfcf581a"
"bef2711d-67ec-4e9d-e53c-08decfcf5819","4cc09467-f0d6-435c-16f4-08decfcf5819","SubIndicators","3c061c1e-f1ae-49a8-f4eb-08decfcf581a"
"26bd2682-ea49-411d-e53d-08decfcf5819","af7b505f-f7e9-43f1-16f5-08decfcf5819","SubIndicators","a37e64aa-4417-4600-f4f1-08decfcf581a"
"26bd2682-ea49-411d-e53d-08decfcf5819","af7b505f-f7e9-43f1-16f5-08decfcf5819","SubIndicators","b775c140-dde0-44e7-f4ed-08decfcf581a"
"26bd2682-ea49-411d-e53d-08decfcf5819","af7b505f-f7e9-43f1-16f5-08decfcf5819","SubIndicators","30f32351-c16e-4777-f4ee-08decfcf581a"
"26bd2682-ea49-411d-e53d-08decfcf5819","af7b505f-f7e9-43f1-16f5-08decfcf5819","SubIndicators","cd981832-b236-43af-f4f0-08decfcf581a"
"df9a2514-ec1e-4a07-c80c-08deeafdc6d6","2fbc0553-b137-4021-0e03-08deeafdc6d6","SubIndicators","3ebd2d5c-1aab-4f3d-c6b6-08deeafdc6dc"
"df9a2514-ec1e-4a07-c80c-08deeafdc6d6","2fbc0553-b137-4021-0e03-08deeafdc6d6","SubIndicators","68631efe-4a3e-4dae-c6b5-08deeafdc6dc"
"814441a0-e60a-4fba-fc88-08de6c80b448","c7e2aafd-6340-45d5-31d3-08de6c80b448","LineSubIndicators","ae6d8353-8468-4cec-1691-08de6c80b44a"
"a18b36ad-6a39-46ae-6355-08dea2389ab0","48906d7c-2b2c-42bd-f10c-08dea2389aaf","LineSubIndicators","fc6dccb5-e101-48bd-6a30-08dea2389ab1"
"3acb47b7-1b8e-491e-a2d2-08deb9658cc0","696c81d9-3d16-419d-23c8-08deb9658cc0","LineSubIndicators","69a24838-9d3d-4af2-a4aa-08deb9658cc1"
"8d8f16d5-46f8-4191-a2d5-08deb9658cc0","8a3ddcb1-c262-4cea-23cb-08deb9658cc0","LineSubIndicators","ef6b946e-2975-41d2-a4c3-08deb9658cc1"
"21f05cee-a04c-438c-a2d6-08deb9658cc0","3e141fda-3e1d-4355-23cc-08deb9658cc0","LineSubIndicators","c0019c73-2b34-4fd1-a4ca-08deb9658cc1"
"64342d64-6f12-46b6-6fbc-08deb966925f","86b1f4d0-454c-460b-ff6e-08deb966925e","LineSubIndicators","ee18a944-4692-412d-8b85-08deb9669260"
"b4cfca62-b234-4813-6fbd-08deb966925f","abcf9092-a2e6-4b5b-ff6f-08deb966925e","LineSubIndicators","ba030477-caf3-4c21-8b8e-08deb9669260"
"1f4c82ff-2de3-4cb6-575d-08dec461c23c","db70b0f9-0325-44f2-981a-08dec461c232","LineSubIndicators","354c530a-b694-4f7e-7a85-08dec461c23d"
"b4f0dbaa-ff30-43b8-575e-08dec461c23c","a575f11f-9184-43d3-981b-08dec461c232","LineSubIndicators","4d624708-1e86-44a1-7a8b-08dec461c23d"
"8f121879-6846-4795-5778-08dec461c23c","a598da16-09c2-43c4-9835-08dec461c232","LineSubIndicators","633a4473-7585-4a42-7aad-08dec461c23d"
"f7bd2936-dbc5-45fe-577e-08dec461c23c","c808315b-a4f3-4f8e-983b-08dec461c232","LineSubIndicators","4f2dc17c-83dd-427a-7ab5-08dec461c23d"
"efb949cb-f7ab-4d86-e53b-08decfcf5819","3a1df49d-ed50-444c-16f3-08decfcf5819","LineSubIndicators","2d5b179d-6b42-45b6-f4e8-08decfcf581a"
"bef2711d-67ec-4e9d-e53c-08decfcf5819","4cc09467-f0d6-435c-16f4-08decfcf5819","LineSubIndicators","3c061c1e-f1ae-49a8-f4eb-08decfcf581a"
"26bd2682-ea49-411d-e53d-08decfcf5819","af7b505f-f7e9-43f1-16f5-08decfcf5819","LineSubIndicators","32a3b554-5c6d-4a02-f4ef-08decfcf581a"
"df9a2514-ec1e-4a07-c80c-08deeafdc6d6","2fbc0553-b137-4021-0e03-08deeafdc6d6","LineSubIndicators","cae5d760-47a5-460c-c6b4-08deeafdc6dc"
