"PublishedIndicatorChartId","PublishedIndicatorId","AlternateViewId","AlternateViewEN","AlternateViewAR","AlternateViewCode"
"dcf10715-7cb5-41a5-2a0e-08ddb7179f3e","f0a2e654-d78c-4d14-3e15-08ddb7179f33","7EC8402A-0673-4417-B935-502FF2145F10","Monthly MoM %","التغير الشهري على أساس شهري (%)","mom"
"d67fd64b-161e-4ed1-2a15-08ddb7179f3e","64368107-c86b-4488-3e1c-08ddb7179f33","43A29E53-13DF-477E-B993-DE5A423DAB99","Yearly YoY %","التغير السنوي على أساس سنوي (%)","yoy"
"c339e85d-c2f0-444e-2a16-08ddb7179f3e","a7eeeaa7-3a05-465c-3e1d-08ddb7179f33","43A29E53-13DF-477E-B993-DE5A423DAB99","Yearly YoY %","التغير السنوي على أساس سنوي (%)","yoy"
"c240d8de-1b33-48bd-2a17-08ddb7179f3e","2137c6dc-b410-4258-3e1e-08ddb7179f33","43A29E53-13DF-477E-B993-DE5A423DAB99","Yearly YoY %","التغير السنوي على أساس سنوي (%)","yoy"
"6346e76a-c642-47ad-2a1d-08ddb7179f3e","dc37d928-40d5-4998-3e24-08ddb7179f33","1A030A2F-9580-4F77-8A14-0ABFC76E4608","Quarterly QoQ %","التغير ربع السنوي على أساس ربعي (%)","qoq"
"4c8336ed-017c-4e62-2a1e-08ddb7179f3e","60073a09-fb63-4825-3e25-08ddb7179f33","1A030A2F-9580-4F77-8A14-0ABFC76E4608","Quarterly QoQ %","التغير ربع السنوي على أساس ربعي (%)","qoq"
"08b8fdac-2921-4fa0-2a24-08ddb7179f3e","f597b0c1-9e2c-4899-3e2b-08ddb7179f33","1A030A2F-9580-4F77-8A14-0ABFC76E4608","Quarterly QoQ %","التغير ربع السنوي على أساس ربعي (%)","qoq"
"bd01dcee-91f9-48bc-2a3a-08ddb7179f3e","57e6f80d-27a2-43de-3e41-08ddb7179f33","43A29E53-13DF-477E-B993-DE5A423DAB99","Yearly YoY %","التغير السنوي على أساس سنوي (%)","yoy"
"c88b41fc-6d1f-4e99-2a46-08ddb7179f3e","e2546a69-1ba8-4b1e-3e4d-08ddb7179f33","43A29E53-13DF-477E-B993-DE5A423DAB99","Yearly YoY %","التغير السنوي على أساس سنوي (%)","yoy"
"4d4b7fde-ba5c-4c92-2a47-08ddb7179f3e","7ebf49ff-62db-4a91-3e4e-08ddb7179f33","1A030A2F-9580-4F77-8A14-0ABFC76E4608","Quarterly QoQ %","التغير ربع السنوي على أساس ربعي (%)","qoq"
"544ccdcf-c80d-4bcf-2a4d-08ddb7179f3e","61db52da-e839-40a4-3e54-08ddb7179f33","43A29E53-13DF-477E-B993-DE5A423DAB99","Yearly YoY %","التغير السنوي على أساس سنوي (%)","yoy"
"4efc0a20-0840-4270-2a4e-08ddb7179f3e","d032d27f-d538-4da2-3e55-08ddb7179f33","43A29E53-13DF-477E-B993-DE5A423DAB99","Yearly YoY %","التغير السنوي على أساس سنوي (%)","yoy"
"37fe3c40-a585-4978-2a4f-08ddb7179f3e","c63a248e-8060-4845-3e56-08ddb7179f33","43A29E53-13DF-477E-B993-DE5A423DAB99","Yearly YoY %","التغير السنوي على أساس سنوي (%)","yoy"
"e40ea89d-f0c5-4a16-2a50-08ddb7179f3e","61f429d1-6c47-48ec-3e57-08ddb7179f33","43A29E53-13DF-477E-B993-DE5A423DAB99","Yearly YoY %","التغير السنوي على أساس سنوي (%)","yoy"
"76be6fa5-fb14-4db8-2a51-08ddb7179f3e","71f4a5b5-baea-4789-3e58-08ddb7179f33","43A29E53-13DF-477E-B993-DE5A423DAB99","Yearly YoY %","التغير السنوي على أساس سنوي (%)","yoy"
"d2d8776e-8c10-43f2-2a52-08ddb7179f3e","4861f716-4a3f-4304-3e59-08ddb7179f33","43A29E53-13DF-477E-B993-DE5A423DAB99","Yearly YoY %","التغير السنوي على أساس سنوي (%)","yoy"
"70ba4970-d414-495f-2a53-08ddb7179f3e","1a3c0f36-b514-4b19-3e5a-08ddb7179f33","43A29E53-13DF-477E-B993-DE5A423DAB99","Yearly YoY %","التغير السنوي على أساس سنوي (%)","yoy"
"3ad33ccc-bf9a-40e6-2a54-08ddb7179f3e","adb140b8-770f-4a34-3e5b-08ddb7179f33","43A29E53-13DF-477E-B993-DE5A423DAB99","Yearly YoY %","التغير السنوي على أساس سنوي (%)","yoy"
"5f89dba6-17dc-4cfa-2a55-08ddb7179f3e","934bc0c8-5780-46b8-3e5c-08ddb7179f33","43A29E53-13DF-477E-B993-DE5A423DAB99","Yearly YoY %","التغير السنوي على أساس سنوي (%)","yoy"
"ba3b20a6-da55-45b2-2a56-08ddb7179f3e","c9bfb3a0-2d3a-4895-3e5d-08ddb7179f33","43A29E53-13DF-477E-B993-DE5A423DAB99","Yearly YoY %","التغير السنوي على أساس سنوي (%)","yoy"
"12e28871-d191-46d6-2a57-08ddb7179f3e","c8b626a1-4f80-40ec-3e5e-08ddb7179f33","1A030A2F-9580-4F77-8A14-0ABFC76E4608","Quarterly QoQ %","التغير ربع السنوي على أساس ربعي (%)","qoq"
"bc7eb8f3-2f3e-44b3-2a5d-08ddb7179f3e","b92b131c-8a2e-49ef-3e64-08ddb7179f33","43A29E53-13DF-477E-B993-DE5A423DAB99","Yearly YoY %","التغير السنوي على أساس سنوي (%)","yoy"
"4f49b9da-2fe9-4b4b-2a5e-08ddb7179f3e","63073032-96e4-45fd-3e65-08ddb7179f33","43A29E53-13DF-477E-B993-DE5A423DAB99","Yearly YoY %","التغير السنوي على أساس سنوي (%)","yoy"
"29fd620d-dffc-465b-2a5f-08ddb7179f3e","0f4a1200-7f7b-4f67-3e66-08ddb7179f33","43A29E53-13DF-477E-B993-DE5A423DAB99","Yearly YoY %","التغير السنوي على أساس سنوي (%)","yoy"
"6e9cc2bb-5c73-47da-2a60-08ddb7179f3e","f53e6941-a46d-4142-3e67-08ddb7179f33","43A29E53-13DF-477E-B993-DE5A423DAB99","Yearly YoY %","التغير السنوي على أساس سنوي (%)","yoy"
"58a485c4-4f36-4299-2a61-08ddb7179f3e","19d55db8-34f1-4697-3e68-08ddb7179f33","43A29E53-13DF-477E-B993-DE5A423DAB99","Yearly YoY %","التغير السنوي على أساس سنوي (%)","yoy"
"774b61b2-2f64-477a-2a62-08ddb7179f3e","ba86d4e8-86df-4abf-3e69-08ddb7179f33","6ddcae37-696b-4346-bfe9-4404f72f63f4","Yearly YoY pp","التغير السنوي على أساس سنوي (نقطة مئوية)","yoypp"
"bd480049-4f56-469b-2a63-08ddb7179f3e","1c0c06df-a200-4826-3e6a-08ddb7179f33","43A29E53-13DF-477E-B993-DE5A423DAB99","Yearly YoY %","التغير السنوي على أساس سنوي (%)","yoy"
"3265a2ee-d159-4b34-2a64-08ddb7179f3e","9af398b9-ca7f-4451-3e6b-08ddb7179f33","43A29E53-13DF-477E-B993-DE5A423DAB99","Yearly YoY %","التغير السنوي على أساس سنوي (%)","yoy"
"dd446540-43a0-4b0d-2a65-08ddb7179f3e","e695ef47-c754-419c-3e6c-08ddb7179f33","43A29E53-13DF-477E-B993-DE5A423DAB99","Yearly YoY %","التغير السنوي على أساس سنوي (%)","yoy"
"1349bf14-534b-4713-2a66-08ddb7179f3e","45d63a3d-01cd-485d-3e6d-08ddb7179f33","43A29E53-13DF-477E-B993-DE5A423DAB99","Yearly YoY %","التغير السنوي على أساس سنوي (%)","yoy"
"89114ab1-0703-4c63-2a67-08ddb7179f3e","8822f966-05c2-417f-3e6e-08ddb7179f33","43A29E53-13DF-477E-B993-DE5A423DAB99","Yearly YoY %","التغير السنوي على أساس سنوي (%)","yoy"
"f0aa7ab0-541f-4eac-c668-08ddb722adc4","d2c4d177-bb12-4645-b53f-08ddb722adc3","1a030a2f-9580-4f77-8a14-0abfc76e4608","Quarterly QoQ %","التغير ربع السنوي على أساس ربعي (%)","qoq"
"d5b9d6bf-a136-4349-c669-08ddb722adc4","c3257c34-9cb4-41be-b540-08ddb722adc3","1a030a2f-9580-4f77-8a14-0abfc76e4608","Quarterly QoQ %","التغير ربع السنوي على أساس ربعي (%)","qoq"
"742fc447-c08f-4b80-c66f-08ddb722adc4","e8dde311-7c9b-4bec-b546-08ddb722adc3","43A29E53-13DF-477E-B993-DE5A423DAB99","Yearly YoY %","التغير السنوي على أساس سنوي (%)","yoy"
"258c5d38-0d0c-46bd-c671-08ddb722adc4","54259d3e-0236-495b-b548-08ddb722adc3","43A29E53-13DF-477E-B993-DE5A423DAB99","Yearly YoY %","التغير السنوي على أساس سنوي (%)","yoy"
"898de8a1-3c3c-4afb-c672-08ddb722adc4","b101ba8b-99ff-4118-b549-08ddb722adc3","1A030A2F-9580-4F77-8A14-0ABFC76E4608","Quarterly QoQ %","التغير ربع السنوي على أساس ربعي (%)","qoq"
"4b9b8cac-f6fb-4ad0-c673-08ddb722adc4","2eb9e540-a156-40b0-b54a-08ddb722adc3","1A030A2F-9580-4F77-8A14-0ABFC76E4608","Quarterly QoQ %","التغير ربع السنوي على أساس ربعي (%)","qoq"
"7b121008-725d-49fb-c684-08ddb722adc4","4621e313-d65e-460b-b55b-08ddb722adc3","43A29E53-13DF-477E-B993-DE5A423DAB99","Yearly YoY %","التغير السنوي على أساس سنوي (%)","yoy"
"9cf713be-02c1-41ef-c68b-08ddb722adc4","d721ff2f-6278-4b48-b562-08ddb722adc3","43A29E53-13DF-477E-B993-DE5A423DAB99","Yearly YoY %","التغير السنوي على أساس سنوي (%)","yoy"
"60541580-5b31-4400-c68c-08ddb722adc4","ce90f312-89d7-4642-b563-08ddb722adc3","43A29E53-13DF-477E-B993-DE5A423DAB99","Yearly YoY %","التغير السنوي على أساس سنوي (%)","yoy"
"b3891435-b9aa-43f8-c696-08ddb722adc4","9261cd38-6628-44b6-b56d-08ddb722adc3","43A29E53-13DF-477E-B993-DE5A423DAB99","Yearly YoY %","التغير السنوي على أساس سنوي (%)","yoy"
"77a1267e-cfd3-4612-c697-08ddb722adc4","d946e532-7a4a-465c-b56e-08ddb722adc3","43A29E53-13DF-477E-B993-DE5A423DAB99","Yearly YoY %","التغير السنوي على أساس سنوي (%)","yoy"
"300e666a-dec1-4764-c69b-08ddb722adc4","f726cf23-d70b-4f87-b572-08ddb722adc3","43A29E53-13DF-477E-B993-DE5A423DAB99","Yearly YoY %","التغير السنوي على أساس سنوي (%)","yoy"
"1ec24770-913a-4d88-c69c-08ddb722adc4","4cf28eb0-d3d3-436b-b573-08ddb722adc3","43A29E53-13DF-477E-B993-DE5A423DAB99","Yearly YoY %","التغير السنوي على أساس سنوي (%)","yoy"
"f8243a6f-dd92-4727-c69f-08ddb722adc4","298b09ad-4cf5-4503-b576-08ddb722adc3","43A29E53-13DF-477E-B993-DE5A423DAB99","Yearly YoY %","التغير السنوي على أساس سنوي (%)","yoy"
"44171559-e792-4beb-c6a0-08ddb722adc4","cb53f44c-8e81-4ba5-b577-08ddb722adc3","43A29E53-13DF-477E-B993-DE5A423DAB99","Yearly YoY %","التغير السنوي على أساس سنوي (%)","yoy"
"ae7ce06e-6127-494f-c6a1-08ddb722adc4","a90a3185-1ed5-4396-b578-08ddb722adc3","1A030A2F-9580-4F77-8A14-0ABFC76E4608","Quarterly QoQ %","التغير ربع السنوي على أساس ربعي (%)","qoq"
"27340cfc-d75f-4091-c6a2-08ddb722adc4","5be08e95-cf7e-47c4-b579-08ddb722adc3","43A29E53-13DF-477E-B993-DE5A423DAB99","Yearly YoY %","التغير السنوي على أساس سنوي (%)","yoy"
"bceb3daf-ec1e-492a-c6a3-08ddb722adc4","6b4f51a8-b0b2-43d6-b57a-08ddb722adc3","43A29E53-13DF-477E-B993-DE5A423DAB99","Yearly YoY %","التغير السنوي على أساس سنوي (%)","yoy"
"18c1c7fd-8bee-4662-c6a4-08ddb722adc4","c817263d-3a22-49fe-b57b-08ddb722adc3","43A29E53-13DF-477E-B993-DE5A423DAB99","Yearly YoY %","التغير السنوي على أساس سنوي (%)","yoy"
"b5447f84-cb45-4203-c6a5-08ddb722adc4","bfbb07cc-a75f-4f91-b57c-08ddb722adc3","43A29E53-13DF-477E-B993-DE5A423DAB99","Yearly YoY %","التغير السنوي على أساس سنوي (%)","yoy"
"d0ada681-c19b-47a0-c6a6-08ddb722adc4","5d6365ea-9a11-4e41-b57d-08ddb722adc3","1A030A2F-9580-4F77-8A14-0ABFC76E4608","Quarterly QoQ %","التغير ربع السنوي على أساس ربعي (%)","qoq"
"e5836ca5-e41e-49d1-c6a7-08ddb722adc4","b77d24f1-93ad-4fd0-b57e-08ddb722adc3","1A030A2F-9580-4F77-8A14-0ABFC76E4608","Quarterly QoQ %","التغير ربع السنوي على أساس ربعي (%)","qoq"
"d7c49680-8d24-486a-c6a8-08ddb722adc4","db238c93-c268-461a-b57f-08ddb722adc3","1A030A2F-9580-4F77-8A14-0ABFC76E4608","Quarterly QoQ %","التغير ربع السنوي على أساس ربعي (%)","qoq"
"e664da57-7649-48d7-c6a9-08ddb722adc4","d0666126-3e30-4ef0-b580-08ddb722adc3","1A030A2F-9580-4F77-8A14-0ABFC76E4608","Quarterly QoQ %","التغير ربع السنوي على أساس ربعي (%)","qoq"
"fc2b3b88-a0f8-4aa4-c6aa-08ddb722adc4","9a2d91c8-d4c0-431b-b581-08ddb722adc3","43A29E53-13DF-477E-B993-DE5A423DAB99","Yearly YoY %","التغير السنوي على أساس سنوي (%)","yoy"
"eff48bc2-a8d7-48bf-c6ab-08ddb722adc4","7a9043e0-0b8f-4939-b582-08ddb722adc3","43A29E53-13DF-477E-B993-DE5A423DAB99","Yearly YoY %","التغير السنوي على أساس سنوي (%)","yoy"
"2c8435f9-704f-418a-c6ac-08ddb722adc4","6fd24445-5619-4817-b583-08ddb722adc3","43A29E53-13DF-477E-B993-DE5A423DAB99","Yearly YoY %","التغير السنوي على أساس سنوي (%)","yoy"
"50843414-43fe-4520-c6ad-08ddb722adc4","e71f0d56-0ca7-4508-b584-08ddb722adc3","43A29E53-13DF-477E-B993-DE5A423DAB99","Yearly YoY %","التغير السنوي على أساس سنوي (%)","yoy"
"49114a33-0fef-4f2c-c6ae-08ddb722adc4","1bbcb6ff-813a-49de-b585-08ddb722adc3","43A29E53-13DF-477E-B993-DE5A423DAB99","Yearly YoY %","التغير السنوي على أساس سنوي (%)","yoy"
"2a961636-0cf8-49c5-c6af-08ddb722adc4","d631b600-dadb-4c6c-b586-08ddb722adc3","43A29E53-13DF-477E-B993-DE5A423DAB99","Yearly YoY %","التغير السنوي على أساس سنوي (%)","yoy"
"08bed81e-f613-4d67-c6b0-08ddb722adc4","5d4fc31b-01c2-48fb-b587-08ddb722adc3","43A29E53-13DF-477E-B993-DE5A423DAB99","Yearly YoY %","التغير السنوي على أساس سنوي (%)","yoy"
"825f74b2-d264-414d-c6b1-08ddb722adc4","c2967fd3-1266-4ced-b588-08ddb722adc3","43A29E53-13DF-477E-B993-DE5A423DAB99","Yearly YoY %","التغير السنوي على أساس سنوي (%)","yoy"
"cbb9168b-1010-478d-c6b2-08ddb722adc4","e09fd076-383b-490c-b589-08ddb722adc3","43A29E53-13DF-477E-B993-DE5A423DAB99","Yearly YoY %","التغير السنوي على أساس سنوي (%)","yoy"
"1bbae24a-8507-47d8-c6b3-08ddb722adc4","a7ebe308-044c-4dac-b58a-08ddb722adc3","43A29E53-13DF-477E-B993-DE5A423DAB99","Yearly YoY %","التغير السنوي على أساس سنوي (%)","yoy"
"9d61a2be-5671-4af2-c6b4-08ddb722adc4","1e2db018-2e23-49bc-b58b-08ddb722adc3","43A29E53-13DF-477E-B993-DE5A423DAB99","Yearly YoY %","التغير السنوي على أساس سنوي (%)","yoy"
"f4a9db70-9edf-4c8a-c6b5-08ddb722adc4","59f286b6-d682-4889-b58c-08ddb722adc3","43A29E53-13DF-477E-B993-DE5A423DAB99","Yearly YoY %","التغير السنوي على أساس سنوي (%)","yoy"
"f293a1ad-2e12-477c-abe2-08ddbd8c9c39","311f3407-e32c-4171-0464-08ddbd8c9c38","43a29e53-13df-477e-b993-de5a423dab99","Yearly YoY %","التغير السنوي على أساس سنوي (%)","yoy"
"6ba738b5-9f1d-4087-1834-08ddd8aaca13","b954a215-4527-47cf-13d6-08ddd8aaca12","43a29e53-13df-477e-b993-de5a423dab99","Yearly YoY %","التغير السنوي على أساس سنوي (%)","yoy"
"77d29162-4f43-4ec6-6065-08dddd5433d6","92aa796c-b5e1-4f57-a7e2-08dddd5433d4","1a030a2f-9580-4f77-8a14-0abfc76e4608","Quarterly QoQ %","التغير ربع السنوي على أساس ربعي (%)","qoq"
"77d29162-4f43-4ec6-6065-08dddd5433d6","92aa796c-b5e1-4f57-a7e2-08dddd5433d4","43a29e53-13df-477e-b993-de5a423dab99","Yearly YoY %","التغير السنوي على أساس سنوي (%)","yoy"
"77d29162-4f43-4ec6-6065-08dddd5433d6","92aa796c-b5e1-4f57-a7e2-08dddd5433d4","895ad713-de16-4568-9d8c-55a45a43cf36","Quarterly YoY %","التغير السنوي على أساس ربع سنوي (%)","yoy"
"7b596b8f-4cae-41cb-d13f-08dddd57848e","7ca07ae2-eec1-4ed0-c7ed-08dddd57848d","6ddcae37-696b-4346-bfe9-4404f72f63f4","Yearly YoY pp","التغير السنوي على أساس سنوي (نقطة مئوية)","yoypp"
"b7388bb9-b852-4d72-d142-08dddd57848e","b2720098-c079-4302-c7f0-08dddd57848d","43A29E53-13DF-477E-B993-DE5A423DAB99","Yearly YoY %","التغير السنوي على أساس سنوي (%)","yoy"
"84134f3c-5120-487b-9f65-08de096828d6","7dab8934-bec3-4a34-801d-08de096828d5","43a29e53-13df-477e-b993-de5a423dab99","Yearly YoY %","التغير السنوي على أساس سنوي (%)","yoy"
"d5a34e3f-dd5a-4f71-b329-08de268d1811","3cb9c41f-f061-4f05-f4aa-08de268d1810","43a29e53-13df-477e-b993-de5a423dab99","Yearly YoY %","التغير السنوي على أساس سنوي (%)","yoy"
"af470fac-9428-4a4f-00c8-08de2a61dd8b","af220032-2e2a-4521-d1eb-08de2a61dd80","1a030a2f-9580-4f77-8a14-0abfc76e4608","Quarterly QoQ %","التغير ربع السنوي على أساس ربعي (%)","qoq"
"af470fac-9428-4a4f-00c8-08de2a61dd8b","af220032-2e2a-4521-d1eb-08de2a61dd80","895ad713-de16-4568-9d8c-55a45a43cf36","Quarterly YoY %","التغير السنوي على أساس ربع سنوي (%)","yoy"
"a866a569-88b5-477d-b02d-08de34c3675c","a9d5aa30-94b9-4e6d-9425-08de34c3675b","6ddcae37-696b-4346-bfe9-4404f72f63f4","Yearly YoY pp","التغير السنوي على أساس سنوي (نقطة مئوية)","yoypp"
"5af1b684-cd0c-4a38-b02f-08de34c3675c","452b585c-af2e-4941-9427-08de34c3675b","1a030a2f-9580-4f77-8a14-0abfc76e4608","Quarterly QoQ %","التغير ربع السنوي على أساس ربعي (%)","qoq"
"5af1b684-cd0c-4a38-b02f-08de34c3675c","452b585c-af2e-4941-9427-08de34c3675b","895ad713-de16-4568-9d8c-55a45a43cf36","Quarterly YoY %","التغير السنوي على أساس ربع سنوي (%)","yoy"
"5ee868bd-f828-4c95-367e-08de3ade5904","87c2a5a9-f54f-49ff-7b82-08de3ade5903","43a29e53-13df-477e-b993-de5a423dab99","Yearly YoY %","التغير السنوي على أساس سنوي (%)","yoy"
"bdb46fdf-4761-4d5e-184f-08de5bf72337","2a3215db-daef-4634-56be-08de5bf72336","43a29e53-13df-477e-b993-de5a423dab99","Yearly YoY %","التغير السنوي على أساس سنوي (%)","yoy"
"ec7ddcd1-8280-47e8-8ae7-08de66e6ef18","8889b67b-664a-4680-8443-08de66e6ef17","43a29e53-13df-477e-b993-de5a423dab99","Yearly YoY %","التغير السنوي على أساس سنوي (%)","yoy"
"814441a0-e60a-4fba-fc88-08de6c80b448","c7e2aafd-6340-45d5-31d3-08de6c80b448","43a29e53-13df-477e-b993-de5a423dab99","Yearly YoY %","التغير السنوي على أساس سنوي (%)","yoy"
"9c1e1fad-b3fa-46e5-9048-08de737b95b2","11aea444-88e7-4169-c0fb-08de737b95b1","43A29E53-13DF-477E-B993-DE5A423DAB99","Yearly YoY %","التغير السنوي على أساس سنوي (%)","yoy"
"8c099013-8c66-41b2-519a-08de7446bf5b","e8b7aa3b-38aa-47b8-fe79-08de7446bf51","4ffffaf2-8058-41f2-8ff8-2e0160c4696b","Monthly MoM pp","التغير الشهري على أساس شهري (نقطة مئوية)","mompp"
"8c099013-8c66-41b2-519a-08de7446bf5b","e8b7aa3b-38aa-47b8-fe79-08de7446bf51","4d009fc3-b909-40b9-9e2b-a53422837085","Monthly YoY pp","التغير السنوي على أساس شهري (نقطة مئوية)","yoypp"
"ec379654-0021-45ad-6081-08de8e443778","bc9e6227-a2fa-4f6d-ac77-08de8e443777","1a030a2f-9580-4f77-8a14-0abfc76e4608","Quarterly QoQ %","التغير ربع السنوي على أساس ربعي (%)","qoq"
"ec379654-0021-45ad-6081-08de8e443778","bc9e6227-a2fa-4f6d-ac77-08de8e443777","895ad713-de16-4568-9d8c-55a45a43cf36","Quarterly YoY %","التغير السنوي على أساس ربع سنوي (%)","yoy"
"ec379654-0021-45ad-6081-08de8e443778","bc9e6227-a2fa-4f6d-ac77-08de8e443777","43a29e53-13df-477e-b993-de5a423dab99","Yearly YoY %","التغير السنوي على أساس سنوي (%)","yoy"
"13fa1462-bdea-42aa-4a36-08de9e04ed96","d9eed3fe-a269-4d96-6897-08de9e04ed95","43a29e53-13df-477e-b993-de5a423dab99","Yearly YoY %","التغير السنوي على أساس سنوي (%)","yoy"
"5920f1d1-7650-4e7a-f635-08de9e09a550","ed390c3c-ac6f-470e-7a74-08de9e09a550","7ec8402a-0673-4417-b935-502ff2145f10","Monthly MoM %","التغير الشهري على أساس شهري (%)","mom"
"2c4bd988-446c-4638-f636-08de9e09a550","9b07fcb5-2cff-44c4-7a75-08de9e09a550","1a030a2f-9580-4f77-8a14-0abfc76e4608","Quarterly QoQ %","التغير ربع السنوي على أساس ربعي (%)","qoq"
"2c4bd988-446c-4638-f636-08de9e09a550","9b07fcb5-2cff-44c4-7a75-08de9e09a550","895ad713-de16-4568-9d8c-55a45a43cf36","Quarterly YoY %","التغير السنوي على أساس ربع سنوي (%)","yoy"
"2c4bd988-446c-4638-f636-08de9e09a550","9b07fcb5-2cff-44c4-7a75-08de9e09a550","43a29e53-13df-477e-b993-de5a423dab99","Yearly YoY %","التغير السنوي على أساس سنوي (%)","yoy"
"34d6f834-1cfd-4614-eb13-08dea2214fb2","fbb1dabc-773e-4855-742f-08dea2214fb2","1a030a2f-9580-4f77-8a14-0abfc76e4608","Quarterly QoQ %","التغير ربع السنوي على أساس ربعي (%)","qoq"
"34d6f834-1cfd-4614-eb13-08dea2214fb2","fbb1dabc-773e-4855-742f-08dea2214fb2","895ad713-de16-4568-9d8c-55a45a43cf36","Quarterly YoY %","التغير السنوي على أساس ربع سنوي (%)","yoy"
"34d6f834-1cfd-4614-eb13-08dea2214fb2","fbb1dabc-773e-4855-742f-08dea2214fb2","43a29e53-13df-477e-b993-de5a423dab99","Yearly YoY %","التغير السنوي على أساس سنوي (%)","yoy"
"a18b36ad-6a39-46ae-6355-08dea2389ab0","48906d7c-2b2c-42bd-f10c-08dea2389aaf","1a030a2f-9580-4f77-8a14-0abfc76e4608","Quarterly QoQ %","التغير ربع السنوي على أساس ربعي (%)","qoq"
"a18b36ad-6a39-46ae-6355-08dea2389ab0","48906d7c-2b2c-42bd-f10c-08dea2389aaf","895ad713-de16-4568-9d8c-55a45a43cf36","Quarterly YoY %","التغير السنوي على أساس ربع سنوي (%)","yoy"
"a18b36ad-6a39-46ae-6355-08dea2389ab0","48906d7c-2b2c-42bd-f10c-08dea2389aaf","43a29e53-13df-477e-b993-de5a423dab99","Yearly YoY %","التغير السنوي على أساس سنوي (%)","yoy"
"cc1cf571-7aa2-4ae1-51b4-08dea8e8edb5","5391471d-5db8-4e20-8a53-08dea8e8edb0","64528862-35bc-44d7-b4dc-8d8c1cdff3be","Quarterly QoQ pp","التغير ربع السنوي على أساس ربعي (نقطة مئوية)","qoqpp"
"c30e64fa-f36e-4b80-51c3-08dea8e8edb5","38bb0719-b784-4ccb-8a62-08dea8e8edb0","64528862-35bc-44d7-b4dc-8d8c1cdff3be","Quarterly QoQ pp","التغير ربع السنوي على أساس ربعي (نقطة مئوية)","qoqpp"
"c30e64fa-f36e-4b80-51c3-08dea8e8edb5","38bb0719-b784-4ccb-8a62-08dea8e8edb0","936fefe4-aa57-4b40-8f68-995afbdae714","Quarterly YoY pp","التغير السنوي على أساس ربع سنوي (نقطة مئوية)","yoypp"
"c30e64fa-f36e-4b80-51c3-08dea8e8edb5","38bb0719-b784-4ccb-8a62-08dea8e8edb0","6ddcae37-696b-4346-bfe9-4404f72f63f4","Yearly YoY pp","التغير السنوي على أساس سنوي (نقطة مئوية)","yoypp"
"4a2a395e-9bfa-4fef-51c5-08dea8e8edb5","10e4668d-b127-41eb-8a64-08dea8e8edb0","64528862-35bc-44d7-b4dc-8d8c1cdff3be","Quarterly QoQ pp","التغير ربع السنوي على أساس ربعي (نقطة مئوية)","qoqpp"
"4a2a395e-9bfa-4fef-51c5-08dea8e8edb5","10e4668d-b127-41eb-8a64-08dea8e8edb0","6ddcae37-696b-4346-bfe9-4404f72f63f4","Yearly YoY pp","التغير السنوي على أساس سنوي (نقطة مئوية)","yoypp"
"4a2a395e-9bfa-4fef-51c5-08dea8e8edb5","10e4668d-b127-41eb-8a64-08dea8e8edb0","936fefe4-aa57-4b40-8f68-995afbdae714","Quarterly YoY pp","التغير السنوي على أساس ربع سنوي (نقطة مئوية)","yoypp"
"3784be4a-51f9-4563-99a4-08deb3df601b","d7b556c3-8765-45ae-e336-08deb3df601a","1a030a2f-9580-4f77-8a14-0abfc76e4608","Quarterly QoQ %","التغير ربع السنوي على أساس ربعي (%)","qoq"
"3784be4a-51f9-4563-99a4-08deb3df601b","d7b556c3-8765-45ae-e336-08deb3df601a","895ad713-de16-4568-9d8c-55a45a43cf36","Quarterly YoY %","التغير السنوي على أساس ربع سنوي (%)","yoy"
"3784be4a-51f9-4563-99a4-08deb3df601b","d7b556c3-8765-45ae-e336-08deb3df601a","43a29e53-13df-477e-b993-de5a423dab99","Yearly YoY %","التغير السنوي على أساس سنوي (%)","yoy"
"db763b3b-21b7-437f-99a6-08deb3df601b","2a129acb-a3cd-41ea-e338-08deb3df601a","43a29e53-13df-477e-b993-de5a423dab99","Yearly YoY %","التغير السنوي على أساس سنوي (%)","yoy"
"547c5d50-1458-454a-99ad-08deb3df601b","efaa43e4-e034-4297-e33f-08deb3df601a","6ddcae37-696b-4346-bfe9-4404f72f63f4","Yearly YoY pp","التغير السنوي على أساس سنوي (نقطة مئوية)","yoypp"
"93a46c8c-55d4-4853-5731-08deb3ea9ade","88b5dbfb-cfbd-4f0b-d61f-08deb3ea9ad6","43a29e53-13df-477e-b993-de5a423dab99","Yearly YoY %","التغير السنوي على أساس سنوي (%)","yoy"
"3acb47b7-1b8e-491e-a2d2-08deb9658cc0","696c81d9-3d16-419d-23c8-08deb9658cc0","43a29e53-13df-477e-b993-de5a423dab99","Yearly YoY %","التغير السنوي على أساس سنوي (%)","yoy"
"3acb47b7-1b8e-491e-a2d2-08deb9658cc0","696c81d9-3d16-419d-23c8-08deb9658cc0","1a030a2f-9580-4f77-8a14-0abfc76e4608","Quarterly QoQ %","التغير ربع السنوي على أساس ربعي (%)","qoq"
"fe4aaceb-db5b-475d-a2d4-08deb9658cc0","7d9f00cc-54cf-48cc-23ca-08deb9658cc0","6ddcae37-696b-4346-bfe9-4404f72f63f4","Yearly YoY pp","التغير السنوي على أساس سنوي (نقطة مئوية)","yoypp"
"8d8f16d5-46f8-4191-a2d5-08deb9658cc0","8a3ddcb1-c262-4cea-23cb-08deb9658cc0","7ec8402a-0673-4417-b935-502ff2145f10","Monthly MoM %","التغير الشهري على أساس شهري (%)","mom"
"8d8f16d5-46f8-4191-a2d5-08deb9658cc0","8a3ddcb1-c262-4cea-23cb-08deb9658cc0","7ecedd34-9a38-41e6-b78e-3c4bd52debd6","Monthly YoY %","التغير السنوي على أساس شهري (%)","yoy"
"8d8f16d5-46f8-4191-a2d5-08deb9658cc0","8a3ddcb1-c262-4cea-23cb-08deb9658cc0","1a030a2f-9580-4f77-8a14-0abfc76e4608","Quarterly QoQ %","التغير ربع السنوي على أساس ربعي (%)","qoq"
"8d8f16d5-46f8-4191-a2d5-08deb9658cc0","8a3ddcb1-c262-4cea-23cb-08deb9658cc0","895ad713-de16-4568-9d8c-55a45a43cf36","Quarterly YoY %","التغير السنوي على أساس ربع سنوي (%)","yoy"
"8d8f16d5-46f8-4191-a2d5-08deb9658cc0","8a3ddcb1-c262-4cea-23cb-08deb9658cc0","43a29e53-13df-477e-b993-de5a423dab99","Yearly YoY %","التغير السنوي على أساس سنوي (%)","yoy"
"21f05cee-a04c-438c-a2d6-08deb9658cc0","3e141fda-3e1d-4355-23cc-08deb9658cc0","7ec8402a-0673-4417-b935-502ff2145f10","Monthly MoM %","التغير الشهري على أساس شهري (%)","mom"
"21f05cee-a04c-438c-a2d6-08deb9658cc0","3e141fda-3e1d-4355-23cc-08deb9658cc0","1a030a2f-9580-4f77-8a14-0abfc76e4608","Quarterly QoQ %","التغير ربع السنوي على أساس ربعي (%)","qoq"
"21f05cee-a04c-438c-a2d6-08deb9658cc0","3e141fda-3e1d-4355-23cc-08deb9658cc0","43a29e53-13df-477e-b993-de5a423dab99","Yearly YoY %","التغير السنوي على أساس سنوي (%)","yoy"
"21f05cee-a04c-438c-a2d6-08deb9658cc0","3e141fda-3e1d-4355-23cc-08deb9658cc0","7ecedd34-9a38-41e6-b78e-3c4bd52debd6","Monthly YoY %","التغير السنوي على أساس شهري (%)","yoy"
"21f05cee-a04c-438c-a2d6-08deb9658cc0","3e141fda-3e1d-4355-23cc-08deb9658cc0","895ad713-de16-4568-9d8c-55a45a43cf36","Quarterly YoY %","التغير السنوي على أساس ربع سنوي (%)","yoy"
"a03111b6-bdcd-40e7-a2d8-08deb9658cc0","bc645899-8766-4c2c-23ce-08deb9658cc0","7ec8402a-0673-4417-b935-502ff2145f10","Monthly MoM %","التغير الشهري على أساس شهري (%)","mom"
"a03111b6-bdcd-40e7-a2d8-08deb9658cc0","bc645899-8766-4c2c-23ce-08deb9658cc0","7ecedd34-9a38-41e6-b78e-3c4bd52debd6","Monthly YoY %","التغير السنوي على أساس شهري (%)","yoy"
"83252464-d65c-47c8-a2d9-08deb9658cc0","5e2b1deb-f90b-4d8a-23cf-08deb9658cc0","1a030a2f-9580-4f77-8a14-0abfc76e4608","Quarterly QoQ %","التغير ربع السنوي على أساس ربعي (%)","qoq"
"83252464-d65c-47c8-a2d9-08deb9658cc0","5e2b1deb-f90b-4d8a-23cf-08deb9658cc0","895ad713-de16-4568-9d8c-55a45a43cf36","Quarterly YoY %","التغير السنوي على أساس ربع سنوي (%)","yoy"
"83252464-d65c-47c8-a2d9-08deb9658cc0","5e2b1deb-f90b-4d8a-23cf-08deb9658cc0","43a29e53-13df-477e-b993-de5a423dab99","Yearly YoY %","التغير السنوي على أساس سنوي (%)","yoy"
"64342d64-6f12-46b6-6fbc-08deb966925f","86b1f4d0-454c-460b-ff6e-08deb966925e","7ec8402a-0673-4417-b935-502ff2145f10","Monthly MoM %","التغير الشهري على أساس شهري (%)","mom"
"64342d64-6f12-46b6-6fbc-08deb966925f","86b1f4d0-454c-460b-ff6e-08deb966925e","7ecedd34-9a38-41e6-b78e-3c4bd52debd6","Monthly YoY %","التغير السنوي على أساس شهري (%)","yoy"
"64342d64-6f12-46b6-6fbc-08deb966925f","86b1f4d0-454c-460b-ff6e-08deb966925e","1a030a2f-9580-4f77-8a14-0abfc76e4608","Quarterly QoQ %","التغير ربع السنوي على أساس ربعي (%)","qoq"
"64342d64-6f12-46b6-6fbc-08deb966925f","86b1f4d0-454c-460b-ff6e-08deb966925e","895ad713-de16-4568-9d8c-55a45a43cf36","Quarterly YoY %","التغير السنوي على أساس ربع سنوي (%)","yoy"
"64342d64-6f12-46b6-6fbc-08deb966925f","86b1f4d0-454c-460b-ff6e-08deb966925e","43a29e53-13df-477e-b993-de5a423dab99","Yearly YoY %","التغير السنوي على أساس سنوي (%)","yoy"
"b4cfca62-b234-4813-6fbd-08deb966925f","abcf9092-a2e6-4b5b-ff6f-08deb966925e","7ec8402a-0673-4417-b935-502ff2145f10","Monthly MoM %","التغير الشهري على أساس شهري (%)","mom"
"b4cfca62-b234-4813-6fbd-08deb966925f","abcf9092-a2e6-4b5b-ff6f-08deb966925e","7ecedd34-9a38-41e6-b78e-3c4bd52debd6","Monthly YoY %","التغير السنوي على أساس شهري (%)","yoy"
"b4cfca62-b234-4813-6fbd-08deb966925f","abcf9092-a2e6-4b5b-ff6f-08deb966925e","1a030a2f-9580-4f77-8a14-0abfc76e4608","Quarterly QoQ %","التغير ربع السنوي على أساس ربعي (%)","qoq"
"b4cfca62-b234-4813-6fbd-08deb966925f","abcf9092-a2e6-4b5b-ff6f-08deb966925e","895ad713-de16-4568-9d8c-55a45a43cf36","Quarterly YoY %","التغير السنوي على أساس ربع سنوي (%)","yoy"
"b4cfca62-b234-4813-6fbd-08deb966925f","abcf9092-a2e6-4b5b-ff6f-08deb966925e","43a29e53-13df-477e-b993-de5a423dab99","Yearly YoY %","التغير السنوي على أساس سنوي (%)","yoy"
"c38ea026-56dd-4c36-6fbe-08deb966925f","2edd52f8-2cf0-492a-ff70-08deb966925e","7ec8402a-0673-4417-b935-502ff2145f10","Monthly MoM %","التغير الشهري على أساس شهري (%)","mom"
"af52a70d-311d-490e-b2f8-08debee63650","f10efb73-ea8f-49a8-dfd3-08debee6364f","6ddcae37-696b-4346-bfe9-4404f72f63f4","Yearly YoY pp","التغير السنوي على أساس سنوي (نقطة مئوية)","yoypp"
"1536ef93-609d-4fb6-b2fe-08debee63650","26384945-9579-4e96-dfd9-08debee6364f","1a030a2f-9580-4f77-8a14-0abfc76e4608","Quarterly QoQ %","التغير ربع السنوي على أساس ربعي (%)","qoq"
"742cc876-c792-4597-574f-08dec461c23c","edde655f-0d43-4a62-980c-08dec461c232","1a030a2f-9580-4f77-8a14-0abfc76e4608","Quarterly QoQ %","التغير ربع السنوي على أساس ربعي (%)","qoq"
"b2631485-f83f-4f37-5750-08dec461c23c","56334e27-e32b-4163-980d-08dec461c232","43a29e53-13df-477e-b993-de5a423dab99","Yearly YoY %","التغير السنوي على أساس سنوي (%)","yoy"
"b9d39322-db1e-4dac-5751-08dec461c23c","e2f78287-077e-48ee-980e-08dec461c232","43A29E53-13DF-477E-B993-DE5A423DAB99","Yearly YoY %","التغير السنوي على أساس سنوي (%)","yoy"
"2cab8f37-0bfd-4c61-5753-08dec461c23c","6bb667c0-4287-4db5-9810-08dec461c232","43A29E53-13DF-477E-B993-DE5A423DAB99","Yearly YoY %","التغير السنوي على أساس سنوي (%)","yoy"
"4ae85aa0-350f-4eb8-5754-08dec461c23c","6ed25ef1-d1c4-4c93-9811-08dec461c232","43A29E53-13DF-477E-B993-DE5A423DAB99","Yearly YoY %","التغير السنوي على أساس سنوي (%)","yoy"
"e43175bb-6d52-4823-575c-08dec461c23c","e6478631-ea19-49ce-9819-08dec461c232","43a29e53-13df-477e-b993-de5a423dab99","Yearly YoY %","التغير السنوي على أساس سنوي (%)","yoy"
"1f4c82ff-2de3-4cb6-575d-08dec461c23c","db70b0f9-0325-44f2-981a-08dec461c232","43a29e53-13df-477e-b993-de5a423dab99","Yearly YoY %","التغير السنوي على أساس سنوي (%)","yoy"
"b4f0dbaa-ff30-43b8-575e-08dec461c23c","a575f11f-9184-43d3-981b-08dec461c232","1a030a2f-9580-4f77-8a14-0abfc76e4608","Quarterly QoQ %","التغير ربع السنوي على أساس ربعي (%)","qoq"
"b4f0dbaa-ff30-43b8-575e-08dec461c23c","a575f11f-9184-43d3-981b-08dec461c232","895ad713-de16-4568-9d8c-55a45a43cf36","Quarterly YoY %","التغير السنوي على أساس ربع سنوي (%)","yoy"
"ea6ee33b-4e8c-462e-575f-08dec461c23c","225aa6f6-56e3-497b-981c-08dec461c232","6ddcae37-696b-4346-bfe9-4404f72f63f4","Yearly YoY pp","التغير السنوي على أساس سنوي (نقطة مئوية)","yoypp"
"6c2f7e76-da37-4929-5760-08dec461c23c","774f3591-1aca-43fc-981d-08dec461c232","1a030a2f-9580-4f77-8a14-0abfc76e4608","Quarterly QoQ %","التغير ربع السنوي على أساس ربعي (%)","qoq"
"6c2f7e76-da37-4929-5760-08dec461c23c","774f3591-1aca-43fc-981d-08dec461c232","895ad713-de16-4568-9d8c-55a45a43cf36","Quarterly YoY %","التغير السنوي على أساس ربع سنوي (%)","yoy"
"6c2f7e76-da37-4929-5760-08dec461c23c","774f3591-1aca-43fc-981d-08dec461c232","43a29e53-13df-477e-b993-de5a423dab99","Yearly YoY %","التغير السنوي على أساس سنوي (%)","yoy"
"7c278a64-b08c-4024-5762-08dec461c23c","ba18197c-7b0a-454a-981f-08dec461c232","43a29e53-13df-477e-b993-de5a423dab99","Yearly YoY %","التغير السنوي على أساس سنوي (%)","yoy"
"0a1ac3a6-da3a-4f67-5763-08dec461c23c","5c9c8cbf-0a81-41fe-9820-08dec461c232","1a030a2f-9580-4f77-8a14-0abfc76e4608","Quarterly QoQ %","التغير ربع السنوي على أساس ربعي (%)","qoq"
"88795205-ac92-43d7-5764-08dec461c23c","9877beae-0c69-41b0-9821-08dec461c232","64528862-35bc-44d7-b4dc-8d8c1cdff3be","Quarterly QoQ pp","التغير ربع السنوي على أساس ربعي (نقطة مئوية)","qoqpp"
"88795205-ac92-43d7-5764-08dec461c23c","9877beae-0c69-41b0-9821-08dec461c232","936fefe4-aa57-4b40-8f68-995afbdae714","Quarterly YoY pp","التغير السنوي على أساس ربع سنوي (نقطة مئوية)","yoypp"
"88795205-ac92-43d7-5764-08dec461c23c","9877beae-0c69-41b0-9821-08dec461c232","6ddcae37-696b-4346-bfe9-4404f72f63f4","Yearly YoY pp","التغير السنوي على أساس سنوي (نقطة مئوية)","yoypp"
"b7360b8a-6620-44d1-5766-08dec461c23c","b05f6bd5-256d-4940-9823-08dec461c232","43a29e53-13df-477e-b993-de5a423dab99","Yearly YoY %","التغير السنوي على أساس سنوي (%)","yoy"
"504d9ae6-8086-4725-5767-08dec461c23c","3b7d26fa-9bed-4f0c-9824-08dec461c232","43a29e53-13df-477e-b993-de5a423dab99","Yearly YoY %","التغير السنوي على أساس سنوي (%)","yoy"
"97a18e78-e144-40a5-5769-08dec461c23c","4f91e1dd-ba9f-4d46-9826-08dec461c232","6ddcae37-696b-4346-bfe9-4404f72f63f4","Yearly YoY pp","التغير السنوي على أساس سنوي (نقطة مئوية)","yoypp"
"c85bf663-f54a-43c0-576a-08dec461c23c","4156ff1a-bda7-44e7-9827-08dec461c232","43a29e53-13df-477e-b993-de5a423dab99","Yearly YoY %","التغير السنوي على أساس سنوي (%)","yoy"
"9e3d0cf2-d953-4e60-5774-08dec461c23c","4f9134c3-4745-4447-9831-08dec461c232","6ddcae37-696b-4346-bfe9-4404f72f63f4","Yearly YoY pp","التغير السنوي على أساس سنوي (نقطة مئوية)","yoypp"
"d2de0de8-886b-47b9-5775-08dec461c23c","fe118e23-ca38-4822-9832-08dec461c232","43a29e53-13df-477e-b993-de5a423dab99","Yearly YoY %","التغير السنوي على أساس سنوي (%)","yoy"
"04ac7cd1-21c5-46c6-5776-08dec461c23c","0c2adf88-a3ed-4cc0-9833-08dec461c232","6ddcae37-696b-4346-bfe9-4404f72f63f4","Yearly YoY pp","التغير السنوي على أساس سنوي (نقطة مئوية)","yoypp"
"8f121879-6846-4795-5778-08dec461c23c","a598da16-09c2-43c4-9835-08dec461c232","1a030a2f-9580-4f77-8a14-0abfc76e4608","Quarterly QoQ %","التغير ربع السنوي على أساس ربعي (%)","qoq"
"8f121879-6846-4795-5778-08dec461c23c","a598da16-09c2-43c4-9835-08dec461c232","895ad713-de16-4568-9d8c-55a45a43cf36","Quarterly YoY %","التغير السنوي على أساس ربع سنوي (%)","yoy"
"8f121879-6846-4795-5778-08dec461c23c","a598da16-09c2-43c4-9835-08dec461c232","43a29e53-13df-477e-b993-de5a423dab99","Yearly YoY %","التغير السنوي على أساس سنوي (%)","yoy"
"59deb272-2439-4f5d-5779-08dec461c23c","b5ade6c5-419c-4b5f-9836-08dec461c232","43a29e53-13df-477e-b993-de5a423dab99","Yearly YoY %","التغير السنوي على أساس سنوي (%)","yoy"
"152b89ed-f01a-4f6e-577a-08dec461c23c","e641b12b-e4d1-47ab-9837-08dec461c232","43a29e53-13df-477e-b993-de5a423dab99","Yearly YoY %","التغير السنوي على أساس سنوي (%)","yoy"
"bfd025f8-7808-49df-577b-08dec461c23c","5c5f7cbe-766d-43ec-9838-08dec461c232","1a030a2f-9580-4f77-8a14-0abfc76e4608","Quarterly QoQ %","التغير ربع السنوي على أساس ربعي (%)","qoq"
"8dd9134a-b929-4ebd-577c-08dec461c23c","df817187-b7f9-4564-9839-08dec461c232","43a29e53-13df-477e-b993-de5a423dab99","Yearly YoY %","التغير السنوي على أساس سنوي (%)","yoy"
"7767ca0f-07dc-42cd-577d-08dec461c23c","8237bfca-5944-4723-983a-08dec461c232","7ec8402a-0673-4417-b935-502ff2145f10","Monthly MoM %","التغير الشهري على أساس شهري (%)","mom"
"f7bd2936-dbc5-45fe-577e-08dec461c23c","c808315b-a4f3-4f8e-983b-08dec461c232","7ec8402a-0673-4417-b935-502ff2145f10","Monthly MoM %","التغير الشهري على أساس شهري (%)","mom"
"49014163-bb56-4953-577f-08dec461c23c","a0089110-7044-43a4-983c-08dec461c232","7ec8402a-0673-4417-b935-502ff2145f10","Monthly MoM %","التغير الشهري على أساس شهري (%)","mom"
"3b84fa2b-1092-4fe0-5780-08dec461c23c","cfbc3145-b350-480b-983d-08dec461c232","6ddcae37-696b-4346-bfe9-4404f72f63f4","Yearly YoY pp","التغير السنوي على أساس سنوي (نقطة مئوية)","yoypp"
"91be9547-0828-457c-5781-08dec461c23c","86cbbcb4-a2f2-4ae7-983e-08dec461c232","43a29e53-13df-477e-b993-de5a423dab99","Yearly YoY %","التغير السنوي على أساس سنوي (%)","yoy"
"63b4d2d8-2971-4c7f-5782-08dec461c23c","94900167-3d2b-4f52-983f-08dec461c232","43a29e53-13df-477e-b993-de5a423dab99","Yearly YoY %","التغير السنوي على أساس سنوي (%)","yoy"
"3b000c1c-34e4-4b55-5784-08dec461c23c","77bb033c-e866-42b2-9841-08dec461c232","1a030a2f-9580-4f77-8a14-0abfc76e4608","Quarterly QoQ %","التغير ربع السنوي على أساس ربعي (%)","qoq"
"3b000c1c-34e4-4b55-5784-08dec461c23c","77bb033c-e866-42b2-9841-08dec461c232","895ad713-de16-4568-9d8c-55a45a43cf36","Quarterly YoY %","التغير السنوي على أساس ربع سنوي (%)","yoy"
"3b000c1c-34e4-4b55-5784-08dec461c23c","77bb033c-e866-42b2-9841-08dec461c232","43a29e53-13df-477e-b993-de5a423dab99","Yearly YoY %","التغير السنوي على أساس سنوي (%)","yoy"
"10c26b56-5b2c-4399-5785-08dec461c23c","fef5502f-a93e-4cf8-9842-08dec461c232","1a030a2f-9580-4f77-8a14-0abfc76e4608","Quarterly QoQ %","التغير ربع السنوي على أساس ربعي (%)","qoq"
"10c26b56-5b2c-4399-5785-08dec461c23c","fef5502f-a93e-4cf8-9842-08dec461c232","895ad713-de16-4568-9d8c-55a45a43cf36","Quarterly YoY %","التغير السنوي على أساس ربع سنوي (%)","yoy"
"348df75a-95b9-483d-5786-08dec461c23c","78356970-e976-4aba-9843-08dec461c232","43a29e53-13df-477e-b993-de5a423dab99","Yearly YoY %","التغير السنوي على أساس سنوي (%)","yoy"
"fd487ab5-c6d0-477b-5787-08dec461c23c","fb62d5b6-f515-40e2-9844-08dec461c232","43a29e53-13df-477e-b993-de5a423dab99","Yearly YoY %","التغير السنوي على أساس سنوي (%)","yoy"
"52e5bca0-4fde-4730-578c-08dec461c23c","5fad875e-7c72-43d4-9849-08dec461c232","64528862-35bc-44d7-b4dc-8d8c1cdff3be","Quarterly QoQ pp","التغير ربع السنوي على أساس ربعي (نقطة مئوية)","qoqpp"
"52e5bca0-4fde-4730-578c-08dec461c23c","5fad875e-7c72-43d4-9849-08dec461c232","936fefe4-aa57-4b40-8f68-995afbdae714","Quarterly YoY pp","التغير السنوي على أساس ربع سنوي (نقطة مئوية)","yoypp"
"52e5bca0-4fde-4730-578c-08dec461c23c","5fad875e-7c72-43d4-9849-08dec461c232","6ddcae37-696b-4346-bfe9-4404f72f63f4","Yearly YoY pp","التغير السنوي على أساس سنوي (نقطة مئوية)","yoypp"
"e22a22e3-6a41-44d3-5793-08dec461c23c","5fab87f3-d983-46d4-9850-08dec461c232","64528862-35bc-44d7-b4dc-8d8c1cdff3be","Quarterly QoQ pp","التغير ربع السنوي على أساس ربعي (نقطة مئوية)","qoqpp"
"1435e9d0-864d-483b-63d5-08dec462e126","f0c369a6-468a-4ebc-00d1-08dec462e11d","43a29e53-13df-477e-b993-de5a423dab99","Yearly YoY %","التغير السنوي على أساس سنوي (%)","yoy"
"4ad3f162-f422-4018-63d6-08dec462e126","f8a7c25c-ab6b-4c5d-00d2-08dec462e11d","43A29E53-13DF-477E-B993-DE5A423DAB99","Yearly YoY %","التغير السنوي على أساس سنوي (%)","yoy"
"c082f44e-9954-4b45-63d7-08dec462e126","9f8975c5-215a-4533-00d3-08dec462e11d","43A29E53-13DF-477E-B993-DE5A423DAB99","Yearly YoY %","التغير السنوي على أساس سنوي (%)","yoy"
"d94db985-715f-4f43-63d8-08dec462e126","2d6acf61-cf68-4f92-00d4-08dec462e11d","1a030a2f-9580-4f77-8a14-0abfc76e4608","Quarterly QoQ %","التغير ربع السنوي على أساس ربعي (%)","qoq"
"d94db985-715f-4f43-63d8-08dec462e126","2d6acf61-cf68-4f92-00d4-08dec462e11d","895ad713-de16-4568-9d8c-55a45a43cf36","Quarterly YoY %","التغير السنوي على أساس ربع سنوي (%)","yoy"
"d94db985-715f-4f43-63d8-08dec462e126","2d6acf61-cf68-4f92-00d4-08dec462e11d","43a29e53-13df-477e-b993-de5a423dab99","Yearly YoY %","التغير السنوي على أساس سنوي (%)","yoy"
"28976195-bafd-404a-5586-08decabb6cc3","32bb4d16-587b-4c9a-c6c9-08decabb6cc2","6ddcae37-696b-4346-bfe9-4404f72f63f4","Yearly YoY pp","التغير السنوي على أساس سنوي (نقطة مئوية)","yoypp"
"efb949cb-f7ab-4d86-e53b-08decfcf5819","3a1df49d-ed50-444c-16f3-08decfcf5819","1a030a2f-9580-4f77-8a14-0abfc76e4608","Quarterly QoQ %","التغير ربع السنوي على أساس ربعي (%)","qoq"
"efb949cb-f7ab-4d86-e53b-08decfcf5819","3a1df49d-ed50-444c-16f3-08decfcf5819","895ad713-de16-4568-9d8c-55a45a43cf36","Quarterly YoY %","التغير السنوي على أساس ربع سنوي (%)","yoy"
"efb949cb-f7ab-4d86-e53b-08decfcf5819","3a1df49d-ed50-444c-16f3-08decfcf5819","43a29e53-13df-477e-b993-de5a423dab99","Yearly YoY %","التغير السنوي على أساس سنوي (%)","yoy"
"bef2711d-67ec-4e9d-e53c-08decfcf5819","4cc09467-f0d6-435c-16f4-08decfcf5819","1a030a2f-9580-4f77-8a14-0abfc76e4608","Quarterly QoQ %","التغير ربع السنوي على أساس ربعي (%)","qoq"
"bef2711d-67ec-4e9d-e53c-08decfcf5819","4cc09467-f0d6-435c-16f4-08decfcf5819","895ad713-de16-4568-9d8c-55a45a43cf36","Quarterly YoY %","التغير السنوي على أساس ربع سنوي (%)","yoy"
"26bd2682-ea49-411d-e53d-08decfcf5819","af7b505f-f7e9-43f1-16f5-08decfcf5819","43a29e53-13df-477e-b993-de5a423dab99","Yearly YoY %","التغير السنوي على أساس سنوي (%)","yoy"
"08189f0c-4e08-48a4-a1b5-08ded4dc1596","9c037f4d-5d9a-4e73-66e2-08ded4dc1595","1a030a2f-9580-4f77-8a14-0abfc76e4608","Quarterly QoQ %","التغير ربع السنوي على أساس ربعي (%)","qoq"
"08189f0c-4e08-48a4-a1b5-08ded4dc1596","9c037f4d-5d9a-4e73-66e2-08ded4dc1595","895ad713-de16-4568-9d8c-55a45a43cf36","Quarterly YoY %","التغير السنوي على أساس ربع سنوي (%)","yoy"
"5a4ebd39-11c8-42c7-a1b6-08ded4dc1596","8c80bd45-0ad9-41ac-66e3-08ded4dc1595","64528862-35bc-44d7-b4dc-8d8c1cdff3be","Quarterly QoQ pp","التغير ربع السنوي على أساس ربعي (نقطة مئوية)","qoqpp"
"5a4ebd39-11c8-42c7-a1b6-08ded4dc1596","8c80bd45-0ad9-41ac-66e3-08ded4dc1595","936fefe4-aa57-4b40-8f68-995afbdae714","Quarterly YoY pp","التغير السنوي على أساس ربع سنوي (نقطة مئوية)","yoypp"
"5a4ebd39-11c8-42c7-a1b6-08ded4dc1596","8c80bd45-0ad9-41ac-66e3-08ded4dc1595","6ddcae37-696b-4346-bfe9-4404f72f63f4","Yearly YoY pp","التغير السنوي على أساس سنوي (نقطة مئوية)","yoypp"
"8637ccb2-e22f-4b15-a1b7-08ded4dc1596","a5dc655f-39dd-465c-66e4-08ded4dc1595","1a030a2f-9580-4f77-8a14-0abfc76e4608","Quarterly QoQ %","التغير ربع السنوي على أساس ربعي (%)","qoq"
"8637ccb2-e22f-4b15-a1b7-08ded4dc1596","a5dc655f-39dd-465c-66e4-08ded4dc1595","895ad713-de16-4568-9d8c-55a45a43cf36","Quarterly YoY %","التغير السنوي على أساس ربع سنوي (%)","yoy"
"8637ccb2-e22f-4b15-a1b7-08ded4dc1596","a5dc655f-39dd-465c-66e4-08ded4dc1595","43a29e53-13df-477e-b993-de5a423dab99","Yearly YoY %","التغير السنوي على أساس سنوي (%)","yoy"
"ce755f08-9f2b-4ade-ea24-08deda71879b","9edc764f-f529-4b94-1ec6-08deda71879b","64528862-35bc-44d7-b4dc-8d8c1cdff3be","Quarterly QoQ pp","التغير ربع السنوي على أساس ربعي (نقطة مئوية)","qoqpp"
"ce755f08-9f2b-4ade-ea24-08deda71879b","9edc764f-f529-4b94-1ec6-08deda71879b","936fefe4-aa57-4b40-8f68-995afbdae714","Quarterly YoY pp","التغير السنوي على أساس ربع سنوي (نقطة مئوية)","yoypp"
"ce755f08-9f2b-4ade-ea24-08deda71879b","9edc764f-f529-4b94-1ec6-08deda71879b","6ddcae37-696b-4346-bfe9-4404f72f63f4","Yearly YoY pp","التغير السنوي على أساس سنوي (نقطة مئوية)","yoypp"
"9542a0d0-e6f8-412e-ea25-08deda71879b","6a025aec-0e58-4a9c-1ec7-08deda71879b","64528862-35bc-44d7-b4dc-8d8c1cdff3be","Quarterly QoQ pp","التغير ربع السنوي على أساس ربعي (نقطة مئوية)","qoqpp"
"9542a0d0-e6f8-412e-ea25-08deda71879b","6a025aec-0e58-4a9c-1ec7-08deda71879b","936fefe4-aa57-4b40-8f68-995afbdae714","Quarterly YoY pp","التغير السنوي على أساس ربع سنوي (نقطة مئوية)","yoypp"
"40abea3d-26d9-49cc-6698-08dee641c199","ecda5ca3-5c3f-431d-a32d-08dee641c198","43A29E53-13DF-477E-B993-DE5A423DAB99","Yearly YoY %","التغير السنوي على أساس سنوي (%)","yoy"
"d55a1064-96fc-46ff-66a3-08dee641c199","db232b25-daca-4ab5-a338-08dee641c198","43A29E53-13DF-477E-B993-DE5A423DAB99","Yearly YoY %","التغير السنوي على أساس سنوي (%)","yoy"
"df6a9622-403c-46f0-66a4-08dee641c199","4a88b450-130e-4be4-a339-08dee641c198","6ddcae37-696b-4346-bfe9-4404f72f63f4","Yearly YoY pp","التغير السنوي على أساس سنوي (نقطة مئوية)","yoypp"
"222c5fb6-6edc-4e56-66a5-08dee641c199","29d4d4aa-76d1-42a4-a33a-08dee641c198","1a030a2f-9580-4f77-8a14-0abfc76e4608","Quarterly QoQ %","التغير ربع السنوي على أساس ربعي (%)","qoq"
"df9a2514-ec1e-4a07-c80c-08deeafdc6d6","2fbc0553-b137-4021-0e03-08deeafdc6d6","1a030a2f-9580-4f77-8a14-0abfc76e4608","Quarterly QoQ %","التغير ربع السنوي على أساس ربعي (%)","qoq"
"df9a2514-ec1e-4a07-c80c-08deeafdc6d6","2fbc0553-b137-4021-0e03-08deeafdc6d6","895ad713-de16-4568-9d8c-55a45a43cf36","Quarterly YoY %","التغير السنوي على أساس ربع سنوي (%)","yoy"
"df9a2514-ec1e-4a07-c80c-08deeafdc6d6","2fbc0553-b137-4021-0e03-08deeafdc6d6","43a29e53-13df-477e-b993-de5a423dab99","Yearly YoY %","التغير السنوي على أساس سنوي (%)","yoy"
"7bb3cfdb-ee53-44c1-c80d-08deeafdc6d6","6a664f7d-84e9-44a9-0e04-08deeafdc6d6","1a030a2f-9580-4f77-8a14-0abfc76e4608","Quarterly QoQ %","التغير ربع السنوي على أساس ربعي (%)","qoq"
"7bb3cfdb-ee53-44c1-c80d-08deeafdc6d6","6a664f7d-84e9-44a9-0e04-08deeafdc6d6","895ad713-de16-4568-9d8c-55a45a43cf36","Quarterly YoY %","التغير السنوي على أساس ربع سنوي (%)","yoy"
"7bb3cfdb-ee53-44c1-c80d-08deeafdc6d6","6a664f7d-84e9-44a9-0e04-08deeafdc6d6","43a29e53-13df-477e-b993-de5a423dab99","Yearly YoY %","التغير السنوي على أساس سنوي (%)","yoy"
"290b6335-6747-431b-3c36-08def0866aa4","8e7d0bcf-78ac-47f1-790e-08def0866aa3","6ddcae37-696b-4346-bfe9-4404f72f63f4","Yearly YoY pp","التغير السنوي على أساس سنوي (نقطة مئوية)","yoypp"
"8bdfbd6e-9573-420c-3c37-08def0866aa4","90f51bae-c903-46a5-790f-08def0866aa3","6ddcae37-696b-4346-bfe9-4404f72f63f4","Yearly YoY pp","التغير السنوي على أساس سنوي (نقطة مئوية)","yoypp"
"7019d52e-6e9a-4850-3c39-08def0866aa4","ea03b9d1-de4d-4036-7911-08def0866aa3","4ffffaf2-8058-41f2-8ff8-2e0160c4696b","Monthly MoM pp","التغير الشهري على أساس شهري (نقطة مئوية)","mompp"
"7019d52e-6e9a-4850-3c39-08def0866aa4","ea03b9d1-de4d-4036-7911-08def0866aa3","4d009fc3-b909-40b9-9e2b-a53422837085","Monthly YoY pp","التغير السنوي على أساس شهري (نقطة مئوية)","yoypp"
"e098a62f-c2be-41d3-3c3a-08def0866aa4","ecaf0b90-cb84-46ce-7912-08def0866aa3","1a030a2f-9580-4f77-8a14-0abfc76e4608","Quarterly QoQ %","التغير ربع السنوي على أساس ربعي (%)","qoq"
"e8cf1da5-230b-44dc-3c3b-08def0866aa4","cb6a2246-50f5-4fcd-7913-08def0866aa3","1a030a2f-9580-4f77-8a14-0abfc76e4608","Quarterly QoQ %","التغير ربع السنوي على أساس ربعي (%)","qoq"
"2fa0965c-7515-4ee0-3c41-08def0866aa4","43abd900-755b-48bb-7919-08def0866aa3","1a030a2f-9580-4f77-8a14-0abfc76e4608","Quarterly QoQ %","التغير ربع السنوي على أساس ربعي (%)","qoq"
"2fa0965c-7515-4ee0-3c41-08def0866aa4","43abd900-755b-48bb-7919-08def0866aa3","43a29e53-13df-477e-b993-de5a423dab99","Yearly YoY %","التغير السنوي على أساس سنوي (%)","yoy"
"f695ed8f-7f0a-4e67-3c42-08def0866aa4","61f82d6b-6ab6-4ce8-791a-08def0866aa3","1a030a2f-9580-4f77-8a14-0abfc76e4608","Quarterly QoQ %","التغير ربع السنوي على أساس ربعي (%)","qoq"
"902504b9-563d-4547-11f6-08def5e05d22","aef8dc96-bf8d-4fbd-908f-08def5e05d1a","43a29e53-13df-477e-b993-de5a423dab99","Yearly YoY %","التغير السنوي على أساس سنوي (%)","yoy"
