"PublishedAdditionalChartId","PublishedIndicatorId","PublishedIndicatorDetailId","ChartTypeId","ChartTypeEN","ChartTypeAR","ChartTypeCode","IntervalId","IntervalEN","IntervalAR","IntervalCode","BenchMarkingCountries_Raw","CreatedAt","UpdatedAt"
"f2f5d02b-883a-49be-05bd-08dddd573e62","92aa796c-b5e1-4f57-a7e2-08dddd5433d4","122d47f7-8c5c-48a5-fd90-08dddd5433de","679d1dd4-e796-47c8-af5f-1dd9869d53f4","Geo Map","خريطة جغرافية","geomap","691e1981-365a-4b79-b81d-de3b2f8c05c7","Yearly","سنوي","yearly","1d5e7f16-ff27-44e4-8544-2d1911c6114f|8860ec77-e8c8-4070-aa15-db1c2dfc8df4|b0f821ca-86ee-4f32-bb83-ce50d4a5858e|e460a16d-676f-41ed-811f-3f23ab1450b2|a2d21933-e1fa-4290-b53a-508900974a2b|8d7d98ff-ccec-43d6-8155-44f9c0b72e26|02579099-437d-4d38-bc5a-dc81882547e1|e4509188-11df-41b5-b86d-1dde070df893|bc1bee71-6752-495b-84bc-400595c26261|8e5904bd-e75e-46f6-b4bb-2ab9872a7f87|a17a864e-6bcd-4466-972a-ac7a9a909d14","8/20/2025 7:57:28 AM",""
"2895ef64-bcff-45c8-ec4c-08dddd671676","7ca07ae2-eec1-4ed0-c7ed-08dddd57848d","c92b1e43-b445-4e27-eb65-08dddd57848f","679d1dd4-e796-47c8-af5f-1dd9869d53f4","Geo Map","خريطة جغرافية","geomap","691e1981-365a-4b79-b81d-de3b2f8c05c7","Yearly","سنوي","yearly","1d5e7f16-ff27-44e4-8544-2d1911c6114f|8860ec77-e8c8-4070-aa15-db1c2dfc8df4|b0f821ca-86ee-4f32-bb83-ce50d4a5858e|e460a16d-676f-41ed-811f-3f23ab1450b2|a2d21933-e1fa-4290-b53a-508900974a2b|8d7d98ff-ccec-43d6-8155-44f9c0b72e26|02579099-437d-4d38-bc5a-dc81882547e1|e4509188-11df-41b5-b86d-1dde070df893|bc1bee71-6752-495b-84bc-400595c26261|8e5904bd-e75e-46f6-b4bb-2ab9872a7f87|a17a864e-6bcd-4466-972a-ac7a9a909d14","8/17/2025 11:21:38 AM",""
"59df4439-dd4d-45a3-d9fa-08de049df013","f93b4e4c-3855-4ecf-c881-08de049c57c4","0449d68c-23ad-45bf-7ac6-08de049c57c6","9c7487a3-8189-48fa-a863-f5eb27df8564","Bar Chart","مخطط شريطي","barchart","691e1981-365a-4b79-b81d-de3b2f8c05c7","Yearly","سنوي","yearly","e4509188-11df-41b5-b86d-1dde070df893|bc1bee71-6752-495b-84bc-400595c26261|8e5904bd-e75e-46f6-b4bb-2ab9872a7f87|e39895ae-fc18-4b47-abd1-4575d7918fc4|f7f05821-86a1-4114-bdee-8b0894fff2f5|a17a864e-6bcd-4466-972a-ac7a9a909d14","10/6/2025 9:02:31 AM",""
"53a20a79-4150-4614-d9fc-08de049df013","f45c2040-d061-4e4c-c883-08de049c57c4","179f7c36-5c7e-46a2-7ac8-08de049c57c6","9c7487a3-8189-48fa-a863-f5eb27df8564","Bar Chart","مخطط شريطي","barchart","691e1981-365a-4b79-b81d-de3b2f8c05c7","Yearly","سنوي","yearly","8e5904bd-e75e-46f6-b4bb-2ab9872a7f87|bc1bee71-6752-495b-84bc-400595c26261|a2d21933-e1fa-4290-b53a-508900974a2b|834a770b-6372-40e2-bbcc-0a321e06bb13|735ccf37-9b0d-483c-a8bd-05b1e6a064b1|3eb36153-9f64-4030-b794-a66cb9a1858e|d4206b50-9f7e-4c76-8de1-34384b391803|02579099-437d-4d38-bc5a-dc81882547e1|a17a864e-6bcd-4466-972a-ac7a9a909d14","10/6/2025 9:20:55 AM",""
"d92a42f0-0dfd-4080-a475-08de064081a8","fcdc61e3-9c77-48bf-28ad-08de064080f7","b60f7e11-c096-4fab-64ce-08de064080f9","9c7487a3-8189-48fa-a863-f5eb27df8564","Bar Chart","مخطط شريطي","barchart","691e1981-365a-4b79-b81d-de3b2f8c05c7","Yearly","سنوي","yearly","8e5904bd-e75e-46f6-b4bb-2ab9872a7f87|bc1bee71-6752-495b-84bc-400595c26261|e39895ae-fc18-4b47-abd1-4575d7918fc4|834a770b-6372-40e2-bbcc-0a321e06bb13|735ccf37-9b0d-483c-a8bd-05b1e6a064b1|3eb36153-9f64-4030-b794-a66cb9a1858e|d4206b50-9f7e-4c76-8de1-34384b391803|8d7d98ff-ccec-43d6-8155-44f9c0b72e26|a17a864e-6bcd-4466-972a-ac7a9a909d14","10/8/2025 10:58:45 AM",""
"9386e6fc-2fe6-4880-c751-08de3adef664","87c2a5a9-f54f-49ff-7b82-08de3ade5903","ba5871a1-f81c-43c3-c7bd-08de3ade590a","be2aa87c-e0de-41bd-b82f-5459a5bbf299","Donut","مخطط الدونات","donut","691e1981-365a-4b79-b81d-de3b2f8c05c7","Yearly","سنوي","yearly","a17a864e-6bcd-4466-972a-ac7a9a909d14|bc1bee71-6752-495b-84bc-400595c26261|1d5e7f16-ff27-44e4-8544-2d1911c6114f|8e5904bd-e75e-46f6-b4bb-2ab9872a7f87|8860ec77-e8c8-4070-aa15-db1c2dfc8df4|e4509188-11df-41b5-b86d-1dde070df893|8d7d98ff-ccec-43d6-8155-44f9c0b72e26|02579099-437d-4d38-bc5a-dc81882547e1|e460a16d-676f-41ed-811f-3f23ab1450b2|b0f821ca-86ee-4f32-bb83-ce50d4a5858e|a2d21933-e1fa-4290-b53a-508900974a2b","12/14/2025 10:04:02 AM",""
"76f2be8f-e8ad-463a-bd6f-08de6e055c93","c7e2aafd-6340-45d5-31d3-08de6c80b448","ae6d8353-8468-4cec-1691-08de6c80b44a","714b19fa-3d2f-4eea-87b0-473cd1e19679","Line Chart With Bar","مخطط خطي مع شريط","linechartwithbar","691e1981-365a-4b79-b81d-de3b2f8c05c7","Yearly","سنوي","yearly","8e5904bd-e75e-46f6-b4bb-2ab9872a7f87|bc1bee71-6752-495b-84bc-400595c26261|e39895ae-fc18-4b47-abd1-4575d7918fc4|a2d21933-e1fa-4290-b53a-508900974a2b|e460a16d-676f-41ed-811f-3f23ab1450b2|f7f05821-86a1-4114-bdee-8b0894fff2f5|aa091570-f20b-4de3-b2ed-96104c99eb3a|e4509188-11df-41b5-b86d-1dde070df893|a17a864e-6bcd-4466-972a-ac7a9a909d14","2/17/2026 12:17:24 PM",""
"e915cc6c-8917-492f-f43f-08de75253b9c","e8b7aa3b-38aa-47b8-fe79-08de7446bf51","f52a8461-8066-4ff4-7081-08de7446bf5c","679d1dd4-e796-47c8-af5f-1dd9869d53f4","Geo Map","خريطة جغرافية","geomap","1335f666-ffcf-4c78-ad27-88a092f2f4ae","Monthly","شهري","monthly","d2b5522f-5d50-442a-ab09-94465cbe8b50|8e5904bd-e75e-46f6-b4bb-2ab9872a7f87|a2d21933-e1fa-4290-b53a-508900974a2b|a17a864e-6bcd-4466-972a-ac7a9a909d14|d8bf4a41-432c-4b4e-bffe-ca394857ecb2|3071a33c-97a9-419f-a306-b1be05a30d5b|014096f9-2105-4b36-9777-03172f7bc0cc|c652ac7a-f5ea-4f1a-ae72-4fafb239b4d6|a6c28df3-5f65-44dc-a436-52ab448ede6b|460ac879-92c6-4d59-b91d-122fb9ae498f","2/26/2026 1:53:12 PM",""
"f50a06b6-2687-4332-170f-08de9e1b05ae","ed390c3c-ac6f-470e-7a74-08de9e09a550","160100bc-528f-4622-bc88-08de9e09a558","9c7487a3-8189-48fa-a863-f5eb27df8564","Bar Chart","مخطط شريطي","barchart","1335f666-ffcf-4c78-ad27-88a092f2f4ae","Monthly","شهري","monthly","8e5904bd-e75e-46f6-b4bb-2ab9872a7f87|e39895ae-fc18-4b47-abd1-4575d7918fc4|e460a16d-676f-41ed-811f-3f23ab1450b2|f7f05821-86a1-4114-bdee-8b0894fff2f5|a17a864e-6bcd-4466-972a-ac7a9a909d14|aa091570-f20b-4de3-b2ed-96104c99eb3a|bc1bee71-6752-495b-84bc-400595c26261|e4509188-11df-41b5-b86d-1dde070df893|a2d21933-e1fa-4290-b53a-508900974a2b","4/23/2026 12:31:42 PM",""
"237cd222-4d24-45b2-1710-08de9e1b05ae","ed390c3c-ac6f-470e-7a74-08de9e09a550","160100bc-528f-4622-bc88-08de9e09a558","9c7487a3-8189-48fa-a863-f5eb27df8564","Bar Chart","مخطط شريطي","barchart","1335f666-ffcf-4c78-ad27-88a092f2f4ae","Monthly","شهري","monthly","f7f05821-86a1-4114-bdee-8b0894fff2f5|8e5904bd-e75e-46f6-b4bb-2ab9872a7f87|bc1bee71-6752-495b-84bc-400595c26261|e4509188-11df-41b5-b86d-1dde070df893|a17a864e-6bcd-4466-972a-ac7a9a909d14|a2d21933-e1fa-4290-b53a-508900974a2b|aa091570-f20b-4de3-b2ed-96104c99eb3a|e460a16d-676f-41ed-811f-3f23ab1450b2|e39895ae-fc18-4b47-abd1-4575d7918fc4","4/23/2026 12:31:42 PM",""
"6bf06ca3-3a25-4afd-1711-08de9e1b05ae","ed390c3c-ac6f-470e-7a74-08de9e09a550","160100bc-528f-4622-bc88-08de9e09a558","9c7487a3-8189-48fa-a863-f5eb27df8564","Bar Chart","مخطط شريطي","barchart","691e1981-365a-4b79-b81d-de3b2f8c05c7","Yearly","سنوي","yearly","e4509188-11df-41b5-b86d-1dde070df893|bc1bee71-6752-495b-84bc-400595c26261|e39895ae-fc18-4b47-abd1-4575d7918fc4|f7f05821-86a1-4114-bdee-8b0894fff2f5|a2d21933-e1fa-4290-b53a-508900974a2b|e460a16d-676f-41ed-811f-3f23ab1450b2|aa091570-f20b-4de3-b2ed-96104c99eb3a|a17a864e-6bcd-4466-972a-ac7a9a909d14","4/23/2026 12:31:42 PM",""
"aacef5a7-cdc0-4c15-1712-08de9e1b05ae","9b07fcb5-2cff-44c4-7a75-08de9e09a550","a8296f0b-92c0-4275-bc89-08de9e09a558","9c7487a3-8189-48fa-a863-f5eb27df8564","Bar Chart","مخطط شريطي","barchart","718b556d-df7a-4f71-88d5-92e506941170","Quarterly","ربع سنوي","quarterly","bc1bee71-6752-495b-84bc-400595c26261|e39895ae-fc18-4b47-abd1-4575d7918fc4|f7f05821-86a1-4114-bdee-8b0894fff2f5|e460a16d-676f-41ed-811f-3f23ab1450b2|a17a864e-6bcd-4466-972a-ac7a9a909d14","4/23/2026 12:35:18 PM",""
"5191f3af-2067-41c4-5deb-08de9e9ca8bb","d9eed3fe-a269-4d96-6897-08de9e04ed95","88e12df6-ffab-458e-cd97-08de9e04ed9e","679d1dd4-e796-47c8-af5f-1dd9869d53f4","Geo Map","خريطة جغرافية","geomap","691e1981-365a-4b79-b81d-de3b2f8c05c7","Yearly","سنوي","yearly","8e5904bd-e75e-46f6-b4bb-2ab9872a7f87|bc1bee71-6752-495b-84bc-400595c26261|e39895ae-fc18-4b47-abd1-4575d7918fc4|834a770b-6372-40e2-bbcc-0a321e06bb13|735ccf37-9b0d-483c-a8bd-05b1e6a064b1|3eb36153-9f64-4030-b794-a66cb9a1858e|d4206b50-9f7e-4c76-8de1-34384b391803|8d7d98ff-ccec-43d6-8155-44f9c0b72e26|a17a864e-6bcd-4466-972a-ac7a9a909d14","4/20/2026 12:11:56 PM",""
"5a6e74a6-6129-4e99-f075-08dea241b62e","0f5632ff-e60a-4b83-f10a-08dea2389aaf","7fb2296d-87a4-4954-6a2d-08dea2389ab1","9c7487a3-8189-48fa-a863-f5eb27df8564","Bar Chart","مخطط شريطي","barchart","691e1981-365a-4b79-b81d-de3b2f8c05c7","Yearly","سنوي","yearly","f7f05821-86a1-4114-bdee-8b0894fff2f5|e39895ae-fc18-4b47-abd1-4575d7918fc4|a17a864e-6bcd-4466-972a-ac7a9a909d14|a2d21933-e1fa-4290-b53a-508900974a2b|8e5904bd-e75e-46f6-b4bb-2ab9872a7f87|aa091570-f20b-4de3-b2ed-96104c99eb3a|e460a16d-676f-41ed-811f-3f23ab1450b2|bc1bee71-6752-495b-84bc-400595c26261|e4509188-11df-41b5-b86d-1dde070df893","5/3/2026 9:40:23 AM",""
"1f3561b3-5f4a-47cc-f076-08dea241b62e","0f5632ff-e60a-4b83-f10a-08dea2389aaf","7fb2296d-87a4-4954-6a2d-08dea2389ab1","9c7487a3-8189-48fa-a863-f5eb27df8564","Bar Chart","مخطط شريطي","barchart","691e1981-365a-4b79-b81d-de3b2f8c05c7","Yearly","سنوي","yearly","e39895ae-fc18-4b47-abd1-4575d7918fc4|a17a864e-6bcd-4466-972a-ac7a9a909d14|bc1bee71-6752-495b-84bc-400595c26261|e460a16d-676f-41ed-811f-3f23ab1450b2|aa091570-f20b-4de3-b2ed-96104c99eb3a|f7f05821-86a1-4114-bdee-8b0894fff2f5|e4509188-11df-41b5-b86d-1dde070df893|8e5904bd-e75e-46f6-b4bb-2ab9872a7f87|a2d21933-e1fa-4290-b53a-508900974a2b","5/3/2026 9:40:23 AM",""
"3befa8cf-a476-4a88-f077-08dea241b62e","0f5632ff-e60a-4b83-f10a-08dea2389aaf","7fb2296d-87a4-4954-6a2d-08dea2389ab1","679d1dd4-e796-47c8-af5f-1dd9869d53f4","Geo Map","خريطة جغرافية","geomap","691e1981-365a-4b79-b81d-de3b2f8c05c7","Yearly","سنوي","yearly","e4509188-11df-41b5-b86d-1dde070df893|bc1bee71-6752-495b-84bc-400595c26261|8e5904bd-e75e-46f6-b4bb-2ab9872a7f87|e39895ae-fc18-4b47-abd1-4575d7918fc4|f7f05821-86a1-4114-bdee-8b0894fff2f5|e460a16d-676f-41ed-811f-3f23ab1450b2|a2d21933-e1fa-4290-b53a-508900974a2b|aa091570-f20b-4de3-b2ed-96104c99eb3a|a17a864e-6bcd-4466-972a-ac7a9a909d14","5/3/2026 9:40:23 AM",""
"8c6acc69-8184-46e5-f082-08dea241b62e","48906d7c-2b2c-42bd-f10c-08dea2389aaf","f3de8791-b7fd-4135-6a2f-08dea2389ab1","9c7487a3-8189-48fa-a863-f5eb27df8564","Bar Chart","مخطط شريطي","barchart","691e1981-365a-4b79-b81d-de3b2f8c05c7","Yearly","سنوي","yearly","e4509188-11df-41b5-b86d-1dde070df893|bc1bee71-6752-495b-84bc-400595c26261|8e5904bd-e75e-46f6-b4bb-2ab9872a7f87|e39895ae-fc18-4b47-abd1-4575d7918fc4|f7f05821-86a1-4114-bdee-8b0894fff2f5|e460a16d-676f-41ed-811f-3f23ab1450b2|a2d21933-e1fa-4290-b53a-508900974a2b|aa091570-f20b-4de3-b2ed-96104c99eb3a|a17a864e-6bcd-4466-972a-ac7a9a909d14","5/3/2026 9:47:36 AM",""
"23f63810-1a4c-4037-f08d-08dea241b62e","8c915ebe-4dc5-4900-f117-08dea2389aaf","617e08ea-9571-42d0-6a65-08dea2389ab1","9c7487a3-8189-48fa-a863-f5eb27df8564","Bar Chart","مخطط شريطي","barchart","691e1981-365a-4b79-b81d-de3b2f8c05c7","Yearly","سنوي","yearly","8e5904bd-e75e-46f6-b4bb-2ab9872a7f87|bc1bee71-6752-495b-84bc-400595c26261|e39895ae-fc18-4b47-abd1-4575d7918fc4|a2d21933-e1fa-4290-b53a-508900974a2b|834a770b-6372-40e2-bbcc-0a321e06bb13|22e2bc7f-7fea-4b30-9d82-ea7e8f125fcc|735ccf37-9b0d-483c-a8bd-05b1e6a064b1|3eb36153-9f64-4030-b794-a66cb9a1858e|d4206b50-9f7e-4c76-8de1-34384b391803|02579099-437d-4d38-bc5a-dc81882547e1|8d7d98ff-ccec-43d6-8155-44f9c0b72e26|a17a864e-6bcd-4466-972a-ac7a9a909d14","5/7/2026 8:17:26 AM",""
"acdd2ae8-beb3-4b0b-fb8b-08debee637ed","c65e0835-1de9-41f1-dfd6-08debee6364f","6c2ec1e3-860f-4b3f-60c6-08debee63662","9c7487a3-8189-48fa-a863-f5eb27df8564","Bar Chart","مخطط شريطي","barchart","691e1981-365a-4b79-b81d-de3b2f8c05c7","Yearly","سنوي","yearly","e4509188-11df-41b5-b86d-1dde070df893|a17a864e-6bcd-4466-972a-ac7a9a909d14|bc1bee71-6752-495b-84bc-400595c26261|a2d21933-e1fa-4290-b53a-508900974a2b|10bf45bf-7ddc-4625-ad9a-8dc42c25c247|f7f05821-86a1-4114-bdee-8b0894fff2f5|e39895ae-fc18-4b47-abd1-4575d7918fc4|e460a16d-676f-41ed-811f-3f23ab1450b2|735ccf37-9b0d-483c-a8bd-05b1e6a064b1|8e5904bd-e75e-46f6-b4bb-2ab9872a7f87","6/2/2026 1:27:00 PM",""
"83f9f74b-7a58-42eb-fb8c-08debee637ed","c65e0835-1de9-41f1-dfd6-08debee6364f","6c2ec1e3-860f-4b3f-60c6-08debee63662","9c7487a3-8189-48fa-a863-f5eb27df8564","Bar Chart","مخطط شريطي","barchart","691e1981-365a-4b79-b81d-de3b2f8c05c7","Yearly","سنوي","yearly","8e5904bd-e75e-46f6-b4bb-2ab9872a7f87|bc1bee71-6752-495b-84bc-400595c26261|e4509188-11df-41b5-b86d-1dde070df893|e39895ae-fc18-4b47-abd1-4575d7918fc4|f7f05821-86a1-4114-bdee-8b0894fff2f5|e460a16d-676f-41ed-811f-3f23ab1450b2|10bf45bf-7ddc-4625-ad9a-8dc42c25c247|735ccf37-9b0d-483c-a8bd-05b1e6a064b1|a2d21933-e1fa-4290-b53a-508900974a2b|a17a864e-6bcd-4466-972a-ac7a9a909d14","6/2/2026 1:27:00 PM",""
"259d6312-0744-4d4c-a0b4-08dec77b7a69","3246e1e8-af83-46dd-981e-08dec461c232","acd778b1-1d77-4ffa-7a8e-08dec461c23d","9c7487a3-8189-48fa-a863-f5eb27df8564","Bar Chart","مخطط شريطي","barchart","691e1981-365a-4b79-b81d-de3b2f8c05c7","Yearly","سنوي","yearly","e460a16d-676f-41ed-811f-3f23ab1450b2|aa091570-f20b-4de3-b2ed-96104c99eb3a|e4509188-11df-41b5-b86d-1dde070df893|a17a864e-6bcd-4466-972a-ac7a9a909d14|8e5904bd-e75e-46f6-b4bb-2ab9872a7f87|a2d21933-e1fa-4290-b53a-508900974a2b|f7f05821-86a1-4114-bdee-8b0894fff2f5|bc1bee71-6752-495b-84bc-400595c26261","6/28/2026 10:27:43 AM",""
"e9967e9c-fc0e-41ed-a0b5-08dec77b7a69","3246e1e8-af83-46dd-981e-08dec461c232","acd778b1-1d77-4ffa-7a8e-08dec461c23d","9c7487a3-8189-48fa-a863-f5eb27df8564","Bar Chart","مخطط شريطي","barchart","691e1981-365a-4b79-b81d-de3b2f8c05c7","Yearly","سنوي","yearly","e460a16d-676f-41ed-811f-3f23ab1450b2|aa091570-f20b-4de3-b2ed-96104c99eb3a|e4509188-11df-41b5-b86d-1dde070df893|a17a864e-6bcd-4466-972a-ac7a9a909d14|8e5904bd-e75e-46f6-b4bb-2ab9872a7f87|a2d21933-e1fa-4290-b53a-508900974a2b|f7f05821-86a1-4114-bdee-8b0894fff2f5|bc1bee71-6752-495b-84bc-400595c26261","6/28/2026 10:27:43 AM",""
"1f68b06e-14af-4f3d-a0b6-08dec77b7a69","3246e1e8-af83-46dd-981e-08dec461c232","acd778b1-1d77-4ffa-7a8e-08dec461c23d","9c7487a3-8189-48fa-a863-f5eb27df8564","Bar Chart","مخطط شريطي","barchart","691e1981-365a-4b79-b81d-de3b2f8c05c7","Yearly","سنوي","yearly","e4509188-11df-41b5-b86d-1dde070df893|f7f05821-86a1-4114-bdee-8b0894fff2f5|bc1bee71-6752-495b-84bc-400595c26261|8e5904bd-e75e-46f6-b4bb-2ab9872a7f87|e460a16d-676f-41ed-811f-3f23ab1450b2|aa091570-f20b-4de3-b2ed-96104c99eb3a|a2d21933-e1fa-4290-b53a-508900974a2b|834a770b-6372-40e2-bbcc-0a321e06bb13|503831d1-e518-40f9-9742-7a9fc0b87b91|27d0d9a6-b34f-481b-aaa4-9f3c58bf0933|f7e6da9a-358b-45c4-8c0a-d0e4ab805e26|c652ac7a-f5ea-4f1a-ae72-4fafb239b4d6|a17a864e-6bcd-4466-972a-ac7a9a909d14","6/28/2026 10:27:43 AM",""
"3f3a3133-e354-43a1-a0b7-08dec77b7a69","b05f6bd5-256d-4940-9823-08dec461c232","dc087d3c-3562-44cc-7a93-08dec461c23d","9c7487a3-8189-48fa-a863-f5eb27df8564","Bar Chart","مخطط شريطي","barchart","691e1981-365a-4b79-b81d-de3b2f8c05c7","Yearly","سنوي","yearly","1d5e7f16-ff27-44e4-8544-2d1911c6114f|8860ec77-e8c8-4070-aa15-db1c2dfc8df4|b0f821ca-86ee-4f32-bb83-ce50d4a5858e|e460a16d-676f-41ed-811f-3f23ab1450b2|a2d21933-e1fa-4290-b53a-508900974a2b|8d7d98ff-ccec-43d6-8155-44f9c0b72e26|02579099-437d-4d38-bc5a-dc81882547e1|e4509188-11df-41b5-b86d-1dde070df893|bc1bee71-6752-495b-84bc-400595c26261|8e5904bd-e75e-46f6-b4bb-2ab9872a7f87|a17a864e-6bcd-4466-972a-ac7a9a909d14","7/5/2026 12:12:54 PM",""
"395839bc-6aa6-48a4-a0bd-08dec77b7a69","a598da16-09c2-43c4-9835-08dec461c232","633a4473-7585-4a42-7aad-08dec461c23d","9c7487a3-8189-48fa-a863-f5eb27df8564","Bar Chart","مخطط شريطي","barchart","691e1981-365a-4b79-b81d-de3b2f8c05c7","Yearly","سنوي","yearly","e4509188-11df-41b5-b86d-1dde070df893|bc1bee71-6752-495b-84bc-400595c26261|f7f05821-86a1-4114-bdee-8b0894fff2f5|e460a16d-676f-41ed-811f-3f23ab1450b2|a2d21933-e1fa-4290-b53a-508900974a2b|aa091570-f20b-4de3-b2ed-96104c99eb3a|a17a864e-6bcd-4466-972a-ac7a9a909d14","7/26/2026 1:38:28 PM",""
"543884db-8989-4e8e-a0be-08dec77b7a69","b5ade6c5-419c-4b5f-9836-08dec461c232","fb801dff-2204-4cbb-7aaf-08dec461c23d","9c7487a3-8189-48fa-a863-f5eb27df8564","Bar Chart","مخطط شريطي","barchart","691e1981-365a-4b79-b81d-de3b2f8c05c7","Yearly","سنوي","yearly","e4509188-11df-41b5-b86d-1dde070df893|bc1bee71-6752-495b-84bc-400595c26261|8e5904bd-e75e-46f6-b4bb-2ab9872a7f87|e39895ae-fc18-4b47-abd1-4575d7918fc4|f7f05821-86a1-4114-bdee-8b0894fff2f5|e460a16d-676f-41ed-811f-3f23ab1450b2|a2d21933-e1fa-4290-b53a-508900974a2b|aa091570-f20b-4de3-b2ed-96104c99eb3a|a17a864e-6bcd-4466-972a-ac7a9a909d14","7/26/2026 1:59:23 PM",""
"2185e4e9-3f2b-410c-a0bf-08dec77b7a69","e641b12b-e4d1-47ab-9837-08dec461c232","eb07919f-adb5-4e98-7ab0-08dec461c23d","679d1dd4-e796-47c8-af5f-1dd9869d53f4","Geo Map","خريطة جغرافية","geomap","691e1981-365a-4b79-b81d-de3b2f8c05c7","Yearly","سنوي","yearly","1d5e7f16-ff27-44e4-8544-2d1911c6114f|8860ec77-e8c8-4070-aa15-db1c2dfc8df4|b0f821ca-86ee-4f32-bb83-ce50d4a5858e|e460a16d-676f-41ed-811f-3f23ab1450b2|a2d21933-e1fa-4290-b53a-508900974a2b|8d7d98ff-ccec-43d6-8155-44f9c0b72e26|02579099-437d-4d38-bc5a-dc81882547e1|e4509188-11df-41b5-b86d-1dde070df893|bc1bee71-6752-495b-84bc-400595c26261|8e5904bd-e75e-46f6-b4bb-2ab9872a7f87|a17a864e-6bcd-4466-972a-ac7a9a909d14","7/28/2026 1:00:38 PM",""
"caa38a9f-a41f-47b7-a0c0-08dec77b7a69","cfbc3145-b350-480b-983d-08dec461c232","5e8b83ee-ab75-42d4-7ab7-08dec461c23d","39d6dc9a-44ac-45cf-9ff0-e6e9f34475b0","Scatter Plot","مخطط مبعثر","scatterplot","691e1981-365a-4b79-b81d-de3b2f8c05c7","Yearly","سنوي","yearly","a17a864e-6bcd-4466-972a-ac7a9a909d14|e39895ae-fc18-4b47-abd1-4575d7918fc4|e4509188-11df-41b5-b86d-1dde070df893|bc1bee71-6752-495b-84bc-400595c26261|8e5904bd-e75e-46f6-b4bb-2ab9872a7f87|f7f05821-86a1-4114-bdee-8b0894fff2f5|834a770b-6372-40e2-bbcc-0a321e06bb13|e460a16d-676f-41ed-811f-3f23ab1450b2|a1659dcb-bd81-4ce9-b89b-0fa0922f36f2|22e2bc7f-7fea-4b30-9d82-ea7e8f125fcc","8/3/2026 8:24:02 AM",""
"04df244b-e034-466f-a0c1-08dec77b7a69","5fad875e-7c72-43d4-9849-08dec461c232","e4293295-fb43-46b0-7ac5-08dec461c23d","9c7487a3-8189-48fa-a863-f5eb27df8564","Bar Chart","مخطط شريطي","barchart","1335f666-ffcf-4c78-ad27-88a092f2f4ae","Monthly","شهري","monthly","a17a864e-6bcd-4466-972a-ac7a9a909d14|a2d21933-e1fa-4290-b53a-508900974a2b|e39895ae-fc18-4b47-abd1-4575d7918fc4|bc1bee71-6752-495b-84bc-400595c26261|f7f05821-86a1-4114-bdee-8b0894fff2f5|e4509188-11df-41b5-b86d-1dde070df893|aa091570-f20b-4de3-b2ed-96104c99eb3a|8e5904bd-e75e-46f6-b4bb-2ab9872a7f87|e460a16d-676f-41ed-811f-3f23ab1450b2","8/5/2026 9:16:43 AM",""
"e3a64058-8090-4044-a0c2-08dec77b7a69","5fad875e-7c72-43d4-9849-08dec461c232","e4293295-fb43-46b0-7ac5-08dec461c23d","9c7487a3-8189-48fa-a863-f5eb27df8564","Bar Chart","مخطط شريطي","barchart","1335f666-ffcf-4c78-ad27-88a092f2f4ae","Monthly","شهري","monthly","a17a864e-6bcd-4466-972a-ac7a9a909d14|a2d21933-e1fa-4290-b53a-508900974a2b|e39895ae-fc18-4b47-abd1-4575d7918fc4|bc1bee71-6752-495b-84bc-400595c26261|f7f05821-86a1-4114-bdee-8b0894fff2f5|e4509188-11df-41b5-b86d-1dde070df893|aa091570-f20b-4de3-b2ed-96104c99eb3a|8e5904bd-e75e-46f6-b4bb-2ab9872a7f87|e460a16d-676f-41ed-811f-3f23ab1450b2","8/5/2026 9:16:43 AM",""
"b117ad74-18b5-4fe5-a0c3-08dec77b7a69","5fad875e-7c72-43d4-9849-08dec461c232","e4293295-fb43-46b0-7ac5-08dec461c23d","9c7487a3-8189-48fa-a863-f5eb27df8564","Bar Chart","مخطط شريطي","barchart","691e1981-365a-4b79-b81d-de3b2f8c05c7","Yearly","سنوي","yearly","8e5904bd-e75e-46f6-b4bb-2ab9872a7f87|bc1bee71-6752-495b-84bc-400595c26261|a17a864e-6bcd-4466-972a-ac7a9a909d14|e4509188-11df-41b5-b86d-1dde070df893|f7f05821-86a1-4114-bdee-8b0894fff2f5|e39895ae-fc18-4b47-abd1-4575d7918fc4|a2d21933-e1fa-4290-b53a-508900974a2b|aa091570-f20b-4de3-b2ed-96104c99eb3a|e460a16d-676f-41ed-811f-3f23ab1450b2","8/5/2026 9:16:43 AM",""
"0431aeaf-076e-4995-a0c4-08dec77b7a69","5fad875e-7c72-43d4-9849-08dec461c232","e4293295-fb43-46b0-7ac5-08dec461c23d","9c7487a3-8189-48fa-a863-f5eb27df8564","Bar Chart","مخطط شريطي","barchart","1335f666-ffcf-4c78-ad27-88a092f2f4ae","Monthly","شهري","monthly","bc1bee71-6752-495b-84bc-400595c26261|e4509188-11df-41b5-b86d-1dde070df893|8e5904bd-e75e-46f6-b4bb-2ab9872a7f87|e460a16d-676f-41ed-811f-3f23ab1450b2|a2d21933-e1fa-4290-b53a-508900974a2b|aa091570-f20b-4de3-b2ed-96104c99eb3a|e39895ae-fc18-4b47-abd1-4575d7918fc4|f7f05821-86a1-4114-bdee-8b0894fff2f5|a17a864e-6bcd-4466-972a-ac7a9a909d14","8/5/2026 9:16:43 AM",""
"0a14353a-71e5-4afa-a0c5-08dec77b7a69","5fad875e-7c72-43d4-9849-08dec461c232","e4293295-fb43-46b0-7ac5-08dec461c23d","9c7487a3-8189-48fa-a863-f5eb27df8564","Bar Chart","مخطط شريطي","barchart","691e1981-365a-4b79-b81d-de3b2f8c05c7","Yearly","سنوي","yearly","8e5904bd-e75e-46f6-b4bb-2ab9872a7f87|bc1bee71-6752-495b-84bc-400595c26261|a17a864e-6bcd-4466-972a-ac7a9a909d14|e4509188-11df-41b5-b86d-1dde070df893|f7f05821-86a1-4114-bdee-8b0894fff2f5|e39895ae-fc18-4b47-abd1-4575d7918fc4|a2d21933-e1fa-4290-b53a-508900974a2b|aa091570-f20b-4de3-b2ed-96104c99eb3a|e460a16d-676f-41ed-811f-3f23ab1450b2","8/5/2026 9:16:43 AM",""
"0e2a8506-ea46-4124-ffe1-08deda75d219","633dc513-6f33-4bb5-1ec8-08deda71879b","44346def-4945-4b96-04fd-08deda71879d","679d1dd4-e796-47c8-af5f-1dd9869d53f4","Geo Map","خريطة جغرافية","geomap","691e1981-365a-4b79-b81d-de3b2f8c05c7","Yearly","سنوي","yearly","1d5e7f16-ff27-44e4-8544-2d1911c6114f|8860ec77-e8c8-4070-aa15-db1c2dfc8df4|b0f821ca-86ee-4f32-bb83-ce50d4a5858e|e460a16d-676f-41ed-811f-3f23ab1450b2|a2d21933-e1fa-4290-b53a-508900974a2b|8d7d98ff-ccec-43d6-8155-44f9c0b72e26|02579099-437d-4d38-bc5a-dc81882547e1|e4509188-11df-41b5-b86d-1dde070df893|bc1bee71-6752-495b-84bc-400595c26261|8e5904bd-e75e-46f6-b4bb-2ab9872a7f87|a17a864e-6bcd-4466-972a-ac7a9a909d14","7/5/2026 12:14:30 PM",""
"4335f0f9-4137-4cf8-9a43-08deeaff3004","2fbc0553-b137-4021-0e03-08deeafdc6d6","cae5d760-47a5-460c-c6b4-08deeafdc6dc","9c7487a3-8189-48fa-a863-f5eb27df8564","Bar Chart","مخطط شريطي","barchart","691e1981-365a-4b79-b81d-de3b2f8c05c7","Yearly","سنوي","yearly","a2d21933-e1fa-4290-b53a-508900974a2b|e4509188-11df-41b5-b86d-1dde070df893|aa091570-f20b-4de3-b2ed-96104c99eb3a|e460a16d-676f-41ed-811f-3f23ab1450b2|bc1bee71-6752-495b-84bc-400595c26261|8e5904bd-e75e-46f6-b4bb-2ab9872a7f87|e39895ae-fc18-4b47-abd1-4575d7918fc4|a17a864e-6bcd-4466-972a-ac7a9a909d14","7/26/2026 1:18:07 PM",""
"37c2253f-b47a-444e-9a44-08deeaff3004","6a664f7d-84e9-44a9-0e04-08deeafdc6d6","6712d390-77df-46ff-c6b7-08deeafdc6dc","9c7487a3-8189-48fa-a863-f5eb27df8564","Bar Chart","مخطط شريطي","barchart","691e1981-365a-4b79-b81d-de3b2f8c05c7","Yearly","سنوي","yearly","bc1bee71-6752-495b-84bc-400595c26261|f7f05821-86a1-4114-bdee-8b0894fff2f5|e4509188-11df-41b5-b86d-1dde070df893|a17a864e-6bcd-4466-972a-ac7a9a909d14|e460a16d-676f-41ed-811f-3f23ab1450b2|a2d21933-e1fa-4290-b53a-508900974a2b|aa091570-f20b-4de3-b2ed-96104c99eb3a","7/26/2026 1:53:00 PM",""
"40ea0d46-bff6-4591-aeb0-08def11f9fb5","90f51bae-c903-46a5-790f-08def0866aa3","889f81dd-9b61-48d0-a7a0-08def0866aac","679d1dd4-e796-47c8-af5f-1dd9869d53f4","Geo Map","خريطة جغرافية","geomap","691e1981-365a-4b79-b81d-de3b2f8c05c7","Yearly","سنوي","yearly","a17a864e-6bcd-4466-972a-ac7a9a909d14|e39895ae-fc18-4b47-abd1-4575d7918fc4|e4509188-11df-41b5-b86d-1dde070df893|bc1bee71-6752-495b-84bc-400595c26261|8e5904bd-e75e-46f6-b4bb-2ab9872a7f87|f7f05821-86a1-4114-bdee-8b0894fff2f5|834a770b-6372-40e2-bbcc-0a321e06bb13|e460a16d-676f-41ed-811f-3f23ab1450b2|a1659dcb-bd81-4ce9-b89b-0fa0922f36f2|22e2bc7f-7fea-4b30-9d82-ea7e8f125fcc","8/3/2026 8:25:25 AM",""
