"PublishedIndicatorDashboardId","PublishedIndicatorId","DashboardId","DashboardNameEN","DashboardNameAR","SortOrder","EntityClassification","EntityClassificationName","EntityId","CreatedAt","UpdatedAt"
"890a62af-1041-4368-be75-08ddb7179f3e","f0a2e654-d78c-4d14-3e15-08ddb7179f33","2b055b1b-49d1-40d9-810f-62a36bfec97d","Executive Dashboard","لوحة القيادة التنفيذية","6","7","Sectors","56f68520-57a9-4bff-a680-11cc3322f780","6/29/2025 6:53:10 PM",""
"05a59f3a-a96e-42fe-be76-08ddb7179f3e","f0a2e654-d78c-4d14-3e15-08ddb7179f33","1369d2fe-81d7-40e4-a375-c87b528712fa","Leadership Dashboard","منصة القيادة","6","7","Sectors","56f68520-57a9-4bff-a680-11cc3322f780","6/29/2025 6:53:10 PM",""
"55ac40cb-d2c5-4b7c-be83-08ddb7179f3e","64368107-c86b-4488-3e1c-08ddb7179f33","2b055b1b-49d1-40d9-810f-62a36bfec97d","Executive Dashboard","لوحة القيادة التنفيذية","9","7","Sectors","39740084-7387-4caa-886a-8bd5c71fd799","6/29/2025 6:58:46 PM",""
"475ffd18-6233-4dd7-be84-08ddb7179f3e","64368107-c86b-4488-3e1c-08ddb7179f33","1369d2fe-81d7-40e4-a375-c87b528712fa","Leadership Dashboard","منصة القيادة","9","7","Sectors","39740084-7387-4caa-886a-8bd5c71fd799","6/29/2025 6:58:46 PM",""
"ecfe7dca-a672-4960-be85-08ddb7179f3e","a7eeeaa7-3a05-465c-3e1d-08ddb7179f33","2b055b1b-49d1-40d9-810f-62a36bfec97d","Executive Dashboard","لوحة القيادة التنفيذية","11","7","Sectors","39740084-7387-4caa-886a-8bd5c71fd799","6/29/2025 6:59:43 PM",""
"42314847-545c-4ff5-be86-08ddb7179f3e","a7eeeaa7-3a05-465c-3e1d-08ddb7179f33","1369d2fe-81d7-40e4-a375-c87b528712fa","Leadership Dashboard","منصة القيادة","11","7","Sectors","39740084-7387-4caa-886a-8bd5c71fd799","6/29/2025 6:59:43 PM",""
"068e32c4-1efd-41b5-be87-08ddb7179f3e","2137c6dc-b410-4258-3e1e-08ddb7179f33","2b055b1b-49d1-40d9-810f-62a36bfec97d","Executive Dashboard","لوحة القيادة التنفيذية","14","7","Sectors","39740084-7387-4caa-886a-8bd5c71fd799","6/29/2025 7:02:37 PM",""
"bae1956d-62f3-422c-be88-08ddb7179f3e","2137c6dc-b410-4258-3e1e-08ddb7179f33","1369d2fe-81d7-40e4-a375-c87b528712fa","Leadership Dashboard","منصة القيادة","14","7","Sectors","39740084-7387-4caa-886a-8bd5c71fd799","6/29/2025 7:02:37 PM",""
"0da09eab-6297-46c1-be93-08ddb7179f3e","dc37d928-40d5-4998-3e24-08ddb7179f33","2b055b1b-49d1-40d9-810f-62a36bfec97d","Executive Dashboard","لوحة القيادة التنفيذية","8","7","Sectors","0679a403-9ca5-4a05-952b-53250586775b","6/29/2025 7:10:42 PM",""
"75a0a53d-58fb-4e86-be94-08ddb7179f3e","dc37d928-40d5-4998-3e24-08ddb7179f33","1369d2fe-81d7-40e4-a375-c87b528712fa","Leadership Dashboard","منصة القيادة","8","7","Sectors","0679a403-9ca5-4a05-952b-53250586775b","6/29/2025 7:10:42 PM",""
"36f6df62-b3eb-403c-be95-08ddb7179f3e","60073a09-fb63-4825-3e25-08ddb7179f33","2b055b1b-49d1-40d9-810f-62a36bfec97d","Executive Dashboard","لوحة القيادة التنفيذية","11","7","Sectors","0679a403-9ca5-4a05-952b-53250586775b","6/29/2025 7:11:43 PM",""
"0db150d7-f7fa-4020-be96-08ddb7179f3e","60073a09-fb63-4825-3e25-08ddb7179f33","1369d2fe-81d7-40e4-a375-c87b528712fa","Leadership Dashboard","منصة القيادة","11","7","Sectors","0679a403-9ca5-4a05-952b-53250586775b","6/29/2025 7:11:43 PM",""
"28755430-c4cf-4c9b-bea1-08ddb7179f3e","f597b0c1-9e2c-4899-3e2b-08ddb7179f33","2b055b1b-49d1-40d9-810f-62a36bfec97d","Executive Dashboard","لوحة القيادة التنفيذية","11","7","Sectors","a0d0a555-e73a-475d-a643-d1274460d246","6/29/2025 7:20:02 PM",""
"e5b75b95-8efe-4b4f-bea2-08ddb7179f3e","f597b0c1-9e2c-4899-3e2b-08ddb7179f33","1369d2fe-81d7-40e4-a375-c87b528712fa","Leadership Dashboard","منصة القيادة","11","7","Sectors","a0d0a555-e73a-475d-a643-d1274460d246","6/29/2025 7:20:02 PM",""
"c0ec0647-69df-45b4-becd-08ddb7179f3e","57e6f80d-27a2-43de-3e41-08ddb7179f33","2b055b1b-49d1-40d9-810f-62a36bfec97d","Executive Dashboard","لوحة القيادة التنفيذية","12","7","Sectors","f48b7019-ef34-4eb7-859d-2e4bde81d3c1","6/29/2025 8:27:01 PM","11/25/2025 1:41:18 PM"
"22e7d2e5-6fd7-4344-bece-08ddb7179f3e","57e6f80d-27a2-43de-3e41-08ddb7179f33","1369d2fe-81d7-40e4-a375-c87b528712fa","Leadership Dashboard","منصة القيادة","12","7","Sectors","f48b7019-ef34-4eb7-859d-2e4bde81d3c1","6/29/2025 8:27:01 PM","11/25/2025 1:41:18 PM"
"34c587aa-66d6-4a9e-bee5-08ddb7179f3e","e2546a69-1ba8-4b1e-3e4d-08ddb7179f33","2b055b1b-49d1-40d9-810f-62a36bfec97d","Executive Dashboard","لوحة القيادة التنفيذية","1","7","Sectors","39740084-7387-4caa-886a-8bd5c71fd799","6/29/2025 11:09:23 PM","1/11/2026 12:33:48 PM"
"d200a73c-aad0-4e23-bee6-08ddb7179f3e","e2546a69-1ba8-4b1e-3e4d-08ddb7179f33","1369d2fe-81d7-40e4-a375-c87b528712fa","Leadership Dashboard","منصة القيادة","1","7","Sectors","39740084-7387-4caa-886a-8bd5c71fd799","6/29/2025 11:09:23 PM","1/11/2026 12:33:48 PM"
"9c2de475-8f68-42ec-bee7-08ddb7179f3e","7ebf49ff-62db-4a91-3e4e-08ddb7179f33","2b055b1b-49d1-40d9-810f-62a36bfec97d","Executive Dashboard","لوحة القيادة التنفيذية","2","7","Sectors","39740084-7387-4caa-886a-8bd5c71fd799","6/29/2025 11:09:59 PM","1/11/2026 12:33:48 PM"
"609a9c96-1e24-4418-bee8-08ddb7179f3e","7ebf49ff-62db-4a91-3e4e-08ddb7179f33","1369d2fe-81d7-40e4-a375-c87b528712fa","Leadership Dashboard","منصة القيادة","2","7","Sectors","39740084-7387-4caa-886a-8bd5c71fd799","6/29/2025 11:09:59 PM","1/11/2026 12:33:48 PM"
"c7ab018e-c468-4859-bef3-08ddb7179f3e","61db52da-e839-40a4-3e54-08ddb7179f33","2b055b1b-49d1-40d9-810f-62a36bfec97d","Executive Dashboard","لوحة القيادة التنفيذية","2","1","Enablers","d0b039d5-04b0-42b6-a656-c4d66d506e67","6/30/2025 10:50:31 AM",""
"9140cb21-24fb-4091-bef4-08ddb7179f3e","61db52da-e839-40a4-3e54-08ddb7179f33","1369d2fe-81d7-40e4-a375-c87b528712fa","Leadership Dashboard","منصة القيادة","2","1","Enablers","d0b039d5-04b0-42b6-a656-c4d66d506e67","6/30/2025 10:50:31 AM",""
"0ea7b6ee-7b45-49af-bef5-08ddb7179f3e","d032d27f-d538-4da2-3e55-08ddb7179f33","2b055b1b-49d1-40d9-810f-62a36bfec97d","Executive Dashboard","لوحة القيادة التنفيذية","4","1","Enablers","d0b039d5-04b0-42b6-a656-c4d66d506e67","6/30/2025 10:51:15 AM",""
"c3d9d3ce-265a-4bbf-bef6-08ddb7179f3e","d032d27f-d538-4da2-3e55-08ddb7179f33","1369d2fe-81d7-40e4-a375-c87b528712fa","Leadership Dashboard","منصة القيادة","4","1","Enablers","d0b039d5-04b0-42b6-a656-c4d66d506e67","6/30/2025 10:51:15 AM",""
"1a623ee5-a136-4e9e-bef7-08ddb7179f3e","c63a248e-8060-4845-3e56-08ddb7179f33","2b055b1b-49d1-40d9-810f-62a36bfec97d","Executive Dashboard","لوحة القيادة التنفيذية","5","1","Enablers","d0b039d5-04b0-42b6-a656-c4d66d506e67","6/30/2025 10:51:40 AM",""
"2d3a0612-56f2-4f82-bef8-08ddb7179f3e","c63a248e-8060-4845-3e56-08ddb7179f33","1369d2fe-81d7-40e4-a375-c87b528712fa","Leadership Dashboard","منصة القيادة","5","1","Enablers","d0b039d5-04b0-42b6-a656-c4d66d506e67","6/30/2025 10:51:40 AM",""
"a843eae9-f272-4c24-bef9-08ddb7179f3e","61f429d1-6c47-48ec-3e57-08ddb7179f33","2b055b1b-49d1-40d9-810f-62a36bfec97d","Executive Dashboard","لوحة القيادة التنفيذية","1","1","Enablers","df683627-ae84-4d71-a27d-cb75e298ad8f","6/30/2025 10:55:49 AM",""
"3a0ee9d0-50f3-4874-befa-08ddb7179f3e","61f429d1-6c47-48ec-3e57-08ddb7179f33","1369d2fe-81d7-40e4-a375-c87b528712fa","Leadership Dashboard","منصة القيادة","1","1","Enablers","df683627-ae84-4d71-a27d-cb75e298ad8f","6/30/2025 10:55:49 AM",""
"c6fd4371-e635-4e18-befb-08ddb7179f3e","71f4a5b5-baea-4789-3e58-08ddb7179f33","2b055b1b-49d1-40d9-810f-62a36bfec97d","Executive Dashboard","لوحة القيادة التنفيذية","1","1","Enablers","8d832af9-2cf0-4ed6-b3e6-28d51ee2d4f1","6/30/2025 11:11:48 AM",""
"7bdd7d87-3c4e-49cc-befc-08ddb7179f3e","71f4a5b5-baea-4789-3e58-08ddb7179f33","1369d2fe-81d7-40e4-a375-c87b528712fa","Leadership Dashboard","منصة القيادة","1","1","Enablers","8d832af9-2cf0-4ed6-b3e6-28d51ee2d4f1","6/30/2025 11:11:48 AM",""
"92bb0dea-b6a0-4bd3-befd-08ddb7179f3e","4861f716-4a3f-4304-3e59-08ddb7179f33","2b055b1b-49d1-40d9-810f-62a36bfec97d","Executive Dashboard","لوحة القيادة التنفيذية","9","2","Drivers","bbc57559-fb77-4c21-80ce-ca13cf90adf6","6/30/2025 11:16:57 AM","11/25/2025 8:21:44 AM"
"e8a2ad46-97cd-4ab6-befe-08ddb7179f3e","4861f716-4a3f-4304-3e59-08ddb7179f33","1369d2fe-81d7-40e4-a375-c87b528712fa","Leadership Dashboard","منصة القيادة","9","2","Drivers","bbc57559-fb77-4c21-80ce-ca13cf90adf6","6/30/2025 11:16:57 AM","11/25/2025 8:21:44 AM"
"dae80252-27da-47fa-beff-08ddb7179f3e","1a3c0f36-b514-4b19-3e5a-08ddb7179f33","2b055b1b-49d1-40d9-810f-62a36bfec97d","Executive Dashboard","لوحة القيادة التنفيذية","5","2","Drivers","bbc57559-fb77-4c21-80ce-ca13cf90adf6","6/30/2025 11:18:21 AM","11/25/2025 8:21:44 AM"
"03e60be6-33df-4ec8-bf00-08ddb7179f3e","1a3c0f36-b514-4b19-3e5a-08ddb7179f33","1369d2fe-81d7-40e4-a375-c87b528712fa","Leadership Dashboard","منصة القيادة","5","2","Drivers","bbc57559-fb77-4c21-80ce-ca13cf90adf6","6/30/2025 11:18:21 AM","11/25/2025 8:21:44 AM"
"93c20e92-05f5-4de4-bf01-08ddb7179f3e","adb140b8-770f-4a34-3e5b-08ddb7179f33","2b055b1b-49d1-40d9-810f-62a36bfec97d","Executive Dashboard","لوحة القيادة التنفيذية","7","2","Drivers","bbc57559-fb77-4c21-80ce-ca13cf90adf6","6/30/2025 11:19:16 AM","11/25/2025 8:21:44 AM"
"5d859d73-0cb7-4253-bf02-08ddb7179f3e","adb140b8-770f-4a34-3e5b-08ddb7179f33","1369d2fe-81d7-40e4-a375-c87b528712fa","Leadership Dashboard","منصة القيادة","7","2","Drivers","bbc57559-fb77-4c21-80ce-ca13cf90adf6","6/30/2025 11:19:16 AM","11/25/2025 8:21:44 AM"
"6ac55b9d-91b9-48ca-bf03-08ddb7179f3e","934bc0c8-5780-46b8-3e5c-08ddb7179f33","2b055b1b-49d1-40d9-810f-62a36bfec97d","Executive Dashboard","لوحة القيادة التنفيذية","8","2","Drivers","bbc57559-fb77-4c21-80ce-ca13cf90adf6","6/30/2025 11:19:49 AM","11/25/2025 8:21:44 AM"
"bdc153b2-7edc-49e3-bf04-08ddb7179f3e","934bc0c8-5780-46b8-3e5c-08ddb7179f33","1369d2fe-81d7-40e4-a375-c87b528712fa","Leadership Dashboard","منصة القيادة","8","2","Drivers","bbc57559-fb77-4c21-80ce-ca13cf90adf6","6/30/2025 11:19:49 AM","11/25/2025 8:21:44 AM"
"9b45d2e2-7ce9-4568-bf05-08ddb7179f3e","c9bfb3a0-2d3a-4895-3e5d-08ddb7179f33","2b055b1b-49d1-40d9-810f-62a36bfec97d","Executive Dashboard","لوحة القيادة التنفيذية","3","4","SpecialEntities","38eb7aff-a40a-434c-b6bd-b1931041d523","6/30/2025 11:25:06 AM",""
"d74400f1-a357-4323-bf06-08ddb7179f3e","c9bfb3a0-2d3a-4895-3e5d-08ddb7179f33","1369d2fe-81d7-40e4-a375-c87b528712fa","Leadership Dashboard","منصة القيادة","3","4","SpecialEntities","38eb7aff-a40a-434c-b6bd-b1931041d523","6/30/2025 11:25:06 AM",""
"c65f0a41-4f1b-40ac-bf07-08ddb7179f3e","c8b626a1-4f80-40ec-3e5e-08ddb7179f33","2b055b1b-49d1-40d9-810f-62a36bfec97d","Executive Dashboard","لوحة القيادة التنفيذية","4","4","SpecialEntities","38eb7aff-a40a-434c-b6bd-b1931041d523","6/30/2025 11:25:33 AM",""
"765a715c-4429-4ed1-bf08-08ddb7179f3e","c8b626a1-4f80-40ec-3e5e-08ddb7179f33","1369d2fe-81d7-40e4-a375-c87b528712fa","Leadership Dashboard","منصة القيادة","4","4","SpecialEntities","38eb7aff-a40a-434c-b6bd-b1931041d523","6/30/2025 11:25:33 AM",""
"047ea7ad-6321-4c9c-bf12-08ddb7179f3e","b92b131c-8a2e-49ef-3e64-08ddb7179f33","2b055b1b-49d1-40d9-810f-62a36bfec97d","Executive Dashboard","لوحة القيادة التنفيذية","3","4","SpecialEntities","53039338-c0fc-412a-aa1c-ecd2d68b5c5b","6/30/2025 1:48:32 PM",""
"3bd5858e-2d6f-47c5-bf13-08ddb7179f3e","b92b131c-8a2e-49ef-3e64-08ddb7179f33","1369d2fe-81d7-40e4-a375-c87b528712fa","Leadership Dashboard","منصة القيادة","3","4","SpecialEntities","53039338-c0fc-412a-aa1c-ecd2d68b5c5b","6/30/2025 1:48:32 PM",""
"c26cd549-b344-4c28-bf14-08ddb7179f3e","63073032-96e4-45fd-3e65-08ddb7179f33","2b055b1b-49d1-40d9-810f-62a36bfec97d","Executive Dashboard","لوحة القيادة التنفيذية","7","4","SpecialEntities","53039338-c0fc-412a-aa1c-ecd2d68b5c5b","6/30/2025 1:50:52 PM",""
"d072d802-a2d3-4d0e-bf15-08ddb7179f3e","63073032-96e4-45fd-3e65-08ddb7179f33","1369d2fe-81d7-40e4-a375-c87b528712fa","Leadership Dashboard","منصة القيادة","7","4","SpecialEntities","53039338-c0fc-412a-aa1c-ecd2d68b5c5b","6/30/2025 1:50:52 PM",""
"fc53cde5-48ea-45f8-bf16-08ddb7179f3e","0f4a1200-7f7b-4f67-3e66-08ddb7179f33","2b055b1b-49d1-40d9-810f-62a36bfec97d","Executive Dashboard","لوحة القيادة التنفيذية","1","4","SpecialEntities","943d0b58-e556-4eea-81ee-3e1b83a43f0c","6/30/2025 1:53:09 PM",""
"37d46326-4897-4d46-bf17-08ddb7179f3e","0f4a1200-7f7b-4f67-3e66-08ddb7179f33","1369d2fe-81d7-40e4-a375-c87b528712fa","Leadership Dashboard","منصة القيادة","1","4","SpecialEntities","943d0b58-e556-4eea-81ee-3e1b83a43f0c","6/30/2025 1:53:09 PM",""
"f380c6a0-c94a-45cf-bf18-08ddb7179f3e","f53e6941-a46d-4142-3e67-08ddb7179f33","2b055b1b-49d1-40d9-810f-62a36bfec97d","Executive Dashboard","لوحة القيادة التنفيذية","3","4","SpecialEntities","943d0b58-e556-4eea-81ee-3e1b83a43f0c","6/30/2025 1:53:52 PM",""
"131fad99-dc7d-4627-bf19-08ddb7179f3e","f53e6941-a46d-4142-3e67-08ddb7179f33","1369d2fe-81d7-40e4-a375-c87b528712fa","Leadership Dashboard","منصة القيادة","3","4","SpecialEntities","943d0b58-e556-4eea-81ee-3e1b83a43f0c","6/30/2025 1:53:52 PM",""
"4c611d97-2c8a-4c3c-bf1a-08ddb7179f3e","19d55db8-34f1-4697-3e68-08ddb7179f33","2b055b1b-49d1-40d9-810f-62a36bfec97d","Executive Dashboard","لوحة القيادة التنفيذية","4","4","SpecialEntities","943d0b58-e556-4eea-81ee-3e1b83a43f0c","6/30/2025 1:54:13 PM",""
"10497744-6987-405c-bf1b-08ddb7179f3e","19d55db8-34f1-4697-3e68-08ddb7179f33","1369d2fe-81d7-40e4-a375-c87b528712fa","Leadership Dashboard","منصة القيادة","4","4","SpecialEntities","943d0b58-e556-4eea-81ee-3e1b83a43f0c","6/30/2025 1:54:13 PM",""
"2e4a06be-d2d8-490a-bf1c-08ddb7179f3e","ba86d4e8-86df-4abf-3e69-08ddb7179f33","2b055b1b-49d1-40d9-810f-62a36bfec97d","Executive Dashboard","لوحة القيادة التنفيذية","5","4","SpecialEntities","943d0b58-e556-4eea-81ee-3e1b83a43f0c","6/30/2025 1:54:36 PM",""
"d0a65696-0599-4c0f-bf1d-08ddb7179f3e","ba86d4e8-86df-4abf-3e69-08ddb7179f33","1369d2fe-81d7-40e4-a375-c87b528712fa","Leadership Dashboard","منصة القيادة","5","4","SpecialEntities","943d0b58-e556-4eea-81ee-3e1b83a43f0c","6/30/2025 1:54:36 PM",""
"93819697-4a25-4806-bf1e-08ddb7179f3e","1c0c06df-a200-4826-3e6a-08ddb7179f33","2b055b1b-49d1-40d9-810f-62a36bfec97d","Executive Dashboard","لوحة القيادة التنفيذية","6","4","SpecialEntities","943d0b58-e556-4eea-81ee-3e1b83a43f0c","6/30/2025 1:54:59 PM",""
"249ad2fc-d94b-4308-bf1f-08ddb7179f3e","1c0c06df-a200-4826-3e6a-08ddb7179f33","1369d2fe-81d7-40e4-a375-c87b528712fa","Leadership Dashboard","منصة القيادة","6","4","SpecialEntities","943d0b58-e556-4eea-81ee-3e1b83a43f0c","6/30/2025 1:54:59 PM",""
"de13433e-b8ec-4f14-bf20-08ddb7179f3e","9af398b9-ca7f-4451-3e6b-08ddb7179f33","2b055b1b-49d1-40d9-810f-62a36bfec97d","Executive Dashboard","لوحة القيادة التنفيذية","2","4","SpecialEntities","e546e30f-6dfe-498e-8146-f90dc7946924","6/30/2025 1:57:53 PM",""
"e59fca24-12df-4ea7-bf21-08ddb7179f3e","9af398b9-ca7f-4451-3e6b-08ddb7179f33","1369d2fe-81d7-40e4-a375-c87b528712fa","Leadership Dashboard","منصة القيادة","2","4","SpecialEntities","e546e30f-6dfe-498e-8146-f90dc7946924","6/30/2025 1:57:53 PM",""
"6f9b05d0-05ef-4eee-bf22-08ddb7179f3e","e695ef47-c754-419c-3e6c-08ddb7179f33","2b055b1b-49d1-40d9-810f-62a36bfec97d","Executive Dashboard","لوحة القيادة التنفيذية","6","4","SpecialEntities","e546e30f-6dfe-498e-8146-f90dc7946924","6/30/2025 2:00:58 PM",""
"2f7c768f-635c-45de-bf23-08ddb7179f3e","e695ef47-c754-419c-3e6c-08ddb7179f33","1369d2fe-81d7-40e4-a375-c87b528712fa","Leadership Dashboard","منصة القيادة","6","4","SpecialEntities","e546e30f-6dfe-498e-8146-f90dc7946924","6/30/2025 2:00:58 PM",""
"3ab6e2e9-6e6d-48f1-bf24-08ddb7179f3e","45d63a3d-01cd-485d-3e6d-08ddb7179f33","2b055b1b-49d1-40d9-810f-62a36bfec97d","Executive Dashboard","لوحة القيادة التنفيذية","7","4","SpecialEntities","e546e30f-6dfe-498e-8146-f90dc7946924","6/30/2025 2:01:26 PM",""
"62b30494-c0b9-4566-bf25-08ddb7179f3e","45d63a3d-01cd-485d-3e6d-08ddb7179f33","1369d2fe-81d7-40e4-a375-c87b528712fa","Leadership Dashboard","منصة القيادة","7","4","SpecialEntities","e546e30f-6dfe-498e-8146-f90dc7946924","6/30/2025 2:01:26 PM",""
"cb5b837e-a851-4177-bf26-08ddb7179f3e","8822f966-05c2-417f-3e6e-08ddb7179f33","2b055b1b-49d1-40d9-810f-62a36bfec97d","Executive Dashboard","لوحة القيادة التنفيذية","8","4","SpecialEntities","e546e30f-6dfe-498e-8146-f90dc7946924","6/30/2025 2:01:53 PM",""
"27d9d82e-1d4e-43a2-bf27-08ddb7179f3e","8822f966-05c2-417f-3e6e-08ddb7179f33","1369d2fe-81d7-40e4-a375-c87b528712fa","Leadership Dashboard","منصة القيادة","8","4","SpecialEntities","e546e30f-6dfe-498e-8146-f90dc7946924","6/30/2025 2:01:53 PM",""
"5b2c13c2-e458-4f73-387a-08ddb722adc5","d2c4d177-bb12-4645-b53f-08ddb722adc3","2b055b1b-49d1-40d9-810f-62a36bfec97d","Executive Dashboard","لوحة القيادة التنفيذية","10","7","Sectors","39740084-7387-4caa-886a-8bd5c71fd799","6/29/2025 6:59:15 PM",""
"017cd23c-10bc-4046-387b-08ddb722adc5","d2c4d177-bb12-4645-b53f-08ddb722adc3","1369d2fe-81d7-40e4-a375-c87b528712fa","Leadership Dashboard","منصة القيادة","10","7","Sectors","39740084-7387-4caa-886a-8bd5c71fd799","6/29/2025 6:59:15 PM",""
"7d66788e-8b9e-4d07-387c-08ddb722adc5","c3257c34-9cb4-41be-b540-08ddb722adc3","2b055b1b-49d1-40d9-810f-62a36bfec97d","Executive Dashboard","لوحة القيادة التنفيذية","12","7","Sectors","39740084-7387-4caa-886a-8bd5c71fd799","6/29/2025 7:01:16 PM",""
"d272d4b5-cc69-49cd-387d-08ddb722adc5","c3257c34-9cb4-41be-b540-08ddb722adc3","1369d2fe-81d7-40e4-a375-c87b528712fa","Leadership Dashboard","منصة القيادة","12","7","Sectors","39740084-7387-4caa-886a-8bd5c71fd799","6/29/2025 7:01:16 PM",""
"36dc3674-bac1-40fb-3888-08ddb722adc5","e8dde311-7c9b-4bec-b546-08ddb722adc3","2b055b1b-49d1-40d9-810f-62a36bfec97d","Executive Dashboard","لوحة القيادة التنفيذية","4","7","Sectors","0679a403-9ca5-4a05-952b-53250586775b","6/29/2025 7:08:57 PM",""
"273cddab-d5ab-4dc4-3889-08ddb722adc5","e8dde311-7c9b-4bec-b546-08ddb722adc3","1369d2fe-81d7-40e4-a375-c87b528712fa","Leadership Dashboard","منصة القيادة","4","7","Sectors","0679a403-9ca5-4a05-952b-53250586775b","6/29/2025 7:08:57 PM",""
"4a2185a1-8510-482c-388c-08ddb722adc5","54259d3e-0236-495b-b548-08ddb722adc3","2b055b1b-49d1-40d9-810f-62a36bfec97d","Executive Dashboard","لوحة القيادة التنفيذية","7","7","Sectors","0679a403-9ca5-4a05-952b-53250586775b","6/29/2025 7:10:22 PM",""
"c66343b9-fb32-446d-388d-08ddb722adc5","54259d3e-0236-495b-b548-08ddb722adc3","1369d2fe-81d7-40e4-a375-c87b528712fa","Leadership Dashboard","منصة القيادة","7","7","Sectors","0679a403-9ca5-4a05-952b-53250586775b","6/29/2025 7:10:22 PM",""
"f841d6f2-8910-4667-388e-08ddb722adc5","b101ba8b-99ff-4118-b549-08ddb722adc3","2b055b1b-49d1-40d9-810f-62a36bfec97d","Executive Dashboard","لوحة القيادة التنفيذية","9","7","Sectors","0679a403-9ca5-4a05-952b-53250586775b","6/29/2025 7:11:05 PM",""
"870a9e0b-9ee1-4a4b-388f-08ddb722adc5","b101ba8b-99ff-4118-b549-08ddb722adc3","1369d2fe-81d7-40e4-a375-c87b528712fa","Leadership Dashboard","منصة القيادة","9","7","Sectors","0679a403-9ca5-4a05-952b-53250586775b","6/29/2025 7:11:05 PM",""
"f3a99895-8ab6-414c-3890-08ddb722adc5","2eb9e540-a156-40b0-b54a-08ddb722adc3","2b055b1b-49d1-40d9-810f-62a36bfec97d","Executive Dashboard","لوحة القيادة التنفيذية","10","7","Sectors","0679a403-9ca5-4a05-952b-53250586775b","6/29/2025 7:11:23 PM",""
"504ba281-77be-44f3-3891-08ddb722adc5","2eb9e540-a156-40b0-b54a-08ddb722adc3","1369d2fe-81d7-40e4-a375-c87b528712fa","Leadership Dashboard","منصة القيادة","10","7","Sectors","0679a403-9ca5-4a05-952b-53250586775b","6/29/2025 7:11:23 PM",""
"0aa0fcbb-dfb7-460e-38b2-08ddb722adc5","4621e313-d65e-460b-b55b-08ddb722adc3","2b055b1b-49d1-40d9-810f-62a36bfec97d","Executive Dashboard","لوحة القيادة التنفيذية","17","7","Sectors","3769563e-2ced-4ad9-9663-e74fcf662806","6/29/2025 8:14:42 PM","6/15/2026 11:52:27 AM"
"75776b91-9729-45ee-38b3-08ddb722adc5","4621e313-d65e-460b-b55b-08ddb722adc3","1369d2fe-81d7-40e4-a375-c87b528712fa","Leadership Dashboard","منصة القيادة","17","7","Sectors","3769563e-2ced-4ad9-9663-e74fcf662806","6/29/2025 8:14:42 PM","6/15/2026 11:52:27 AM"
"acbde7f3-a57b-40e3-38c0-08ddb722adc5","d721ff2f-6278-4b48-b562-08ddb722adc3","2b055b1b-49d1-40d9-810f-62a36bfec97d","Executive Dashboard","لوحة القيادة التنفيذية","10","7","Sectors","f48b7019-ef34-4eb7-859d-2e4bde81d3c1","6/29/2025 8:23:45 PM","11/25/2025 1:41:18 PM"
"bda24ec8-7d85-400e-38c1-08ddb722adc5","d721ff2f-6278-4b48-b562-08ddb722adc3","1369d2fe-81d7-40e4-a375-c87b528712fa","Leadership Dashboard","منصة القيادة","10","7","Sectors","f48b7019-ef34-4eb7-859d-2e4bde81d3c1","6/29/2025 8:23:45 PM","11/25/2025 1:41:18 PM"
"c92b6db2-18af-4e6d-38c2-08ddb722adc5","ce90f312-89d7-4642-b563-08ddb722adc3","2b055b1b-49d1-40d9-810f-62a36bfec97d","Executive Dashboard","لوحة القيادة التنفيذية","11","7","Sectors","f48b7019-ef34-4eb7-859d-2e4bde81d3c1","6/29/2025 8:24:43 PM","11/25/2025 1:41:18 PM"
"2622c9f8-8c0e-47c2-38c3-08ddb722adc5","ce90f312-89d7-4642-b563-08ddb722adc3","1369d2fe-81d7-40e4-a375-c87b528712fa","Leadership Dashboard","منصة القيادة","11","7","Sectors","f48b7019-ef34-4eb7-859d-2e4bde81d3c1","6/29/2025 8:24:43 PM","11/25/2025 1:41:18 PM"
"acadb4de-4a78-4836-38d6-08ddb722adc5","9261cd38-6628-44b6-b56d-08ddb722adc3","2b055b1b-49d1-40d9-810f-62a36bfec97d","Executive Dashboard","لوحة القيادة التنفيذية","3","7","Sectors","39740084-7387-4caa-886a-8bd5c71fd799","6/29/2025 11:11:25 PM","1/11/2026 12:33:48 PM"
"88fe049a-6726-4898-38d7-08ddb722adc5","9261cd38-6628-44b6-b56d-08ddb722adc3","1369d2fe-81d7-40e4-a375-c87b528712fa","Leadership Dashboard","منصة القيادة","3","7","Sectors","39740084-7387-4caa-886a-8bd5c71fd799","6/29/2025 11:11:25 PM","1/11/2026 12:33:48 PM"
"e5e252b6-ceeb-4a44-38d8-08ddb722adc5","d946e532-7a4a-465c-b56e-08ddb722adc3","2b055b1b-49d1-40d9-810f-62a36bfec97d","Executive Dashboard","لوحة القيادة التنفيذية","4","7","Sectors","39740084-7387-4caa-886a-8bd5c71fd799","6/29/2025 11:17:11 PM","1/11/2026 12:33:48 PM"
"27b5f374-2cc2-4af9-38d9-08ddb722adc5","d946e532-7a4a-465c-b56e-08ddb722adc3","1369d2fe-81d7-40e4-a375-c87b528712fa","Leadership Dashboard","منصة القيادة","4","7","Sectors","39740084-7387-4caa-886a-8bd5c71fd799","6/29/2025 11:17:11 PM","1/11/2026 12:33:48 PM"
"5a31325b-304b-49d3-38e0-08ddb722adc5","f726cf23-d70b-4f87-b572-08ddb722adc3","2b055b1b-49d1-40d9-810f-62a36bfec97d","Executive Dashboard","لوحة القيادة التنفيذية","1","1","Enablers","d0b039d5-04b0-42b6-a656-c4d66d506e67","6/30/2025 10:50:05 AM",""
"776189a8-2e15-4a25-38e1-08ddb722adc5","f726cf23-d70b-4f87-b572-08ddb722adc3","1369d2fe-81d7-40e4-a375-c87b528712fa","Leadership Dashboard","منصة القيادة","1","1","Enablers","d0b039d5-04b0-42b6-a656-c4d66d506e67","6/30/2025 10:50:05 AM",""
"e1956d79-5098-4dad-38e2-08ddb722adc5","4cf28eb0-d3d3-436b-b573-08ddb722adc3","2b055b1b-49d1-40d9-810f-62a36bfec97d","Executive Dashboard","لوحة القيادة التنفيذية","3","1","Enablers","d0b039d5-04b0-42b6-a656-c4d66d506e67","6/30/2025 10:50:53 AM",""
"fb7d7eae-8e3b-45a9-38e3-08ddb722adc5","4cf28eb0-d3d3-436b-b573-08ddb722adc3","1369d2fe-81d7-40e4-a375-c87b528712fa","Leadership Dashboard","منصة القيادة","3","1","Enablers","d0b039d5-04b0-42b6-a656-c4d66d506e67","6/30/2025 10:50:53 AM",""
"33ee2373-374d-4145-38e8-08ddb722adc5","298b09ad-4cf5-4503-b576-08ddb722adc3","2b055b1b-49d1-40d9-810f-62a36bfec97d","Executive Dashboard","لوحة القيادة التنفيذية","2","1","Enablers","8d832af9-2cf0-4ed6-b3e6-28d51ee2d4f1","6/30/2025 11:12:18 AM",""
"58e2a382-6784-40fd-38e9-08ddb722adc5","298b09ad-4cf5-4503-b576-08ddb722adc3","1369d2fe-81d7-40e4-a375-c87b528712fa","Leadership Dashboard","منصة القيادة","2","1","Enablers","8d832af9-2cf0-4ed6-b3e6-28d51ee2d4f1","6/30/2025 11:12:18 AM",""
"1fd0d5f2-bf7c-4630-38ea-08ddb722adc5","cb53f44c-8e81-4ba5-b577-08ddb722adc3","2b055b1b-49d1-40d9-810f-62a36bfec97d","Executive Dashboard","لوحة القيادة التنفيذية","1","2","Drivers","9f7bed06-248e-4511-af36-9196b3911dcc","6/30/2025 11:15:15 AM",""
"1b39c5c1-056f-48f3-38eb-08ddb722adc5","cb53f44c-8e81-4ba5-b577-08ddb722adc3","1369d2fe-81d7-40e4-a375-c87b528712fa","Leadership Dashboard","منصة القيادة","1","2","Drivers","9f7bed06-248e-4511-af36-9196b3911dcc","6/30/2025 11:15:15 AM",""
"8dd5b68f-f653-4aee-38ec-08ddb722adc5","a90a3185-1ed5-4396-b578-08ddb722adc3","2b055b1b-49d1-40d9-810f-62a36bfec97d","Executive Dashboard","لوحة القيادة التنفيذية","1","2","Drivers","bbc57559-fb77-4c21-80ce-ca13cf90adf6","6/30/2025 11:16:08 AM",""
"12495c4c-952c-43d4-38ed-08ddb722adc5","a90a3185-1ed5-4396-b578-08ddb722adc3","1369d2fe-81d7-40e4-a375-c87b528712fa","Leadership Dashboard","منصة القيادة","1","2","Drivers","bbc57559-fb77-4c21-80ce-ca13cf90adf6","6/30/2025 11:16:08 AM",""
"bb0e0c4c-7747-4725-38ee-08ddb722adc5","5be08e95-cf7e-47c4-b579-08ddb722adc3","2b055b1b-49d1-40d9-810f-62a36bfec97d","Executive Dashboard","لوحة القيادة التنفيذية","3","2","Drivers","bbc57559-fb77-4c21-80ce-ca13cf90adf6","6/30/2025 11:17:32 AM","11/25/2025 8:21:44 AM"
"be3dc72f-9f33-46f8-38ef-08ddb722adc5","5be08e95-cf7e-47c4-b579-08ddb722adc3","1369d2fe-81d7-40e4-a375-c87b528712fa","Leadership Dashboard","منصة القيادة","3","2","Drivers","bbc57559-fb77-4c21-80ce-ca13cf90adf6","6/30/2025 11:17:32 AM","11/25/2025 8:21:44 AM"
"b5911ef8-938e-44b8-38f0-08ddb722adc5","6b4f51a8-b0b2-43d6-b57a-08ddb722adc3","2b055b1b-49d1-40d9-810f-62a36bfec97d","Executive Dashboard","لوحة القيادة التنفيذية","4","2","Drivers","bbc57559-fb77-4c21-80ce-ca13cf90adf6","6/30/2025 11:17:57 AM","11/25/2025 8:21:44 AM"
"4be9f2fe-bfef-48a6-38f1-08ddb722adc5","6b4f51a8-b0b2-43d6-b57a-08ddb722adc3","1369d2fe-81d7-40e4-a375-c87b528712fa","Leadership Dashboard","منصة القيادة","4","2","Drivers","bbc57559-fb77-4c21-80ce-ca13cf90adf6","6/30/2025 11:17:57 AM","11/25/2025 8:21:44 AM"
"94e245a9-aa02-453a-38f2-08ddb722adc5","c817263d-3a22-49fe-b57b-08ddb722adc3","2b055b1b-49d1-40d9-810f-62a36bfec97d","Executive Dashboard","لوحة القيادة التنفيذية","6","2","Drivers","bbc57559-fb77-4c21-80ce-ca13cf90adf6","6/30/2025 11:18:48 AM","11/25/2025 8:21:44 AM"
"7e413391-d2b3-47b2-38f3-08ddb722adc5","c817263d-3a22-49fe-b57b-08ddb722adc3","1369d2fe-81d7-40e4-a375-c87b528712fa","Leadership Dashboard","منصة القيادة","6","2","Drivers","bbc57559-fb77-4c21-80ce-ca13cf90adf6","6/30/2025 11:18:48 AM","11/25/2025 8:21:44 AM"
"9f9c1ae2-54ad-4ad6-38f4-08ddb722adc5","bfbb07cc-a75f-4f91-b57c-08ddb722adc3","2b055b1b-49d1-40d9-810f-62a36bfec97d","Executive Dashboard","لوحة القيادة التنفيذية","2","2","Drivers","bbc57559-fb77-4c21-80ce-ca13cf90adf6","6/30/2025 11:21:01 AM","11/25/2025 8:21:44 AM"
"f4fd127e-ae54-4c70-38f5-08ddb722adc5","bfbb07cc-a75f-4f91-b57c-08ddb722adc3","1369d2fe-81d7-40e4-a375-c87b528712fa","Leadership Dashboard","منصة القيادة","2","2","Drivers","bbc57559-fb77-4c21-80ce-ca13cf90adf6","6/30/2025 11:21:01 AM","11/25/2025 8:21:44 AM"
"480c2881-ea7f-4bbe-38f6-08ddb722adc5","5d6365ea-9a11-4e41-b57d-08ddb722adc3","2b055b1b-49d1-40d9-810f-62a36bfec97d","Executive Dashboard","لوحة القيادة التنفيذية","1","4","SpecialEntities","38eb7aff-a40a-434c-b6bd-b1931041d523","6/30/2025 11:23:20 AM",""
"973e2055-2312-463e-38f7-08ddb722adc5","5d6365ea-9a11-4e41-b57d-08ddb722adc3","1369d2fe-81d7-40e4-a375-c87b528712fa","Leadership Dashboard","منصة القيادة","1","4","SpecialEntities","38eb7aff-a40a-434c-b6bd-b1931041d523","6/30/2025 11:23:20 AM",""
"553c091d-85c8-43b3-38f8-08ddb722adc5","b77d24f1-93ad-4fd0-b57e-08ddb722adc3","2b055b1b-49d1-40d9-810f-62a36bfec97d","Executive Dashboard","لوحة القيادة التنفيذية","2","4","SpecialEntities","38eb7aff-a40a-434c-b6bd-b1931041d523","6/30/2025 11:23:41 AM",""
"6aed4f8c-7666-41fc-38f9-08ddb722adc5","b77d24f1-93ad-4fd0-b57e-08ddb722adc3","1369d2fe-81d7-40e4-a375-c87b528712fa","Leadership Dashboard","منصة القيادة","2","4","SpecialEntities","38eb7aff-a40a-434c-b6bd-b1931041d523","6/30/2025 11:23:41 AM",""
"02e1bc0f-bbe0-4909-38fa-08ddb722adc5","db238c93-c268-461a-b57f-08ddb722adc3","2b055b1b-49d1-40d9-810f-62a36bfec97d","Executive Dashboard","لوحة القيادة التنفيذية","5","4","SpecialEntities","38eb7aff-a40a-434c-b6bd-b1931041d523","6/30/2025 11:26:02 AM",""
"c91ea7c6-eadf-4614-38fb-08ddb722adc5","db238c93-c268-461a-b57f-08ddb722adc3","1369d2fe-81d7-40e4-a375-c87b528712fa","Leadership Dashboard","منصة القيادة","5","4","SpecialEntities","38eb7aff-a40a-434c-b6bd-b1931041d523","6/30/2025 11:26:02 AM",""
"79175f67-3a66-4641-38fc-08ddb722adc5","d0666126-3e30-4ef0-b580-08ddb722adc3","2b055b1b-49d1-40d9-810f-62a36bfec97d","Executive Dashboard","لوحة القيادة التنفيذية","6","4","SpecialEntities","38eb7aff-a40a-434c-b6bd-b1931041d523","6/30/2025 11:26:27 AM",""
"d143d972-7e2f-4ae4-38fd-08ddb722adc5","d0666126-3e30-4ef0-b580-08ddb722adc3","1369d2fe-81d7-40e4-a375-c87b528712fa","Leadership Dashboard","منصة القيادة","6","4","SpecialEntities","38eb7aff-a40a-434c-b6bd-b1931041d523","6/30/2025 11:26:27 AM",""
"c56ccc68-a808-498b-38fe-08ddb722adc5","9a2d91c8-d4c0-431b-b581-08ddb722adc3","2b055b1b-49d1-40d9-810f-62a36bfec97d","Executive Dashboard","لوحة القيادة التنفيذية","1","4","SpecialEntities","53039338-c0fc-412a-aa1c-ecd2d68b5c5b","6/30/2025 1:47:41 PM",""
"21df7bf7-39cb-44f0-38ff-08ddb722adc5","9a2d91c8-d4c0-431b-b581-08ddb722adc3","1369d2fe-81d7-40e4-a375-c87b528712fa","Leadership Dashboard","منصة القيادة","1","4","SpecialEntities","53039338-c0fc-412a-aa1c-ecd2d68b5c5b","6/30/2025 1:47:41 PM",""
"eee879f4-d825-48fa-3900-08ddb722adc5","7a9043e0-0b8f-4939-b582-08ddb722adc3","2b055b1b-49d1-40d9-810f-62a36bfec97d","Executive Dashboard","لوحة القيادة التنفيذية","2","4","SpecialEntities","53039338-c0fc-412a-aa1c-ecd2d68b5c5b","6/30/2025 1:48:07 PM",""
"6456b211-cade-436b-3901-08ddb722adc5","7a9043e0-0b8f-4939-b582-08ddb722adc3","1369d2fe-81d7-40e4-a375-c87b528712fa","Leadership Dashboard","منصة القيادة","2","4","SpecialEntities","53039338-c0fc-412a-aa1c-ecd2d68b5c5b","6/30/2025 1:48:07 PM",""
"7718c625-0ce7-416f-3902-08ddb722adc5","6fd24445-5619-4817-b583-08ddb722adc3","2b055b1b-49d1-40d9-810f-62a36bfec97d","Executive Dashboard","لوحة القيادة التنفيذية","4","4","SpecialEntities","53039338-c0fc-412a-aa1c-ecd2d68b5c5b","6/30/2025 1:49:01 PM",""
"d4973a7a-e762-4899-3903-08ddb722adc5","6fd24445-5619-4817-b583-08ddb722adc3","1369d2fe-81d7-40e4-a375-c87b528712fa","Leadership Dashboard","منصة القيادة","4","4","SpecialEntities","53039338-c0fc-412a-aa1c-ecd2d68b5c5b","6/30/2025 1:49:01 PM",""
"5c958817-a92f-4da5-3904-08ddb722adc5","e71f0d56-0ca7-4508-b584-08ddb722adc3","2b055b1b-49d1-40d9-810f-62a36bfec97d","Executive Dashboard","لوحة القيادة التنفيذية","5","4","SpecialEntities","53039338-c0fc-412a-aa1c-ecd2d68b5c5b","6/30/2025 1:49:39 PM",""
"a7d6e04b-3e61-4b95-3905-08ddb722adc5","e71f0d56-0ca7-4508-b584-08ddb722adc3","1369d2fe-81d7-40e4-a375-c87b528712fa","Leadership Dashboard","منصة القيادة","5","4","SpecialEntities","53039338-c0fc-412a-aa1c-ecd2d68b5c5b","6/30/2025 1:49:39 PM",""
"b9181a01-c528-4af5-3906-08ddb722adc5","1bbcb6ff-813a-49de-b585-08ddb722adc3","2b055b1b-49d1-40d9-810f-62a36bfec97d","Executive Dashboard","لوحة القيادة التنفيذية","6","4","SpecialEntities","53039338-c0fc-412a-aa1c-ecd2d68b5c5b","6/30/2025 1:50:07 PM",""
"2198346d-40e6-4c7b-3907-08ddb722adc5","1bbcb6ff-813a-49de-b585-08ddb722adc3","1369d2fe-81d7-40e4-a375-c87b528712fa","Leadership Dashboard","منصة القيادة","6","4","SpecialEntities","53039338-c0fc-412a-aa1c-ecd2d68b5c5b","6/30/2025 1:50:07 PM",""
"e75b6e27-7819-475a-3908-08ddb722adc5","d631b600-dadb-4c6c-b586-08ddb722adc3","2b055b1b-49d1-40d9-810f-62a36bfec97d","Executive Dashboard","لوحة القيادة التنفيذية","2","4","SpecialEntities","943d0b58-e556-4eea-81ee-3e1b83a43f0c","6/30/2025 1:53:30 PM",""
"4a116034-1f51-4e1a-3909-08ddb722adc5","d631b600-dadb-4c6c-b586-08ddb722adc3","1369d2fe-81d7-40e4-a375-c87b528712fa","Leadership Dashboard","منصة القيادة","2","4","SpecialEntities","943d0b58-e556-4eea-81ee-3e1b83a43f0c","6/30/2025 1:53:30 PM",""
"8a5dd2bc-7d3b-424f-390a-08ddb722adc5","5d4fc31b-01c2-48fb-b587-08ddb722adc3","2b055b1b-49d1-40d9-810f-62a36bfec97d","Executive Dashboard","لوحة القيادة التنفيذية","1","4","SpecialEntities","e546e30f-6dfe-498e-8146-f90dc7946924","6/30/2025 1:57:31 PM",""
"04bca64e-ab1b-4b38-390b-08ddb722adc5","5d4fc31b-01c2-48fb-b587-08ddb722adc3","1369d2fe-81d7-40e4-a375-c87b528712fa","Leadership Dashboard","منصة القيادة","1","4","SpecialEntities","e546e30f-6dfe-498e-8146-f90dc7946924","6/30/2025 1:57:31 PM",""
"49880382-db48-436f-390c-08ddb722adc5","c2967fd3-1266-4ced-b588-08ddb722adc3","2b055b1b-49d1-40d9-810f-62a36bfec97d","Executive Dashboard","لوحة القيادة التنفيذية","3","4","SpecialEntities","e546e30f-6dfe-498e-8146-f90dc7946924","6/30/2025 1:58:37 PM",""
"fd47cbda-9607-4c51-390d-08ddb722adc5","c2967fd3-1266-4ced-b588-08ddb722adc3","1369d2fe-81d7-40e4-a375-c87b528712fa","Leadership Dashboard","منصة القيادة","3","4","SpecialEntities","e546e30f-6dfe-498e-8146-f90dc7946924","6/30/2025 1:58:37 PM",""
"7193d678-0449-4471-390e-08ddb722adc5","e09fd076-383b-490c-b589-08ddb722adc3","2b055b1b-49d1-40d9-810f-62a36bfec97d","Executive Dashboard","لوحة القيادة التنفيذية","4","4","SpecialEntities","e546e30f-6dfe-498e-8146-f90dc7946924","6/30/2025 1:59:01 PM",""
"01e41e6f-b96f-4fe5-390f-08ddb722adc5","e09fd076-383b-490c-b589-08ddb722adc3","1369d2fe-81d7-40e4-a375-c87b528712fa","Leadership Dashboard","منصة القيادة","4","4","SpecialEntities","e546e30f-6dfe-498e-8146-f90dc7946924","6/30/2025 1:59:01 PM",""
"9fd81b46-21e0-477a-3910-08ddb722adc5","a7ebe308-044c-4dac-b58a-08ddb722adc3","2b055b1b-49d1-40d9-810f-62a36bfec97d","Executive Dashboard","لوحة القيادة التنفيذية","5","4","SpecialEntities","e546e30f-6dfe-498e-8146-f90dc7946924","6/30/2025 2:00:30 PM",""
"909ca263-0ab4-4894-3911-08ddb722adc5","a7ebe308-044c-4dac-b58a-08ddb722adc3","1369d2fe-81d7-40e4-a375-c87b528712fa","Leadership Dashboard","منصة القيادة","5","4","SpecialEntities","e546e30f-6dfe-498e-8146-f90dc7946924","6/30/2025 2:00:30 PM",""
"384358c5-dc00-4205-3912-08ddb722adc5","1e2db018-2e23-49bc-b58b-08ddb722adc3","2b055b1b-49d1-40d9-810f-62a36bfec97d","Executive Dashboard","لوحة القيادة التنفيذية","9","4","SpecialEntities","e546e30f-6dfe-498e-8146-f90dc7946924","6/30/2025 2:02:21 PM",""
"edf7c025-26ea-4f65-3913-08ddb722adc5","1e2db018-2e23-49bc-b58b-08ddb722adc3","1369d2fe-81d7-40e4-a375-c87b528712fa","Leadership Dashboard","منصة القيادة","9","4","SpecialEntities","e546e30f-6dfe-498e-8146-f90dc7946924","6/30/2025 2:02:21 PM",""
"183b67e1-6ea2-4241-3914-08ddb722adc5","59f286b6-d682-4889-b58c-08ddb722adc3","2b055b1b-49d1-40d9-810f-62a36bfec97d","Executive Dashboard","لوحة القيادة التنفيذية","10","4","SpecialEntities","e546e30f-6dfe-498e-8146-f90dc7946924","6/30/2025 2:03:12 PM",""
"2837b5b0-fe9c-453e-3915-08ddb722adc5","59f286b6-d682-4889-b58c-08ddb722adc3","1369d2fe-81d7-40e4-a375-c87b528712fa","Leadership Dashboard","منصة القيادة","10","4","SpecialEntities","e546e30f-6dfe-498e-8146-f90dc7946924","6/30/2025 2:03:12 PM",""
"d89208a4-c043-49a4-24c9-08ddbd8c9c3a","311f3407-e32c-4171-0464-08ddbd8c9c38","2b055b1b-49d1-40d9-810f-62a36bfec97d","Executive Dashboard","لوحة القيادة التنفيذية","17","7","Sectors","39740084-7387-4caa-886a-8bd5c71fd799","7/7/2025 10:53:34 PM",""
"7ef7f0d6-0e5e-47d4-24ca-08ddbd8c9c3a","311f3407-e32c-4171-0464-08ddbd8c9c38","1369d2fe-81d7-40e4-a375-c87b528712fa","Leadership Dashboard","منصة القيادة","17","7","Sectors","39740084-7387-4caa-886a-8bd5c71fd799","7/7/2025 10:53:34 PM",""
"d3917540-00ac-4088-9158-08ddd8aaca13","b954a215-4527-47cf-13d6-08ddd8aaca12","2b055b1b-49d1-40d9-810f-62a36bfec97d","Executive Dashboard","لوحة القيادة التنفيذية","5","7","Sectors","56f68520-57a9-4bff-a680-11cc3322f780","8/12/2025 10:07:47 AM",""
"82773950-78de-40be-9159-08ddd8aaca13","b954a215-4527-47cf-13d6-08ddd8aaca12","1369d2fe-81d7-40e4-a375-c87b528712fa","Leadership Dashboard","منصة القيادة","5","7","Sectors","56f68520-57a9-4bff-a680-11cc3322f780","8/12/2025 10:07:47 AM",""
"f4df8c79-3fa3-4e26-f168-08dddd5433d6","554f0bf8-a094-4bdd-a7d8-08dddd5433d4","2b055b1b-49d1-40d9-810f-62a36bfec97d","Executive Dashboard","لوحة القيادة التنفيذية","14","7","Sectors","183e97e8-172e-48bf-afb2-46b453b7ad23","8/17/2025 1:52:07 PM",""
"f9b62c3a-bee1-4f01-f169-08dddd5433d6","554f0bf8-a094-4bdd-a7d8-08dddd5433d4","1369d2fe-81d7-40e4-a375-c87b528712fa","Leadership Dashboard","منصة القيادة","14","7","Sectors","183e97e8-172e-48bf-afb2-46b453b7ad23","8/17/2025 1:52:07 PM",""
"7769aee8-44bb-461b-f17c-08dddd5433d6","92aa796c-b5e1-4f57-a7e2-08dddd5433d4","2b055b1b-49d1-40d9-810f-62a36bfec97d","Executive Dashboard","لوحة القيادة التنفيذية","2","7","Sectors","193fd388-ded0-455f-86a3-32ac810c3e6a","8/20/2025 7:57:28 AM",""
"3e5ffdd4-db5e-4411-f17d-08dddd5433d6","92aa796c-b5e1-4f57-a7e2-08dddd5433d4","1369d2fe-81d7-40e4-a375-c87b528712fa","Leadership Dashboard","منصة القيادة","2","7","Sectors","193fd388-ded0-455f-86a3-32ac810c3e6a","8/20/2025 7:57:28 AM",""
"3984474d-e7f2-4291-477d-08dddd57848f","7ca07ae2-eec1-4ed0-c7ed-08dddd57848d","2b055b1b-49d1-40d9-810f-62a36bfec97d","Executive Dashboard","لوحة القيادة التنفيذية","4","7","Sectors","193fd388-ded0-455f-86a3-32ac810c3e6a","8/17/2025 11:21:38 AM",""
"d779af13-8161-4505-477e-08dddd57848f","7ca07ae2-eec1-4ed0-c7ed-08dddd57848d","1369d2fe-81d7-40e4-a375-c87b528712fa","Leadership Dashboard","منصة القيادة","4","7","Sectors","193fd388-ded0-455f-86a3-32ac810c3e6a","8/17/2025 11:21:38 AM",""
"6bd1bb31-d788-4e61-4783-08dddd57848f","b2720098-c079-4302-c7f0-08dddd57848d","2b055b1b-49d1-40d9-810f-62a36bfec97d","Executive Dashboard","لوحة القيادة التنفيذية","6","7","Sectors","193fd388-ded0-455f-86a3-32ac810c3e6a","8/17/2025 11:27:56 AM",""
"b2b799bc-9999-4273-4784-08dddd57848f","b2720098-c079-4302-c7f0-08dddd57848d","1369d2fe-81d7-40e4-a375-c87b528712fa","Leadership Dashboard","منصة القيادة","6","7","Sectors","193fd388-ded0-455f-86a3-32ac810c3e6a","8/17/2025 11:27:56 AM",""
"dd997b9f-b7c0-46dd-585f-08dde2343bfc","56117402-dd45-4e84-db60-08dde2343bfa","2b055b1b-49d1-40d9-810f-62a36bfec97d","Executive Dashboard","لوحة القيادة التنفيذية","6","7","Sectors","39740084-7387-4caa-886a-8bd5c71fd799","8/25/2025 8:48:30 AM",""
"1954c6a5-9952-4db1-5860-08dde2343bfc","56117402-dd45-4e84-db60-08dde2343bfa","1369d2fe-81d7-40e4-a375-c87b528712fa","Leadership Dashboard","منصة القيادة","6","7","Sectors","39740084-7387-4caa-886a-8bd5c71fd799","8/25/2025 8:48:30 AM",""
"c02d0ae7-19bc-45e9-cf18-08de049c57c5","f93b4e4c-3855-4ecf-c881-08de049c57c4","2b055b1b-49d1-40d9-810f-62a36bfec97d","Executive Dashboard","لوحة القيادة التنفيذية","3","1","Enablers","8d832af9-2cf0-4ed6-b3e6-28d51ee2d4f1","10/6/2025 9:02:31 AM",""
"09d72260-da6a-43e3-cf19-08de049c57c5","f93b4e4c-3855-4ecf-c881-08de049c57c4","1369d2fe-81d7-40e4-a375-c87b528712fa","Leadership Dashboard","منصة القيادة","3","1","Enablers","8d832af9-2cf0-4ed6-b3e6-28d51ee2d4f1","10/6/2025 9:02:31 AM",""
"f2f27b82-d45f-48ea-cf1c-08de049c57c5","f45c2040-d061-4e4c-c883-08de049c57c4","2b055b1b-49d1-40d9-810f-62a36bfec97d","Executive Dashboard","لوحة القيادة التنفيذية","13","7","Sectors","39740084-7387-4caa-886a-8bd5c71fd799","10/6/2025 9:20:55 AM",""
"64158f62-aa92-459c-cf1d-08de049c57c5","f45c2040-d061-4e4c-c883-08de049c57c4","1369d2fe-81d7-40e4-a375-c87b528712fa","Leadership Dashboard","منصة القيادة","13","7","Sectors","39740084-7387-4caa-886a-8bd5c71fd799","10/6/2025 9:20:55 AM",""
"38cfaacb-3037-4ace-cf20-08de049c57c5","f5ba2733-9ccd-4bf7-c885-08de049c57c4","2b055b1b-49d1-40d9-810f-62a36bfec97d","Executive Dashboard","لوحة القيادة التنفيذية","1","1","Enablers","de4dd3e7-1100-4a87-93f9-a10c891a36ed","10/6/2025 9:30:29 AM",""
"907cf2e9-1f05-4bba-cf21-08de049c57c5","f5ba2733-9ccd-4bf7-c885-08de049c57c4","1369d2fe-81d7-40e4-a375-c87b528712fa","Leadership Dashboard","منصة القيادة","1","1","Enablers","de4dd3e7-1100-4a87-93f9-a10c891a36ed","10/6/2025 9:30:29 AM",""
"ceb14d11-1701-436d-cf22-08de049c57c5","e10eaacf-94aa-49d4-c886-08de049c57c4","2b055b1b-49d1-40d9-810f-62a36bfec97d","Executive Dashboard","لوحة القيادة التنفيذية","2","1","Enablers","df683627-ae84-4d71-a27d-cb75e298ad8f","10/6/2025 9:32:10 AM",""
"580d2187-1448-428a-cf23-08de049c57c5","e10eaacf-94aa-49d4-c886-08de049c57c4","1369d2fe-81d7-40e4-a375-c87b528712fa","Leadership Dashboard","منصة القيادة","2","1","Enablers","df683627-ae84-4d71-a27d-cb75e298ad8f","10/6/2025 9:32:10 AM",""
"92f12bb3-8111-42f2-b868-08de064080f8","fcdc61e3-9c77-48bf-28ad-08de064080f7","2b055b1b-49d1-40d9-810f-62a36bfec97d","Executive Dashboard","لوحة القيادة التنفيذية","3","7","Sectors","39740084-7387-4caa-886a-8bd5c71fd799","10/8/2025 10:58:45 AM",""
"f2da2556-d477-4e9f-b869-08de064080f8","fcdc61e3-9c77-48bf-28ad-08de064080f7","1369d2fe-81d7-40e4-a375-c87b528712fa","Leadership Dashboard","منصة القيادة","3","7","Sectors","39740084-7387-4caa-886a-8bd5c71fd799","10/8/2025 10:58:45 AM",""
"e14af2d2-6400-4aa9-1bcc-08de096828d7","7dab8934-bec3-4a34-801d-08de096828d5","2b055b1b-49d1-40d9-810f-62a36bfec97d","Executive Dashboard","لوحة القيادة التنفيذية","6","6","DiversificationTargets","","10/12/2025 2:00:44 PM",""
"a6b1c4f5-d439-4050-1bcd-08de096828d7","7dab8934-bec3-4a34-801d-08de096828d5","1369d2fe-81d7-40e4-a375-c87b528712fa","Leadership Dashboard","منصة القيادة","6","6","DiversificationTargets","","10/12/2025 2:00:44 PM",""
"aab3db83-3e6e-420b-2438-08de268d1812","3cb9c41f-f061-4f05-f4aa-08de268d1810","2b055b1b-49d1-40d9-810f-62a36bfec97d","Executive Dashboard","لوحة القيادة التنفيذية","3","7","Sectors","183e97e8-172e-48bf-afb2-46b453b7ad23","11/19/2025 7:54:17 AM",""
"0d0d465d-d332-4333-2439-08de268d1812","3cb9c41f-f061-4f05-f4aa-08de268d1810","1369d2fe-81d7-40e4-a375-c87b528712fa","Leadership Dashboard","منصة القيادة","3","7","Sectors","183e97e8-172e-48bf-afb2-46b453b7ad23","11/19/2025 7:54:17 AM",""
"28a2ef69-1086-439f-6b1f-08de2a61dd8b","af220032-2e2a-4521-d1eb-08de2a61dd80","2b055b1b-49d1-40d9-810f-62a36bfec97d","Executive Dashboard","لوحة القيادة التنفيذية","9","7","Sectors","f48b7019-ef34-4eb7-859d-2e4bde81d3c1","11/24/2025 1:25:55 PM","11/25/2025 1:41:18 PM"
"40605462-9c3d-475b-6b20-08de2a61dd8b","af220032-2e2a-4521-d1eb-08de2a61dd80","1369d2fe-81d7-40e4-a375-c87b528712fa","Leadership Dashboard","منصة القيادة","9","7","Sectors","f48b7019-ef34-4eb7-859d-2e4bde81d3c1","11/24/2025 1:25:55 PM","11/25/2025 1:41:18 PM"
"464c6f62-8dc5-448f-23c8-08de34c3675d","a9d5aa30-94b9-4e6d-9425-08de34c3675b","2b055b1b-49d1-40d9-810f-62a36bfec97d","Executive Dashboard","لوحة القيادة التنفيذية","4","7","Sectors","3769563e-2ced-4ad9-9663-e74fcf662806","12/6/2025 3:35:55 PM","6/15/2026 11:52:27 AM"
"e810254a-ac67-421e-23c9-08de34c3675d","a9d5aa30-94b9-4e6d-9425-08de34c3675b","1369d2fe-81d7-40e4-a375-c87b528712fa","Leadership Dashboard","منصة القيادة","4","7","Sectors","3769563e-2ced-4ad9-9663-e74fcf662806","12/6/2025 3:35:55 PM","6/15/2026 11:52:27 AM"
"fdda75fa-fee5-4441-23cc-08de34c3675d","452b585c-af2e-4941-9427-08de34c3675b","2b055b1b-49d1-40d9-810f-62a36bfec97d","Executive Dashboard","لوحة القيادة التنفيذية","2","7","Sectors","56f68520-57a9-4bff-a680-11cc3322f780","12/8/2025 11:05:01 AM",""
"ca09874f-bb31-4090-23cd-08de34c3675d","452b585c-af2e-4941-9427-08de34c3675b","1369d2fe-81d7-40e4-a375-c87b528712fa","Leadership Dashboard","منصة القيادة","2","7","Sectors","56f68520-57a9-4bff-a680-11cc3322f780","12/8/2025 11:05:01 AM",""
"7ab84c2e-2343-4564-1dde-08de3ade590a","87c2a5a9-f54f-49ff-7b82-08de3ade5903","2b055b1b-49d1-40d9-810f-62a36bfec97d","Executive Dashboard","لوحة القيادة التنفيذية","18","7","Sectors","39740084-7387-4caa-886a-8bd5c71fd799","12/14/2025 10:04:02 AM",""
"740afc4a-b902-47ff-1ddf-08de3ade590a","87c2a5a9-f54f-49ff-7b82-08de3ade5903","1369d2fe-81d7-40e4-a375-c87b528712fa","Leadership Dashboard","منصة القيادة","18","7","Sectors","39740084-7387-4caa-886a-8bd5c71fd799","12/14/2025 10:04:02 AM",""
"85697033-afba-4822-893b-08de5bf72337","2a3215db-daef-4634-56be-08de5bf72336","2b055b1b-49d1-40d9-810f-62a36bfec97d","Executive Dashboard","لوحة القيادة التنفيذية","13","7","Sectors","a0d0a555-e73a-475d-a643-d1274460d246","1/27/2026 11:58:25 AM",""
"76fc9ee6-863c-4ea7-893c-08de5bf72337","2a3215db-daef-4634-56be-08de5bf72336","1369d2fe-81d7-40e4-a375-c87b528712fa","Leadership Dashboard","منصة القيادة","13","7","Sectors","a0d0a555-e73a-475d-a643-d1274460d246","1/27/2026 11:58:25 AM",""
"54e1f6a3-73f6-496c-f065-08de66e6ef18","8889b67b-664a-4680-8443-08de66e6ef17","2b055b1b-49d1-40d9-810f-62a36bfec97d","Executive Dashboard","لوحة القيادة التنفيذية","15","7","Sectors","183e97e8-172e-48bf-afb2-46b453b7ad23","2/8/2026 10:51:57 AM",""
"e0a087d5-6b5b-4bd0-f066-08de66e6ef18","8889b67b-664a-4680-8443-08de66e6ef17","1369d2fe-81d7-40e4-a375-c87b528712fa","Leadership Dashboard","منصة القيادة","15","7","Sectors","183e97e8-172e-48bf-afb2-46b453b7ad23","2/8/2026 10:51:57 AM",""
"f00f4474-d398-4653-6964-08de6c80b449","c7e2aafd-6340-45d5-31d3-08de6c80b448","2b055b1b-49d1-40d9-810f-62a36bfec97d","Executive Dashboard","لوحة القيادة التنفيذية","8","5","NationalIndicators","","2/17/2026 12:17:23 PM","8/5/2026 9:16:45 AM"
"7f7e86f2-37b1-4f20-6965-08de6c80b449","c7e2aafd-6340-45d5-31d3-08de6c80b448","1369d2fe-81d7-40e4-a375-c87b528712fa","Leadership Dashboard","منصة القيادة","2","5","NationalIndicators","","2/17/2026 12:17:23 PM","8/5/2026 9:16:45 AM"
"654a0f3d-9cf9-4819-0234-08de737b95b3","11aea444-88e7-4169-c0fb-08de737b95b1","2b055b1b-49d1-40d9-810f-62a36bfec97d","Executive Dashboard","لوحة القيادة التنفيذية","3","7","Sectors","a0d0a555-e73a-475d-a643-d1274460d246","2/26/2026 1:07:57 PM",""
"0fb30535-0970-4134-0235-08de737b95b3","11aea444-88e7-4169-c0fb-08de737b95b1","1369d2fe-81d7-40e4-a375-c87b528712fa","Leadership Dashboard","منصة القيادة","3","7","Sectors","a0d0a555-e73a-475d-a643-d1274460d246","2/26/2026 1:07:57 PM",""
"9a3950e0-f933-4081-c4de-08de7446bf5b","e8b7aa3b-38aa-47b8-fe79-08de7446bf51","2b055b1b-49d1-40d9-810f-62a36bfec97d","Executive Dashboard","لوحة القيادة التنفيذية","15","7","Sectors","a0d0a555-e73a-475d-a643-d1274460d246","2/26/2026 1:53:12 PM","2/26/2026 1:53:12 PM"
"d212286a-423d-4fca-c4df-08de7446bf5b","e8b7aa3b-38aa-47b8-fe79-08de7446bf51","1369d2fe-81d7-40e4-a375-c87b528712fa","Leadership Dashboard","منصة القيادة","15","7","Sectors","a0d0a555-e73a-475d-a643-d1274460d246","2/26/2026 1:53:12 PM",""
"a6f33181-9b69-4957-d02a-08de8e443778","bc9e6227-a2fa-4f6d-ac77-08de8e443777","2b055b1b-49d1-40d9-810f-62a36bfec97d","Executive Dashboard","لوحة القيادة التنفيذية","2","7","Sectors","a0d0a555-e73a-475d-a643-d1274460d246","3/31/2026 6:10:05 PM",""
"6cb4ffec-0de5-402f-d02b-08de8e443778","bc9e6227-a2fa-4f6d-ac77-08de8e443777","1369d2fe-81d7-40e4-a375-c87b528712fa","Leadership Dashboard","منصة القيادة","2","7","Sectors","a0d0a555-e73a-475d-a643-d1274460d246","3/31/2026 6:10:05 PM",""
"2b75cf70-1f9d-4f46-bfc4-08de92db4620","f92c25a2-5177-4677-9613-08de92db461f","2b055b1b-49d1-40d9-810f-62a36bfec97d","Executive Dashboard","لوحة القيادة التنفيذية","12","7","Sectors","a0d0a555-e73a-475d-a643-d1274460d246","4/5/2026 9:19:20 AM",""
"dc7c8819-e40d-4db8-bfc5-08de92db4620","f92c25a2-5177-4677-9613-08de92db461f","1369d2fe-81d7-40e4-a375-c87b528712fa","Leadership Dashboard","منصة القيادة","12","7","Sectors","a0d0a555-e73a-475d-a643-d1274460d246","4/5/2026 9:19:20 AM",""
"28cb6cea-c810-4443-be10-08de9e04ed96","d9eed3fe-a269-4d96-6897-08de9e04ed95","2b055b1b-49d1-40d9-810f-62a36bfec97d","Executive Dashboard","لوحة القيادة التنفيذية","7","7","Sectors","39740084-7387-4caa-886a-8bd5c71fd799","4/20/2026 12:11:55 PM",""
"d3814254-83c8-495c-be11-08de9e04ed96","d9eed3fe-a269-4d96-6897-08de9e04ed95","1369d2fe-81d7-40e4-a375-c87b528712fa","Leadership Dashboard","منصة القيادة","7","7","Sectors","39740084-7387-4caa-886a-8bd5c71fd799","4/20/2026 12:11:55 PM",""
"73d067db-616d-4163-643d-08de9e09a551","ed390c3c-ac6f-470e-7a74-08de9e09a550","2b055b1b-49d1-40d9-810f-62a36bfec97d","Executive Dashboard","لوحة القيادة التنفيذية","8","6","DiversificationTargets","","4/23/2026 12:31:41 PM",""
"3d694e95-5846-4e22-643e-08de9e09a551","ed390c3c-ac6f-470e-7a74-08de9e09a550","1369d2fe-81d7-40e4-a375-c87b528712fa","Leadership Dashboard","منصة القيادة","8","6","DiversificationTargets","","4/23/2026 12:31:41 PM",""
"9d3dd81d-5b25-4673-643f-08de9e09a551","9b07fcb5-2cff-44c4-7a75-08de9e09a550","2b055b1b-49d1-40d9-810f-62a36bfec97d","Executive Dashboard","لوحة القيادة التنفيذية","1","6","DiversificationTargets","","4/23/2026 12:35:18 PM",""
"c3394a8b-0186-4003-6440-08de9e09a551","9b07fcb5-2cff-44c4-7a75-08de9e09a550","1369d2fe-81d7-40e4-a375-c87b528712fa","Leadership Dashboard","منصة القيادة","1","6","DiversificationTargets","","4/23/2026 12:35:18 PM",""
"0038ecc6-93d7-4cb7-61d9-08dea2214fb3","fbb1dabc-773e-4855-742f-08dea2214fb2","2b055b1b-49d1-40d9-810f-62a36bfec97d","Executive Dashboard","لوحة القيادة التنفيذية","1","7","Sectors","3769563e-2ced-4ad9-9663-e74fcf662806","4/27/2026 12:27:04 PM",""
"3337b7af-ce5c-4805-61da-08dea2214fb3","fbb1dabc-773e-4855-742f-08dea2214fb2","1369d2fe-81d7-40e4-a375-c87b528712fa","Leadership Dashboard","منصة القيادة","1","7","Sectors","3769563e-2ced-4ad9-9663-e74fcf662806","4/27/2026 12:27:04 PM",""
"eb8cdd5f-9077-4116-cbc6-08dea2389ab0","0f5632ff-e60a-4b83-f10a-08dea2389aaf","2b055b1b-49d1-40d9-810f-62a36bfec97d","Executive Dashboard","لوحة القيادة التنفيذية","11","6","DiversificationTargets","","5/3/2026 9:40:23 AM",""
"1375692f-1c96-404a-cbc7-08dea2389ab0","0f5632ff-e60a-4b83-f10a-08dea2389aaf","1369d2fe-81d7-40e4-a375-c87b528712fa","Leadership Dashboard","منصة القيادة","11","6","DiversificationTargets","","5/3/2026 9:40:23 AM",""
"fd36f59f-91eb-4e3f-cbca-08dea2389ab0","48906d7c-2b2c-42bd-f10c-08dea2389aaf","2b055b1b-49d1-40d9-810f-62a36bfec97d","Executive Dashboard","لوحة القيادة التنفيذية","1","5","NationalIndicators","","5/3/2026 9:47:36 AM",""
"894e3f4f-404a-497e-cbcb-08dea2389ab0","48906d7c-2b2c-42bd-f10c-08dea2389aaf","1369d2fe-81d7-40e4-a375-c87b528712fa","Leadership Dashboard","منصة القيادة","1","5","NationalIndicators","","5/3/2026 9:47:36 AM",""
"ef62f78f-2fe0-4da2-cbe0-08dea2389ab0","8c915ebe-4dc5-4900-f117-08dea2389aaf","2b055b1b-49d1-40d9-810f-62a36bfec97d","Executive Dashboard","لوحة القيادة التنفيذية","8","7","Sectors","39740084-7387-4caa-886a-8bd5c71fd799","5/7/2026 8:17:26 AM",""
"0c0e5daf-7c8c-494b-cbe1-08dea2389ab0","8c915ebe-4dc5-4900-f117-08dea2389aaf","1369d2fe-81d7-40e4-a375-c87b528712fa","Leadership Dashboard","منصة القيادة","8","7","Sectors","39740084-7387-4caa-886a-8bd5c71fd799","5/7/2026 8:17:26 AM",""
"ac22c19b-ba3d-43ec-c675-08dea8e8edb5","5391471d-5db8-4e20-8a53-08dea8e8edb0","2b055b1b-49d1-40d9-810f-62a36bfec97d","Executive Dashboard","لوحة القيادة التنفيذية","1","7","Sectors","56f68520-57a9-4bff-a680-11cc3322f780","5/5/2026 10:28:47 AM",""
"752f4044-bf90-43d8-c676-08dea8e8edb5","5391471d-5db8-4e20-8a53-08dea8e8edb0","1369d2fe-81d7-40e4-a375-c87b528712fa","Leadership Dashboard","منصة القيادة","1","7","Sectors","56f68520-57a9-4bff-a680-11cc3322f780","5/5/2026 10:28:47 AM",""
"d58e54a0-866b-4269-c67b-08dea8e8edb5","912b46af-dd55-4296-8a56-08dea8e8edb0","2b055b1b-49d1-40d9-810f-62a36bfec97d","Executive Dashboard","لوحة القيادة التنفيذية","18","7","Sectors","3769563e-2ced-4ad9-9663-e74fcf662806","5/6/2026 11:02:35 AM","6/15/2026 11:52:27 AM"
"1067e10c-38ad-4b64-c67c-08dea8e8edb5","912b46af-dd55-4296-8a56-08dea8e8edb0","1369d2fe-81d7-40e4-a375-c87b528712fa","Leadership Dashboard","منصة القيادة","18","7","Sectors","3769563e-2ced-4ad9-9663-e74fcf662806","5/6/2026 11:02:35 AM","6/15/2026 11:52:27 AM"
"a46fe974-6fbf-44b0-c693-08dea8e8edb5","38bb0719-b784-4ccb-8a62-08dea8e8edb0","2b055b1b-49d1-40d9-810f-62a36bfec97d","Executive Dashboard","لوحة القيادة التنفيذية","2","6","DiversificationTargets","","5/14/2026 8:57:39 AM",""
"214c7db9-b4e7-4754-c694-08dea8e8edb5","38bb0719-b784-4ccb-8a62-08dea8e8edb0","1369d2fe-81d7-40e4-a375-c87b528712fa","Leadership Dashboard","منصة القيادة","2","6","DiversificationTargets","","5/14/2026 8:57:39 AM",""
"843d5b26-b103-40bd-c697-08dea8e8edb5","10e4668d-b127-41eb-8a64-08dea8e8edb0","2b055b1b-49d1-40d9-810f-62a36bfec97d","Executive Dashboard","لوحة القيادة التنفيذية","4","6","DiversificationTargets","","5/14/2026 9:41:17 AM",""
"1f278e38-b2fe-423a-c698-08dea8e8edb5","10e4668d-b127-41eb-8a64-08dea8e8edb0","1369d2fe-81d7-40e4-a375-c87b528712fa","Leadership Dashboard","منصة القيادة","4","6","DiversificationTargets","","5/14/2026 9:41:17 AM",""
"88551558-df2b-4919-0ac9-08deb3df601c","d7b556c3-8765-45ae-e336-08deb3df601a","2b055b1b-49d1-40d9-810f-62a36bfec97d","Executive Dashboard","لوحة القيادة التنفيذية","1","7","Sectors","0679a403-9ca5-4a05-952b-53250586775b","5/17/2026 9:41:50 AM",""
"7a692ef1-0e24-4802-0aca-08deb3df601c","d7b556c3-8765-45ae-e336-08deb3df601a","1369d2fe-81d7-40e4-a375-c87b528712fa","Leadership Dashboard","منصة القيادة","1","7","Sectors","0679a403-9ca5-4a05-952b-53250586775b","5/17/2026 9:41:50 AM",""
"a6984b14-9494-49a2-0acd-08deb3df601c","2a129acb-a3cd-41ea-e338-08deb3df601a","2b055b1b-49d1-40d9-810f-62a36bfec97d","Executive Dashboard","لوحة القيادة التنفيذية","5","7","Sectors","183e97e8-172e-48bf-afb2-46b453b7ad23","5/17/2026 11:47:11 AM",""
"11a6cce0-81ff-48a8-0ace-08deb3df601c","2a129acb-a3cd-41ea-e338-08deb3df601a","1369d2fe-81d7-40e4-a375-c87b528712fa","Leadership Dashboard","منصة القيادة","5","7","Sectors","183e97e8-172e-48bf-afb2-46b453b7ad23","5/17/2026 11:47:11 AM",""
"e866d834-9657-457b-0adb-08deb3df601c","efaa43e4-e034-4297-e33f-08deb3df601a","2b055b1b-49d1-40d9-810f-62a36bfec97d","Executive Dashboard","لوحة القيادة التنفيذية","5","6","DiversificationTargets","","5/20/2026 10:37:37 AM",""
"50123981-7b67-47b1-0adc-08deb3df601c","efaa43e4-e034-4297-e33f-08deb3df601a","1369d2fe-81d7-40e4-a375-c87b528712fa","Leadership Dashboard","منصة القيادة","5","6","DiversificationTargets","","5/20/2026 10:37:37 AM",""
"0033c93b-112e-4a30-c754-08deb3ea9ade","88b5dbfb-cfbd-4f0b-d61f-08deb3ea9ad6","2b055b1b-49d1-40d9-810f-62a36bfec97d","Executive Dashboard","لوحة القيادة التنفيذية","7","6","DiversificationTargets","","5/20/2026 1:19:09 PM",""
"bc3b7d0e-f0c1-4c32-c755-08deb3ea9ade","88b5dbfb-cfbd-4f0b-d61f-08deb3ea9ad6","1369d2fe-81d7-40e4-a375-c87b528712fa","Leadership Dashboard","منصة القيادة","7","6","DiversificationTargets","","5/20/2026 1:19:09 PM",""
"be278513-9527-4736-0b8d-08deb9658cc1","696c81d9-3d16-419d-23c8-08deb9658cc0","2b055b1b-49d1-40d9-810f-62a36bfec97d","Executive Dashboard","لوحة القيادة التنفيذية","3","3","SpecialProjects","831507e5-1f46-4d68-5d78-08de9e0a394b","5/24/2026 10:36:35 AM",""
"475a3c9e-8e47-4994-0b8e-08deb9658cc1","696c81d9-3d16-419d-23c8-08deb9658cc0","1369d2fe-81d7-40e4-a375-c87b528712fa","Leadership Dashboard","منصة القيادة","3","3","SpecialProjects","831507e5-1f46-4d68-5d78-08de9e0a394b","5/24/2026 10:36:35 AM",""
"ae6ba5d5-c9aa-4f1b-0b91-08deb9658cc1","7d9f00cc-54cf-48cc-23ca-08deb9658cc0","2b055b1b-49d1-40d9-810f-62a36bfec97d","Executive Dashboard","لوحة القيادة التنفيذية","7","3","SpecialProjects","831507e5-1f46-4d68-5d78-08de9e0a394b","5/24/2026 10:41:44 AM",""
"7c0c8d32-70a5-423c-0b92-08deb9658cc1","7d9f00cc-54cf-48cc-23ca-08deb9658cc0","1369d2fe-81d7-40e4-a375-c87b528712fa","Leadership Dashboard","منصة القيادة","7","3","SpecialProjects","831507e5-1f46-4d68-5d78-08de9e0a394b","5/24/2026 10:41:44 AM",""
"508ac1c7-1980-468d-0b93-08deb9658cc1","8a3ddcb1-c262-4cea-23cb-08deb9658cc0","2b055b1b-49d1-40d9-810f-62a36bfec97d","Executive Dashboard","لوحة القيادة التنفيذية","5","3","SpecialProjects","831507e5-1f46-4d68-5d78-08de9e0a394b","5/24/2026 10:52:21 AM",""
"1b724b44-8ed8-46f7-0b94-08deb9658cc1","8a3ddcb1-c262-4cea-23cb-08deb9658cc0","1369d2fe-81d7-40e4-a375-c87b528712fa","Leadership Dashboard","منصة القيادة","5","3","SpecialProjects","831507e5-1f46-4d68-5d78-08de9e0a394b","5/24/2026 10:52:21 AM",""
"186570dc-8e1b-47f8-0b95-08deb9658cc1","3e141fda-3e1d-4355-23cc-08deb9658cc0","2b055b1b-49d1-40d9-810f-62a36bfec97d","Executive Dashboard","لوحة القيادة التنفيذية","1","3","SpecialProjects","831507e5-1f46-4d68-5d78-08de9e0a394b","5/24/2026 11:00:31 AM",""
"a11e19c4-a815-4e6f-0b96-08deb9658cc1","3e141fda-3e1d-4355-23cc-08deb9658cc0","1369d2fe-81d7-40e4-a375-c87b528712fa","Leadership Dashboard","منصة القيادة","1","3","SpecialProjects","831507e5-1f46-4d68-5d78-08de9e0a394b","5/24/2026 11:00:31 AM",""
"150b206d-cddc-49cc-0b99-08deb9658cc1","bc645899-8766-4c2c-23ce-08deb9658cc0","2b055b1b-49d1-40d9-810f-62a36bfec97d","Executive Dashboard","لوحة القيادة التنفيذية","6","3","SpecialProjects","831507e5-1f46-4d68-5d78-08de9e0a394b","5/24/2026 11:26:41 AM",""
"68f8582d-b8f4-4a5e-0b9a-08deb9658cc1","bc645899-8766-4c2c-23ce-08deb9658cc0","1369d2fe-81d7-40e4-a375-c87b528712fa","Leadership Dashboard","منصة القيادة","6","3","SpecialProjects","831507e5-1f46-4d68-5d78-08de9e0a394b","5/24/2026 11:26:41 AM",""
"062e0491-ebad-48f4-0b9b-08deb9658cc1","5e2b1deb-f90b-4d8a-23cf-08deb9658cc0","2b055b1b-49d1-40d9-810f-62a36bfec97d","Executive Dashboard","لوحة القيادة التنفيذية","9","6","DiversificationTargets","","5/24/2026 1:56:34 PM",""
"c48c8706-8390-465b-0b9c-08deb9658cc1","5e2b1deb-f90b-4d8a-23cf-08deb9658cc0","1369d2fe-81d7-40e4-a375-c87b528712fa","Leadership Dashboard","منصة القيادة","9","6","DiversificationTargets","","5/24/2026 1:56:34 PM",""
"0465c77f-c336-4c7f-daa3-08deb966925f","86b1f4d0-454c-460b-ff6e-08deb966925e","2b055b1b-49d1-40d9-810f-62a36bfec97d","Executive Dashboard","لوحة القيادة التنفيذية","4","3","SpecialProjects","831507e5-1f46-4d68-5d78-08de9e0a394b","5/24/2026 10:57:09 AM",""
"272a64e9-6996-4477-daa4-08deb966925f","86b1f4d0-454c-460b-ff6e-08deb966925e","1369d2fe-81d7-40e4-a375-c87b528712fa","Leadership Dashboard","منصة القيادة","4","3","SpecialProjects","831507e5-1f46-4d68-5d78-08de9e0a394b","5/24/2026 10:57:09 AM",""
"a72011b9-4e1c-4f17-daa5-08deb966925f","abcf9092-a2e6-4b5b-ff6f-08deb966925e","2b055b1b-49d1-40d9-810f-62a36bfec97d","Executive Dashboard","لوحة القيادة التنفيذية","2","3","SpecialProjects","831507e5-1f46-4d68-5d78-08de9e0a394b","5/24/2026 11:02:22 AM",""
"dc2f40f2-26e2-4299-daa6-08deb966925f","abcf9092-a2e6-4b5b-ff6f-08deb966925e","1369d2fe-81d7-40e4-a375-c87b528712fa","Leadership Dashboard","منصة القيادة","2","3","SpecialProjects","831507e5-1f46-4d68-5d78-08de9e0a394b","5/24/2026 11:02:22 AM",""
"72dd5f17-0795-4320-daa7-08deb966925f","2edd52f8-2cf0-492a-ff70-08deb966925e","2b055b1b-49d1-40d9-810f-62a36bfec97d","Executive Dashboard","لوحة القيادة التنفيذية","9","3","SpecialProjects","831507e5-1f46-4d68-5d78-08de9e0a394b","5/24/2026 11:08:24 AM",""
"361b717a-3098-4fc7-daa8-08deb966925f","2edd52f8-2cf0-492a-ff70-08deb966925e","1369d2fe-81d7-40e4-a375-c87b528712fa","Leadership Dashboard","منصة القيادة","9","3","SpecialProjects","831507e5-1f46-4d68-5d78-08de9e0a394b","5/24/2026 11:08:24 AM",""
"cb9c41a9-5cdc-4afa-9313-08debee63661","f10efb73-ea8f-49a8-dfd3-08debee6364f","2b055b1b-49d1-40d9-810f-62a36bfec97d","Executive Dashboard","لوحة القيادة التنفيذية","8","3","SpecialProjects","831507e5-1f46-4d68-5d78-08de9e0a394b","5/31/2026 11:38:15 AM",""
"513c74f6-33a6-45bc-9314-08debee63661","f10efb73-ea8f-49a8-dfd3-08debee6364f","1369d2fe-81d7-40e4-a375-c87b528712fa","Leadership Dashboard","منصة القيادة","8","3","SpecialProjects","831507e5-1f46-4d68-5d78-08de9e0a394b","5/31/2026 11:38:15 AM",""
"0e8fd30a-24bc-4fd4-9319-08debee63661","c65e0835-1de9-41f1-dfd6-08debee6364f","2b055b1b-49d1-40d9-810f-62a36bfec97d","Executive Dashboard","لوحة القيادة التنفيذية","16","7","Sectors","183e97e8-172e-48bf-afb2-46b453b7ad23","6/2/2026 1:27:00 PM",""
"6d0064c4-7810-4914-931a-08debee63661","c65e0835-1de9-41f1-dfd6-08debee6364f","1369d2fe-81d7-40e4-a375-c87b528712fa","Leadership Dashboard","منصة القيادة","16","7","Sectors","183e97e8-172e-48bf-afb2-46b453b7ad23","6/2/2026 1:27:00 PM",""
"f036d001-75a5-4664-931f-08debee63661","26384945-9579-4e96-dfd9-08debee6364f","2b055b1b-49d1-40d9-810f-62a36bfec97d","Executive Dashboard","لوحة القيادة التنفيذية","5","7","Sectors","a0d0a555-e73a-475d-a643-d1274460d246","6/4/2026 7:57:08 AM",""
"ed73d55e-8d5e-42b4-9320-08debee63661","26384945-9579-4e96-dfd9-08debee6364f","1369d2fe-81d7-40e4-a375-c87b528712fa","Leadership Dashboard","منصة القيادة","5","7","Sectors","a0d0a555-e73a-475d-a643-d1274460d246","6/4/2026 7:57:08 AM",""
"f30db5e6-ae9a-46cd-c53e-08dec461c23c","edde655f-0d43-4a62-980c-08dec461c232","2b055b1b-49d1-40d9-810f-62a36bfec97d","Executive Dashboard","لوحة القيادة التنفيذية","1","7","Sectors","183e97e8-172e-48bf-afb2-46b453b7ad23","6/7/2026 9:55:28 AM",""
"def02e14-0e46-41a1-c53f-08dec461c23c","edde655f-0d43-4a62-980c-08dec461c232","1369d2fe-81d7-40e4-a375-c87b528712fa","Leadership Dashboard","منصة القيادة","1","7","Sectors","183e97e8-172e-48bf-afb2-46b453b7ad23","6/7/2026 9:55:28 AM",""
"d074cf64-e1a9-4009-c540-08dec461c23c","56334e27-e32b-4163-980d-08dec461c232","2b055b1b-49d1-40d9-810f-62a36bfec97d","Executive Dashboard","لوحة القيادة التنفيذية","6","7","Sectors","183e97e8-172e-48bf-afb2-46b453b7ad23","6/7/2026 9:56:43 AM",""
"90d41d4d-5d89-4f0c-c541-08dec461c23c","56334e27-e32b-4163-980d-08dec461c232","1369d2fe-81d7-40e4-a375-c87b528712fa","Leadership Dashboard","منصة القيادة","6","7","Sectors","183e97e8-172e-48bf-afb2-46b453b7ad23","6/7/2026 9:56:43 AM",""
"cf864a5e-ca61-4d17-c542-08dec461c23c","e2f78287-077e-48ee-980e-08dec461c232","2b055b1b-49d1-40d9-810f-62a36bfec97d","Executive Dashboard","لوحة القيادة التنفيذية","2","7","Sectors","3769563e-2ced-4ad9-9663-e74fcf662806","6/7/2026 10:49:19 AM",""
"2b0e2a52-4883-4bc6-c543-08dec461c23c","e2f78287-077e-48ee-980e-08dec461c232","1369d2fe-81d7-40e4-a375-c87b528712fa","Leadership Dashboard","منصة القيادة","2","7","Sectors","3769563e-2ced-4ad9-9663-e74fcf662806","6/7/2026 10:49:19 AM",""
"73746929-921a-4508-c546-08dec461c23c","6bb667c0-4287-4db5-9810-08dec461c232","2b055b1b-49d1-40d9-810f-62a36bfec97d","Executive Dashboard","لوحة القيادة التنفيذية","8","7","Sectors","3769563e-2ced-4ad9-9663-e74fcf662806","6/11/2026 1:27:50 PM","6/15/2026 11:52:27 AM"
"8b495e42-89b8-4607-c547-08dec461c23c","6bb667c0-4287-4db5-9810-08dec461c232","1369d2fe-81d7-40e4-a375-c87b528712fa","Leadership Dashboard","منصة القيادة","8","7","Sectors","3769563e-2ced-4ad9-9663-e74fcf662806","6/11/2026 1:27:50 PM","6/15/2026 11:52:27 AM"
"be3c51b2-3e6f-4b21-c548-08dec461c23c","6ed25ef1-d1c4-4c93-9811-08dec461c232","2b055b1b-49d1-40d9-810f-62a36bfec97d","Executive Dashboard","لوحة القيادة التنفيذية","6","7","Sectors","3769563e-2ced-4ad9-9663-e74fcf662806","6/15/2026 11:51:47 AM","6/15/2026 11:52:27 AM"
"3bae31df-5665-49f8-c549-08dec461c23c","6ed25ef1-d1c4-4c93-9811-08dec461c232","1369d2fe-81d7-40e4-a375-c87b528712fa","Leadership Dashboard","منصة القيادة","6","7","Sectors","3769563e-2ced-4ad9-9663-e74fcf662806","6/15/2026 11:51:47 AM","6/15/2026 11:52:27 AM"
"f98a381f-1aba-4e36-c558-08dec461c23c","e6478631-ea19-49ce-9819-08dec461c232","2b055b1b-49d1-40d9-810f-62a36bfec97d","Executive Dashboard","لوحة القيادة التنفيذية","7","7","Sectors","193fd388-ded0-455f-86a3-32ac810c3e6a","6/22/2026 10:57:18 AM",""
"844b285d-b99b-451b-c559-08dec461c23c","e6478631-ea19-49ce-9819-08dec461c232","1369d2fe-81d7-40e4-a375-c87b528712fa","Leadership Dashboard","منصة القيادة","7","7","Sectors","193fd388-ded0-455f-86a3-32ac810c3e6a","6/22/2026 10:57:18 AM",""
"eac95a56-123d-41a3-c55a-08dec461c23c","db70b0f9-0325-44f2-981a-08dec461c232","2b055b1b-49d1-40d9-810f-62a36bfec97d","Executive Dashboard","لوحة القيادة التنفيذية","4","3","SpecialProjects","914cfe36-dbd0-4748-dd24-08decfbdd23b","6/23/2026 9:55:03 AM",""
"ec665082-8015-4f76-c55b-08dec461c23c","db70b0f9-0325-44f2-981a-08dec461c232","1369d2fe-81d7-40e4-a375-c87b528712fa","Leadership Dashboard","منصة القيادة","4","3","SpecialProjects","914cfe36-dbd0-4748-dd24-08decfbdd23b","6/23/2026 9:55:03 AM",""
"603e7b32-43e7-45ca-c55c-08dec461c23c","a575f11f-9184-43d3-981b-08dec461c232","2b055b1b-49d1-40d9-810f-62a36bfec97d","Executive Dashboard","لوحة القيادة التنفيذية","5","3","SpecialProjects","914cfe36-dbd0-4748-dd24-08decfbdd23b","6/23/2026 10:20:30 AM",""
"2a836898-2971-497c-c55d-08dec461c23c","a575f11f-9184-43d3-981b-08dec461c232","1369d2fe-81d7-40e4-a375-c87b528712fa","Leadership Dashboard","منصة القيادة","5","3","SpecialProjects","914cfe36-dbd0-4748-dd24-08decfbdd23b","6/23/2026 10:20:30 AM",""
"af3a08a6-ab3b-4cf2-c55e-08dec461c23c","225aa6f6-56e3-497b-981c-08dec461c232","2b055b1b-49d1-40d9-810f-62a36bfec97d","Executive Dashboard","لوحة القيادة التنفيذية","13","7","Sectors","183e97e8-172e-48bf-afb2-46b453b7ad23","6/23/2026 11:11:56 AM",""
"4e17450b-c475-4951-c55f-08dec461c23c","225aa6f6-56e3-497b-981c-08dec461c232","1369d2fe-81d7-40e4-a375-c87b528712fa","Leadership Dashboard","منصة القيادة","13","7","Sectors","183e97e8-172e-48bf-afb2-46b453b7ad23","6/23/2026 11:11:56 AM",""
"66b36329-121d-4f9c-c560-08dec461c23c","774f3591-1aca-43fc-981d-08dec461c232","2b055b1b-49d1-40d9-810f-62a36bfec97d","Executive Dashboard","لوحة القيادة التنفيذية","3","7","Sectors","0679a403-9ca5-4a05-952b-53250586775b","6/25/2026 12:02:26 PM",""
"369e8c60-f743-49e0-c561-08dec461c23c","774f3591-1aca-43fc-981d-08dec461c232","1369d2fe-81d7-40e4-a375-c87b528712fa","Leadership Dashboard","منصة القيادة","3","7","Sectors","0679a403-9ca5-4a05-952b-53250586775b","6/25/2026 12:02:26 PM",""
"b8c4808c-43c0-4830-c562-08dec461c23c","3246e1e8-af83-46dd-981e-08dec461c232","2b055b1b-49d1-40d9-810f-62a36bfec97d","Executive Dashboard","لوحة القيادة التنفيذية","10","6","DiversificationTargets","","6/28/2026 10:27:43 AM",""
"a5aa40c5-5662-4c3f-c563-08dec461c23c","3246e1e8-af83-46dd-981e-08dec461c232","1369d2fe-81d7-40e4-a375-c87b528712fa","Leadership Dashboard","منصة القيادة","10","6","DiversificationTargets","","6/28/2026 10:27:43 AM",""
"cbc1db11-0036-4b63-c564-08dec461c23c","ba18197c-7b0a-454a-981f-08dec461c232","2b055b1b-49d1-40d9-810f-62a36bfec97d","Executive Dashboard","لوحة القيادة التنفيذية","5","7","Sectors","39740084-7387-4caa-886a-8bd5c71fd799","7/2/2026 11:47:08 AM",""
"8055d614-66d7-4ea0-c565-08dec461c23c","ba18197c-7b0a-454a-981f-08dec461c232","1369d2fe-81d7-40e4-a375-c87b528712fa","Leadership Dashboard","منصة القيادة","5","7","Sectors","39740084-7387-4caa-886a-8bd5c71fd799","7/2/2026 11:47:08 AM",""
"d6a7a1b0-5198-4d1c-c566-08dec461c23c","5c9c8cbf-0a81-41fe-9820-08dec461c232","2b055b1b-49d1-40d9-810f-62a36bfec97d","Executive Dashboard","لوحة القيادة التنفيذية","4","7","Sectors","39740084-7387-4caa-886a-8bd5c71fd799","7/2/2026 12:43:47 PM",""
"c9d9c964-a876-4cbe-c567-08dec461c23c","5c9c8cbf-0a81-41fe-9820-08dec461c232","1369d2fe-81d7-40e4-a375-c87b528712fa","Leadership Dashboard","منصة القيادة","4","7","Sectors","39740084-7387-4caa-886a-8bd5c71fd799","7/2/2026 12:43:47 PM",""
"6cae46bc-8f6b-4a09-c568-08dec461c23c","9877beae-0c69-41b0-9821-08dec461c232","2b055b1b-49d1-40d9-810f-62a36bfec97d","Executive Dashboard","لوحة القيادة التنفيذية","4","7","Sectors","f48b7019-ef34-4eb7-859d-2e4bde81d3c1","7/5/2026 11:43:02 AM",""
"5877cf98-5da1-4075-c569-08dec461c23c","9877beae-0c69-41b0-9821-08dec461c232","1369d2fe-81d7-40e4-a375-c87b528712fa","Leadership Dashboard","منصة القيادة","4","7","Sectors","f48b7019-ef34-4eb7-859d-2e4bde81d3c1","7/5/2026 11:43:02 AM",""
"57a3559a-0d4e-4037-c56c-08dec461c23c","b05f6bd5-256d-4940-9823-08dec461c232","2b055b1b-49d1-40d9-810f-62a36bfec97d","Executive Dashboard","لوحة القيادة التنفيذية","5","7","Sectors","193fd388-ded0-455f-86a3-32ac810c3e6a","7/5/2026 12:12:54 PM",""
"648d509c-2bc9-4d6c-c56d-08dec461c23c","b05f6bd5-256d-4940-9823-08dec461c232","1369d2fe-81d7-40e4-a375-c87b528712fa","Leadership Dashboard","منصة القيادة","5","7","Sectors","193fd388-ded0-455f-86a3-32ac810c3e6a","7/5/2026 12:12:54 PM",""
"2c47a004-f046-44f7-c56e-08dec461c23c","3b7d26fa-9bed-4f0c-9824-08dec461c232","2b055b1b-49d1-40d9-810f-62a36bfec97d","Executive Dashboard","لوحة القيادة التنفيذية","8","7","Sectors","f48b7019-ef34-4eb7-859d-2e4bde81d3c1","7/6/2026 10:16:58 AM",""
"b25d62e1-37d6-4edf-c56f-08dec461c23c","3b7d26fa-9bed-4f0c-9824-08dec461c232","1369d2fe-81d7-40e4-a375-c87b528712fa","Leadership Dashboard","منصة القيادة","8","7","Sectors","f48b7019-ef34-4eb7-859d-2e4bde81d3c1","7/6/2026 10:16:58 AM",""
"0669d724-8d39-497b-c572-08dec461c23c","4f91e1dd-ba9f-4d46-9826-08dec461c232","2b055b1b-49d1-40d9-810f-62a36bfec97d","Executive Dashboard","لوحة القيادة التنفيذية","10","7","Sectors","183e97e8-172e-48bf-afb2-46b453b7ad23","7/21/2026 8:05:12 AM",""
"1038b2b6-f5a1-48f6-c573-08dec461c23c","4f91e1dd-ba9f-4d46-9826-08dec461c232","1369d2fe-81d7-40e4-a375-c87b528712fa","Leadership Dashboard","منصة القيادة","10","7","Sectors","183e97e8-172e-48bf-afb2-46b453b7ad23","7/21/2026 8:05:12 AM",""
"0ef09dce-4742-4157-c574-08dec461c23c","4156ff1a-bda7-44e7-9827-08dec461c232","2b055b1b-49d1-40d9-810f-62a36bfec97d","Executive Dashboard","لوحة القيادة التنفيذية","9","7","Sectors","183e97e8-172e-48bf-afb2-46b453b7ad23","7/21/2026 8:57:08 AM",""
"30f90838-85ab-4a76-c575-08dec461c23c","4156ff1a-bda7-44e7-9827-08dec461c232","1369d2fe-81d7-40e4-a375-c87b528712fa","Leadership Dashboard","منصة القيادة","9","7","Sectors","183e97e8-172e-48bf-afb2-46b453b7ad23","7/21/2026 8:57:08 AM",""
"77c3b6d1-6a30-4e73-c588-08dec461c23c","4f9134c3-4745-4447-9831-08dec461c232","2b055b1b-49d1-40d9-810f-62a36bfec97d","Executive Dashboard","لوحة القيادة التنفيذية","2","7","Sectors","183e97e8-172e-48bf-afb2-46b453b7ad23","7/23/2026 8:48:34 AM",""
"bf6fbbfe-3b83-48b4-c589-08dec461c23c","4f9134c3-4745-4447-9831-08dec461c232","1369d2fe-81d7-40e4-a375-c87b528712fa","Leadership Dashboard","منصة القيادة","2","7","Sectors","183e97e8-172e-48bf-afb2-46b453b7ad23","7/23/2026 8:48:34 AM",""
"3bb585f2-fe98-4500-c58a-08dec461c23c","fe118e23-ca38-4822-9832-08dec461c232","2b055b1b-49d1-40d9-810f-62a36bfec97d","Executive Dashboard","لوحة القيادة التنفيذية","7","7","Sectors","183e97e8-172e-48bf-afb2-46b453b7ad23","7/23/2026 8:50:45 AM",""
"32089aed-fe32-4d31-c58b-08dec461c23c","fe118e23-ca38-4822-9832-08dec461c232","1369d2fe-81d7-40e4-a375-c87b528712fa","Leadership Dashboard","منصة القيادة","7","7","Sectors","183e97e8-172e-48bf-afb2-46b453b7ad23","7/23/2026 8:50:45 AM",""
"ef60f2ab-e452-4195-c58c-08dec461c23c","0c2adf88-a3ed-4cc0-9833-08dec461c232","2b055b1b-49d1-40d9-810f-62a36bfec97d","Executive Dashboard","لوحة القيادة التنفيذية","15","7","Sectors","39740084-7387-4caa-886a-8bd5c71fd799","7/23/2026 10:24:45 AM",""
"74758d10-940d-4061-c58d-08dec461c23c","0c2adf88-a3ed-4cc0-9833-08dec461c232","1369d2fe-81d7-40e4-a375-c87b528712fa","Leadership Dashboard","منصة القيادة","15","7","Sectors","39740084-7387-4caa-886a-8bd5c71fd799","7/23/2026 10:24:45 AM",""
"d6bcba5b-41f1-49c0-c590-08dec461c23c","a598da16-09c2-43c4-9835-08dec461c232","2b055b1b-49d1-40d9-810f-62a36bfec97d","Executive Dashboard","لوحة القيادة التنفيذية","3","5","NationalIndicators","","7/26/2026 1:38:28 PM","8/5/2026 9:16:45 AM"
"aeabe746-c0ce-4ba4-c591-08dec461c23c","a598da16-09c2-43c4-9835-08dec461c232","1369d2fe-81d7-40e4-a375-c87b528712fa","Leadership Dashboard","منصة القيادة","4","5","NationalIndicators","","7/26/2026 1:38:28 PM","8/5/2026 9:16:45 AM"
"7ccc9d49-5e3b-4402-c592-08dec461c23c","b5ade6c5-419c-4b5f-9836-08dec461c232","2b055b1b-49d1-40d9-810f-62a36bfec97d","Executive Dashboard","لوحة القيادة التنفيذية","7","5","NationalIndicators","","7/26/2026 1:59:23 PM","8/5/2026 9:16:45 AM"
"1cc07dbf-1343-46d2-c593-08dec461c23c","b5ade6c5-419c-4b5f-9836-08dec461c232","1369d2fe-81d7-40e4-a375-c87b528712fa","Leadership Dashboard","منصة القيادة","8","5","NationalIndicators","","7/26/2026 1:59:23 PM","8/5/2026 9:16:45 AM"
"cdbed724-46f1-4404-c594-08dec461c23c","e641b12b-e4d1-47ab-9837-08dec461c232","2b055b1b-49d1-40d9-810f-62a36bfec97d","Executive Dashboard","لوحة القيادة التنفيذية","19","7","Sectors","39740084-7387-4caa-886a-8bd5c71fd799","7/28/2026 1:00:38 PM",""
"1c5baa75-b9d5-4bc2-c595-08dec461c23c","e641b12b-e4d1-47ab-9837-08dec461c232","1369d2fe-81d7-40e4-a375-c87b528712fa","Leadership Dashboard","منصة القيادة","19","7","Sectors","39740084-7387-4caa-886a-8bd5c71fd799","7/28/2026 1:00:38 PM",""
"e6f47d71-834f-4d8d-c596-08dec461c23c","5c5f7cbe-766d-43ec-9838-08dec461c232","2b055b1b-49d1-40d9-810f-62a36bfec97d","Executive Dashboard","لوحة القيادة التنفيذية","2","7","Sectors","39740084-7387-4caa-886a-8bd5c71fd799","7/28/2026 1:02:31 PM",""
"b0d54307-cc0d-4a88-c597-08dec461c23c","5c5f7cbe-766d-43ec-9838-08dec461c232","1369d2fe-81d7-40e4-a375-c87b528712fa","Leadership Dashboard","منصة القيادة","2","7","Sectors","39740084-7387-4caa-886a-8bd5c71fd799","7/28/2026 1:02:31 PM",""
"917fb090-271b-4cb0-c598-08dec461c23c","df817187-b7f9-4564-9839-08dec461c232","2b055b1b-49d1-40d9-810f-62a36bfec97d","Executive Dashboard","لوحة القيادة التنفيذية","12","6","DiversificationTargets","","7/29/2026 1:55:35 PM",""
"cecc8c67-961f-4728-c599-08dec461c23c","df817187-b7f9-4564-9839-08dec461c232","1369d2fe-81d7-40e4-a375-c87b528712fa","Leadership Dashboard","منصة القيادة","12","6","DiversificationTargets","","7/29/2026 1:55:35 PM",""
"c182bada-ed74-42ea-c59a-08dec461c23c","8237bfca-5944-4723-983a-08dec461c232","2b055b1b-49d1-40d9-810f-62a36bfec97d","Executive Dashboard","لوحة القيادة التنفيذية","4","7","Sectors","56f68520-57a9-4bff-a680-11cc3322f780","8/2/2026 9:36:58 AM",""
"94a1b724-ea4f-437e-c59b-08dec461c23c","8237bfca-5944-4723-983a-08dec461c232","1369d2fe-81d7-40e4-a375-c87b528712fa","Leadership Dashboard","منصة القيادة","4","7","Sectors","56f68520-57a9-4bff-a680-11cc3322f780","8/2/2026 9:36:58 AM",""
"bd84257e-ab42-4273-c59c-08dec461c23c","c808315b-a4f3-4f8e-983b-08dec461c232","2b055b1b-49d1-40d9-810f-62a36bfec97d","Executive Dashboard","لوحة القيادة التنفيذية","7","7","Sectors","56f68520-57a9-4bff-a680-11cc3322f780","8/2/2026 9:47:42 AM",""
"70860ae1-0552-4872-c59d-08dec461c23c","c808315b-a4f3-4f8e-983b-08dec461c232","1369d2fe-81d7-40e4-a375-c87b528712fa","Leadership Dashboard","منصة القيادة","7","7","Sectors","56f68520-57a9-4bff-a680-11cc3322f780","8/2/2026 9:47:42 AM",""
"7664075d-9ce4-4b38-c59e-08dec461c23c","a0089110-7044-43a4-983c-08dec461c232","2b055b1b-49d1-40d9-810f-62a36bfec97d","Executive Dashboard","لوحة القيادة التنفيذية","3","7","Sectors","56f68520-57a9-4bff-a680-11cc3322f780","8/2/2026 9:53:01 AM",""
"7daf4cb2-3e40-47a1-c59f-08dec461c23c","a0089110-7044-43a4-983c-08dec461c232","1369d2fe-81d7-40e4-a375-c87b528712fa","Leadership Dashboard","منصة القيادة","3","7","Sectors","56f68520-57a9-4bff-a680-11cc3322f780","8/2/2026 9:53:01 AM",""
"e0aecd0b-e30a-4b72-c5a0-08dec461c23c","cfbc3145-b350-480b-983d-08dec461c232","2b055b1b-49d1-40d9-810f-62a36bfec97d","Executive Dashboard","لوحة القيادة التنفيذية","13","7","Sectors","f48b7019-ef34-4eb7-859d-2e4bde81d3c1","8/3/2026 8:24:02 AM",""
"095416a7-12d5-44e5-c5a1-08dec461c23c","cfbc3145-b350-480b-983d-08dec461c232","1369d2fe-81d7-40e4-a375-c87b528712fa","Leadership Dashboard","منصة القيادة","13","7","Sectors","f48b7019-ef34-4eb7-859d-2e4bde81d3c1","8/3/2026 8:24:02 AM",""
"fca99b30-5c70-45d4-c5a2-08dec461c23c","86cbbcb4-a2f2-4ae7-983e-08dec461c232","2b055b1b-49d1-40d9-810f-62a36bfec97d","Executive Dashboard","لوحة القيادة التنفيذية","7","7","Sectors","a0d0a555-e73a-475d-a643-d1274460d246","8/3/2026 8:31:38 AM",""
"52933860-d5cc-4fc4-c5a3-08dec461c23c","86cbbcb4-a2f2-4ae7-983e-08dec461c232","1369d2fe-81d7-40e4-a375-c87b528712fa","Leadership Dashboard","منصة القيادة","7","7","Sectors","a0d0a555-e73a-475d-a643-d1274460d246","8/3/2026 8:31:38 AM",""
"04698fd5-1946-40b5-c5a4-08dec461c23c","94900167-3d2b-4f52-983f-08dec461c232","2b055b1b-49d1-40d9-810f-62a36bfec97d","Executive Dashboard","لوحة القيادة التنفيذية","14","7","Sectors","a0d0a555-e73a-475d-a643-d1274460d246","8/3/2026 8:32:43 AM",""
"f449f104-3789-4f7b-c5a5-08dec461c23c","94900167-3d2b-4f52-983f-08dec461c232","1369d2fe-81d7-40e4-a375-c87b528712fa","Leadership Dashboard","منصة القيادة","14","7","Sectors","a0d0a555-e73a-475d-a643-d1274460d246","8/3/2026 8:32:43 AM",""
"61d5e7df-f795-464f-c5a8-08dec461c23c","77bb033c-e866-42b2-9841-08dec461c232","2b055b1b-49d1-40d9-810f-62a36bfec97d","Executive Dashboard","لوحة القيادة التنفيذية","9","7","Sectors","a0d0a555-e73a-475d-a643-d1274460d246","8/4/2026 8:20:21 AM",""
"7517e469-8a6c-40f5-c5a9-08dec461c23c","77bb033c-e866-42b2-9841-08dec461c232","1369d2fe-81d7-40e4-a375-c87b528712fa","Leadership Dashboard","منصة القيادة","9","7","Sectors","a0d0a555-e73a-475d-a643-d1274460d246","8/4/2026 8:20:21 AM",""
"6c80c245-a89b-4376-c5aa-08dec461c23c","fef5502f-a93e-4cf8-9842-08dec461c232","2b055b1b-49d1-40d9-810f-62a36bfec97d","Executive Dashboard","لوحة القيادة التنفيذية","2","7","Sectors","f48b7019-ef34-4eb7-859d-2e4bde81d3c1","8/4/2026 12:21:58 PM",""
"3391fbc2-8aab-4eeb-c5ab-08dec461c23c","fef5502f-a93e-4cf8-9842-08dec461c232","1369d2fe-81d7-40e4-a375-c87b528712fa","Leadership Dashboard","منصة القيادة","2","7","Sectors","f48b7019-ef34-4eb7-859d-2e4bde81d3c1","8/4/2026 12:21:58 PM",""
"fd946385-e357-4835-c5ac-08dec461c23c","78356970-e976-4aba-9843-08dec461c232","2b055b1b-49d1-40d9-810f-62a36bfec97d","Executive Dashboard","لوحة القيادة التنفيذية","6","7","Sectors","f48b7019-ef34-4eb7-859d-2e4bde81d3c1","8/4/2026 12:36:03 PM",""
"ab43402c-2171-4fed-c5ad-08dec461c23c","78356970-e976-4aba-9843-08dec461c232","1369d2fe-81d7-40e4-a375-c87b528712fa","Leadership Dashboard","منصة القيادة","6","7","Sectors","f48b7019-ef34-4eb7-859d-2e4bde81d3c1","8/4/2026 12:36:03 PM",""
"4c9bc6ae-0392-4911-c5ae-08dec461c23c","fb62d5b6-f515-40e2-9844-08dec461c232","2b055b1b-49d1-40d9-810f-62a36bfec97d","Executive Dashboard","لوحة القيادة التنفيذية","7","7","Sectors","f48b7019-ef34-4eb7-859d-2e4bde81d3c1","8/4/2026 1:06:13 PM",""
"3e3fad60-165f-4f4c-c5af-08dec461c23c","fb62d5b6-f515-40e2-9844-08dec461c232","1369d2fe-81d7-40e4-a375-c87b528712fa","Leadership Dashboard","منصة القيادة","7","7","Sectors","f48b7019-ef34-4eb7-859d-2e4bde81d3c1","8/4/2026 1:06:13 PM",""
"a6050e0e-b9b6-461c-c5b8-08dec461c23c","5fad875e-7c72-43d4-9849-08dec461c232","2b055b1b-49d1-40d9-810f-62a36bfec97d","Executive Dashboard","لوحة القيادة التنفيذية","2","5","NationalIndicators","","8/5/2026 9:16:42 AM",""
"f51c1d0c-3129-42a3-c5b9-08dec461c23c","5fad875e-7c72-43d4-9849-08dec461c232","1369d2fe-81d7-40e4-a375-c87b528712fa","Leadership Dashboard","منصة القيادة","2","5","NationalIndicators","","8/5/2026 9:16:42 AM",""
"a59af393-ee92-4b15-c5c6-08dec461c23c","5fab87f3-d983-46d4-9850-08dec461c232","2b055b1b-49d1-40d9-810f-62a36bfec97d","Executive Dashboard","لوحة القيادة التنفيذية","8","7","Sectors","a0d0a555-e73a-475d-a643-d1274460d246","8/10/2026 11:27:48 AM",""
"c6db5e76-744d-4836-c5c7-08dec461c23c","5fab87f3-d983-46d4-9850-08dec461c232","1369d2fe-81d7-40e4-a375-c87b528712fa","Leadership Dashboard","منصة القيادة","8","7","Sectors","a0d0a555-e73a-475d-a643-d1274460d246","8/10/2026 11:27:48 AM",""
"414ec3c1-90f0-477e-db4f-08dec462e126","f0c369a6-468a-4ebc-00d1-08dec462e11d","2b055b1b-49d1-40d9-810f-62a36bfec97d","Executive Dashboard","لوحة القيادة التنفيذية","8","7","Sectors","183e97e8-172e-48bf-afb2-46b453b7ad23","6/7/2026 10:03:29 AM",""
"8d02dc8c-e532-4302-db50-08dec462e126","f0c369a6-468a-4ebc-00d1-08dec462e11d","1369d2fe-81d7-40e4-a375-c87b528712fa","Leadership Dashboard","منصة القيادة","8","7","Sectors","183e97e8-172e-48bf-afb2-46b453b7ad23","6/7/2026 10:03:29 AM",""
"d6e44fbd-20fa-4793-db51-08dec462e126","f8a7c25c-ab6b-4c5d-00d2-08dec462e11d","2b055b1b-49d1-40d9-810f-62a36bfec97d","Executive Dashboard","لوحة القيادة التنفيذية","7","7","Sectors","3769563e-2ced-4ad9-9663-e74fcf662806","6/7/2026 10:50:51 AM","6/15/2026 11:52:27 AM"
"e9f22990-c19b-4ccc-db52-08dec462e126","f8a7c25c-ab6b-4c5d-00d2-08dec462e11d","1369d2fe-81d7-40e4-a375-c87b528712fa","Leadership Dashboard","منصة القيادة","7","7","Sectors","3769563e-2ced-4ad9-9663-e74fcf662806","6/7/2026 10:50:51 AM","6/15/2026 11:52:27 AM"
"fd0e398f-42cb-43d1-db53-08dec462e126","9f8975c5-215a-4533-00d3-08dec462e11d","2b055b1b-49d1-40d9-810f-62a36bfec97d","Executive Dashboard","لوحة القيادة التنفيذية","5","7","Sectors","3769563e-2ced-4ad9-9663-e74fcf662806","6/7/2026 10:51:44 AM","6/15/2026 11:52:27 AM"
"053580fb-6d64-44a7-db54-08dec462e126","9f8975c5-215a-4533-00d3-08dec462e11d","1369d2fe-81d7-40e4-a375-c87b528712fa","Leadership Dashboard","منصة القيادة","5","7","Sectors","3769563e-2ced-4ad9-9663-e74fcf662806","6/7/2026 10:51:44 AM","6/15/2026 11:52:27 AM"
"59b43137-c075-4ca2-db55-08dec462e126","2d6acf61-cf68-4f92-00d4-08dec462e11d","2b055b1b-49d1-40d9-810f-62a36bfec97d","Executive Dashboard","لوحة القيادة التنفيذية","1","7","Sectors","193fd388-ded0-455f-86a3-32ac810c3e6a","6/8/2026 12:39:41 PM",""
"a493a0ee-df45-408d-db56-08dec462e126","2d6acf61-cf68-4f92-00d4-08dec462e11d","1369d2fe-81d7-40e4-a375-c87b528712fa","Leadership Dashboard","منصة القيادة","1","7","Sectors","193fd388-ded0-455f-86a3-32ac810c3e6a","6/8/2026 12:39:41 PM",""
"568b50b4-80f4-46dc-d64b-08decabb6cc3","32bb4d16-587b-4c9a-c6c9-08decabb6cc2","2b055b1b-49d1-40d9-810f-62a36bfec97d","Executive Dashboard","لوحة القيادة التنفيذية","3","7","Sectors","3769563e-2ced-4ad9-9663-e74fcf662806","6/15/2026 11:52:26 AM","6/15/2026 11:52:27 AM"
"12d6e738-0678-4b02-d64c-08decabb6cc3","32bb4d16-587b-4c9a-c6c9-08decabb6cc2","1369d2fe-81d7-40e4-a375-c87b528712fa","Leadership Dashboard","منصة القيادة","3","7","Sectors","3769563e-2ced-4ad9-9663-e74fcf662806","6/15/2026 11:52:26 AM","6/15/2026 11:52:27 AM"
"5c0711a7-cb66-4cac-5361-08decfcf581a","3a1df49d-ed50-444c-16f3-08decfcf5819","2b055b1b-49d1-40d9-810f-62a36bfec97d","Executive Dashboard","لوحة القيادة التنفيذية","1","3","SpecialProjects","914cfe36-dbd0-4748-dd24-08decfbdd23b","6/23/2026 9:22:23 AM",""
"91436269-d9dc-44f1-5362-08decfcf581a","3a1df49d-ed50-444c-16f3-08decfcf5819","1369d2fe-81d7-40e4-a375-c87b528712fa","Leadership Dashboard","منصة القيادة","1","3","SpecialProjects","914cfe36-dbd0-4748-dd24-08decfbdd23b","6/23/2026 9:22:23 AM",""
"e131e483-a0a0-47ed-5363-08decfcf581a","4cc09467-f0d6-435c-16f4-08decfcf5819","2b055b1b-49d1-40d9-810f-62a36bfec97d","Executive Dashboard","لوحة القيادة التنفيذية","2","3","SpecialProjects","914cfe36-dbd0-4748-dd24-08decfbdd23b","6/23/2026 9:37:27 AM",""
"1d5e1e19-93ee-4665-5364-08decfcf581a","4cc09467-f0d6-435c-16f4-08decfcf5819","1369d2fe-81d7-40e4-a375-c87b528712fa","Leadership Dashboard","منصة القيادة","2","3","SpecialProjects","914cfe36-dbd0-4748-dd24-08decfbdd23b","6/23/2026 9:37:27 AM",""
"e2207b13-f3f4-4f3d-5365-08decfcf581a","af7b505f-f7e9-43f1-16f5-08decfcf5819","2b055b1b-49d1-40d9-810f-62a36bfec97d","Executive Dashboard","لوحة القيادة التنفيذية","3","3","SpecialProjects","914cfe36-dbd0-4748-dd24-08decfbdd23b","6/23/2026 10:06:55 AM",""
"aeb37818-08cf-4c63-5366-08decfcf581a","af7b505f-f7e9-43f1-16f5-08decfcf5819","1369d2fe-81d7-40e4-a375-c87b528712fa","Leadership Dashboard","منصة القيادة","3","3","SpecialProjects","914cfe36-dbd0-4748-dd24-08decfbdd23b","6/23/2026 10:06:55 AM",""
"033a3788-c362-405d-14bc-08ded4dc1597","9c037f4d-5d9a-4e73-66e2-08ded4dc1595","2b055b1b-49d1-40d9-810f-62a36bfec97d","Executive Dashboard","لوحة القيادة التنفيذية","16","7","Sectors","f48b7019-ef34-4eb7-859d-2e4bde81d3c1","6/28/2026 9:11:25 AM",""
"bee288e9-3503-4640-14bd-08ded4dc1597","9c037f4d-5d9a-4e73-66e2-08ded4dc1595","1369d2fe-81d7-40e4-a375-c87b528712fa","Leadership Dashboard","منصة القيادة","16","7","Sectors","f48b7019-ef34-4eb7-859d-2e4bde81d3c1","6/28/2026 9:11:25 AM",""
"df9844e3-dc09-496d-14be-08ded4dc1597","8c80bd45-0ad9-41ac-66e3-08ded4dc1595","2b055b1b-49d1-40d9-810f-62a36bfec97d","Executive Dashboard","لوحة القيادة التنفيذية","3","6","DiversificationTargets","","6/28/2026 10:26:58 AM",""
"64bd10af-41a9-4031-14bf-08ded4dc1597","8c80bd45-0ad9-41ac-66e3-08ded4dc1595","1369d2fe-81d7-40e4-a375-c87b528712fa","Leadership Dashboard","منصة القيادة","3","6","DiversificationTargets","","6/28/2026 10:26:58 AM",""
"9f67c569-4f5e-4579-14c0-08ded4dc1597","a5dc655f-39dd-465c-66e4-08ded4dc1595","2b055b1b-49d1-40d9-810f-62a36bfec97d","Executive Dashboard","لوحة القيادة التنفيذية","1","7","Sectors","39740084-7387-4caa-886a-8bd5c71fd799","6/30/2026 8:15:18 AM",""
"5987a4e6-c4bd-437e-14c1-08ded4dc1597","a5dc655f-39dd-465c-66e4-08ded4dc1595","1369d2fe-81d7-40e4-a375-c87b528712fa","Leadership Dashboard","منصة القيادة","1","7","Sectors","39740084-7387-4caa-886a-8bd5c71fd799","6/30/2026 8:15:18 AM",""
"b98eac3e-b3c6-44fe-5f86-08deda71879c","9edc764f-f529-4b94-1ec6-08deda71879b","2b055b1b-49d1-40d9-810f-62a36bfec97d","Executive Dashboard","لوحة القيادة التنفيذية","15","7","Sectors","f48b7019-ef34-4eb7-859d-2e4bde81d3c1","7/5/2026 11:43:47 AM",""
"2334e6ae-d38a-404a-5f87-08deda71879c","9edc764f-f529-4b94-1ec6-08deda71879b","1369d2fe-81d7-40e4-a375-c87b528712fa","Leadership Dashboard","منصة القيادة","15","7","Sectors","f48b7019-ef34-4eb7-859d-2e4bde81d3c1","7/5/2026 11:43:47 AM",""
"0772f9e6-878c-41e1-5f88-08deda71879c","6a025aec-0e58-4a9c-1ec7-08deda71879b","2b055b1b-49d1-40d9-810f-62a36bfec97d","Executive Dashboard","لوحة القيادة التنفيذية","3","7","Sectors","f48b7019-ef34-4eb7-859d-2e4bde81d3c1","7/5/2026 11:46:06 AM",""
"8f3b2557-17f0-4282-5f89-08deda71879c","6a025aec-0e58-4a9c-1ec7-08deda71879b","1369d2fe-81d7-40e4-a375-c87b528712fa","Leadership Dashboard","منصة القيادة","3","7","Sectors","f48b7019-ef34-4eb7-859d-2e4bde81d3c1","7/5/2026 11:46:06 AM",""
"101db581-4c7f-48b2-5f8a-08deda71879c","633dc513-6f33-4bb5-1ec8-08deda71879b","2b055b1b-49d1-40d9-810f-62a36bfec97d","Executive Dashboard","لوحة القيادة التنفيذية","3","7","Sectors","193fd388-ded0-455f-86a3-32ac810c3e6a","7/5/2026 12:14:30 PM",""
"924fb7b6-caa8-4f75-5f8b-08deda71879c","633dc513-6f33-4bb5-1ec8-08deda71879b","1369d2fe-81d7-40e4-a375-c87b528712fa","Leadership Dashboard","منصة القيادة","3","7","Sectors","193fd388-ded0-455f-86a3-32ac810c3e6a","7/5/2026 12:14:30 PM",""
"c8a93d91-bfeb-469d-da0e-08dee641c199","ecda5ca3-5c3f-431d-a32d-08dee641c198","2b055b1b-49d1-40d9-810f-62a36bfec97d","Executive Dashboard","لوحة القيادة التنفيذية","15","7","Sectors","3769563e-2ced-4ad9-9663-e74fcf662806","7/20/2026 12:32:03 PM",""
"32fb9b14-b25f-4937-da0f-08dee641c199","ecda5ca3-5c3f-431d-a32d-08dee641c198","1369d2fe-81d7-40e4-a375-c87b528712fa","Leadership Dashboard","منصة القيادة","15","7","Sectors","3769563e-2ced-4ad9-9663-e74fcf662806","7/20/2026 12:32:03 PM",""
"c4103f1c-59c2-41e1-da10-08dee641c199","51923029-874a-4a0e-a32e-08dee641c198","2b055b1b-49d1-40d9-810f-62a36bfec97d","Executive Dashboard","لوحة القيادة التنفيذية","12","7","Sectors","183e97e8-172e-48bf-afb2-46b453b7ad23","7/21/2026 8:14:58 AM",""
"dc8b8393-6a87-41dd-da11-08dee641c199","51923029-874a-4a0e-a32e-08dee641c198","1369d2fe-81d7-40e4-a375-c87b528712fa","Leadership Dashboard","منصة القيادة","12","7","Sectors","183e97e8-172e-48bf-afb2-46b453b7ad23","7/21/2026 8:14:58 AM",""
"19b95dda-7ee3-4c47-da12-08dee641c199","9e0bf9c1-f585-4302-a32f-08dee641c198","2b055b1b-49d1-40d9-810f-62a36bfec97d","Executive Dashboard","لوحة القيادة التنفيذية","4","7","Sectors","183e97e8-172e-48bf-afb2-46b453b7ad23","7/21/2026 8:58:07 AM",""
"2c65d4c9-acb8-4164-da13-08dee641c199","9e0bf9c1-f585-4302-a32f-08dee641c198","1369d2fe-81d7-40e4-a375-c87b528712fa","Leadership Dashboard","منصة القيادة","4","7","Sectors","183e97e8-172e-48bf-afb2-46b453b7ad23","7/21/2026 8:58:07 AM",""
"0d2ab4cf-33a4-4952-da24-08dee641c199","db232b25-daca-4ab5-a338-08dee641c198","2b055b1b-49d1-40d9-810f-62a36bfec97d","Executive Dashboard","لوحة القيادة التنفيذية","13","7","Sectors","3769563e-2ced-4ad9-9663-e74fcf662806","7/22/2026 12:54:10 PM",""
"c9c43305-5038-4138-da25-08dee641c199","db232b25-daca-4ab5-a338-08dee641c198","1369d2fe-81d7-40e4-a375-c87b528712fa","Leadership Dashboard","منصة القيادة","13","7","Sectors","3769563e-2ced-4ad9-9663-e74fcf662806","7/22/2026 12:54:10 PM",""
"6ef12ea2-24b8-43d7-da26-08dee641c199","4a88b450-130e-4be4-a339-08dee641c198","2b055b1b-49d1-40d9-810f-62a36bfec97d","Executive Dashboard","لوحة القيادة التنفيذية","11","7","Sectors","183e97e8-172e-48bf-afb2-46b453b7ad23","7/23/2026 8:49:54 AM",""
"5e157e5e-84a3-4afb-da27-08dee641c199","4a88b450-130e-4be4-a339-08dee641c198","1369d2fe-81d7-40e4-a375-c87b528712fa","Leadership Dashboard","منصة القيادة","11","7","Sectors","183e97e8-172e-48bf-afb2-46b453b7ad23","7/23/2026 8:49:54 AM",""
"43b5b121-68da-416f-da28-08dee641c199","29d4d4aa-76d1-42a4-a33a-08dee641c198","2b055b1b-49d1-40d9-810f-62a36bfec97d","Executive Dashboard","لوحة القيادة التنفيذية","2","7","Sectors","0679a403-9ca5-4a05-952b-53250586775b","7/23/2026 10:55:22 AM",""
"aba891ca-6547-4627-da29-08dee641c199","29d4d4aa-76d1-42a4-a33a-08dee641c198","1369d2fe-81d7-40e4-a375-c87b528712fa","Leadership Dashboard","منصة القيادة","2","7","Sectors","0679a403-9ca5-4a05-952b-53250586775b","7/23/2026 10:55:22 AM",""
"f27d0d6c-ca6d-4fb8-3a95-08deeafdc6d7","2fbc0553-b137-4021-0e03-08deeafdc6d6","2b055b1b-49d1-40d9-810f-62a36bfec97d","Executive Dashboard","لوحة القيادة التنفيذية","4","5","NationalIndicators","","7/26/2026 1:18:07 PM","8/5/2026 9:16:45 AM"
"9eea31a5-d260-4b9e-3a96-08deeafdc6d7","2fbc0553-b137-4021-0e03-08deeafdc6d6","1369d2fe-81d7-40e4-a375-c87b528712fa","Leadership Dashboard","منصة القيادة","5","5","NationalIndicators","","7/26/2026 1:18:07 PM","8/5/2026 9:16:45 AM"
"0ff7ecaa-ce0f-4ca0-3a97-08deeafdc6d7","6a664f7d-84e9-44a9-0e04-08deeafdc6d6","2b055b1b-49d1-40d9-810f-62a36bfec97d","Executive Dashboard","لوحة القيادة التنفيذية","5","5","NationalIndicators","","7/26/2026 1:53:00 PM","8/5/2026 9:16:45 AM"
"921c2e73-1afb-4376-3a98-08deeafdc6d7","6a664f7d-84e9-44a9-0e04-08deeafdc6d6","1369d2fe-81d7-40e4-a375-c87b528712fa","Leadership Dashboard","منصة القيادة","6","5","NationalIndicators","","7/26/2026 1:53:00 PM","8/5/2026 9:16:45 AM"
"b8530d35-0110-48a7-3a99-08deeafdc6d7","f2b33590-7ef4-45f3-0e05-08deeafdc6d6","2b055b1b-49d1-40d9-810f-62a36bfec97d","Executive Dashboard","لوحة القيادة التنفيذية","14","7","Sectors","3769563e-2ced-4ad9-9663-e74fcf662806","7/28/2026 10:11:50 AM",""
"633b28d1-b203-4b8d-3a9a-08deeafdc6d7","f2b33590-7ef4-45f3-0e05-08deeafdc6d6","1369d2fe-81d7-40e4-a375-c87b528712fa","Leadership Dashboard","منصة القيادة","14","7","Sectors","3769563e-2ced-4ad9-9663-e74fcf662806","7/28/2026 10:11:50 AM",""
"fa914e6a-fe13-4fd0-a658-08def0866aa4","8e7d0bcf-78ac-47f1-790e-08def0866aa3","2b055b1b-49d1-40d9-810f-62a36bfec97d","Executive Dashboard","لوحة القيادة التنفيذية","2","5","NationalIndicators","","8/2/2026 2:08:44 PM","8/5/2026 9:16:45 AM"
"2b860f24-8a11-4d60-a659-08def0866aa4","8e7d0bcf-78ac-47f1-790e-08def0866aa3","1369d2fe-81d7-40e4-a375-c87b528712fa","Leadership Dashboard","منصة القيادة","3","5","NationalIndicators","","8/2/2026 2:08:44 PM","8/5/2026 9:16:45 AM"
"c06eb399-aad7-48fe-a65a-08def0866aa4","90f51bae-c903-46a5-790f-08def0866aa3","2b055b1b-49d1-40d9-810f-62a36bfec97d","Executive Dashboard","لوحة القيادة التنفيذية","5","7","Sectors","f48b7019-ef34-4eb7-859d-2e4bde81d3c1","8/3/2026 8:25:25 AM",""
"f98ca38f-5ac8-4b1c-a65b-08def0866aa4","90f51bae-c903-46a5-790f-08def0866aa3","1369d2fe-81d7-40e4-a375-c87b528712fa","Leadership Dashboard","منصة القيادة","5","7","Sectors","f48b7019-ef34-4eb7-859d-2e4bde81d3c1","8/3/2026 8:25:25 AM",""
"10e90530-4e64-4bbb-a65e-08def0866aa4","ea03b9d1-de4d-4036-7911-08def0866aa3","2b055b1b-49d1-40d9-810f-62a36bfec97d","Executive Dashboard","لوحة القيادة التنفيذية","6","7","Sectors","a0d0a555-e73a-475d-a643-d1274460d246","8/3/2026 8:39:36 AM",""
"046d8f3a-bd17-4c69-a65f-08def0866aa4","ea03b9d1-de4d-4036-7911-08def0866aa3","1369d2fe-81d7-40e4-a375-c87b528712fa","Leadership Dashboard","منصة القيادة","6","7","Sectors","a0d0a555-e73a-475d-a643-d1274460d246","8/3/2026 8:39:36 AM",""
"cc799a5f-714c-4e69-a660-08def0866aa4","ecaf0b90-cb84-46ce-7912-08def0866aa3","2b055b1b-49d1-40d9-810f-62a36bfec97d","Executive Dashboard","لوحة القيادة التنفيذية","10","7","Sectors","a0d0a555-e73a-475d-a643-d1274460d246","8/4/2026 8:19:20 AM",""
"5b89198f-ceaa-499e-a661-08def0866aa4","ecaf0b90-cb84-46ce-7912-08def0866aa3","1369d2fe-81d7-40e4-a375-c87b528712fa","Leadership Dashboard","منصة القيادة","10","7","Sectors","a0d0a555-e73a-475d-a643-d1274460d246","8/4/2026 8:19:20 AM",""
"b0a4447e-5d1e-44c5-a662-08def0866aa4","cb6a2246-50f5-4fcd-7913-08def0866aa3","2b055b1b-49d1-40d9-810f-62a36bfec97d","Executive Dashboard","لوحة القيادة التنفيذية","1","7","Sectors","f48b7019-ef34-4eb7-859d-2e4bde81d3c1","8/4/2026 12:30:38 PM",""
"2451e7ce-2781-4c8d-a663-08def0866aa4","cb6a2246-50f5-4fcd-7913-08def0866aa3","1369d2fe-81d7-40e4-a375-c87b528712fa","Leadership Dashboard","منصة القيادة","1","7","Sectors","f48b7019-ef34-4eb7-859d-2e4bde81d3c1","8/4/2026 12:30:38 PM",""
"5a8f720d-7b75-44fb-a66e-08def0866aa4","43abd900-755b-48bb-7919-08def0866aa3","2b055b1b-49d1-40d9-810f-62a36bfec97d","Executive Dashboard","لوحة القيادة التنفيذية","1","7","Sectors","a0d0a555-e73a-475d-a643-d1274460d246","8/6/2026 8:10:31 AM",""
"16d77b73-ce38-46d1-a66f-08def0866aa4","43abd900-755b-48bb-7919-08def0866aa3","1369d2fe-81d7-40e4-a375-c87b528712fa","Leadership Dashboard","منصة القيادة","1","7","Sectors","a0d0a555-e73a-475d-a643-d1274460d246","8/6/2026 8:10:31 AM",""
"40d33614-adc9-411f-a670-08def0866aa4","61f82d6b-6ab6-4ce8-791a-08def0866aa3","2b055b1b-49d1-40d9-810f-62a36bfec97d","Executive Dashboard","لوحة القيادة التنفيذية","4","7","Sectors","a0d0a555-e73a-475d-a643-d1274460d246","8/6/2026 8:11:55 AM",""
"c6725969-69b8-4666-a671-08def0866aa4","61f82d6b-6ab6-4ce8-791a-08def0866aa3","1369d2fe-81d7-40e4-a375-c87b528712fa","Leadership Dashboard","منصة القيادة","4","7","Sectors","a0d0a555-e73a-475d-a643-d1274460d246","8/6/2026 8:11:55 AM",""
"11b0ea26-7354-472b-800f-08def5e05d22","aef8dc96-bf8d-4fbd-908f-08def5e05d1a","2b055b1b-49d1-40d9-810f-62a36bfec97d","Executive Dashboard","لوحة القيادة التنفيذية","16","7","Sectors","39740084-7387-4caa-886a-8bd5c71fd799","8/10/2026 11:34:04 AM",""
"d7756257-d86a-4bcb-8010-08def5e05d22","aef8dc96-bf8d-4fbd-908f-08def5e05d1a","1369d2fe-81d7-40e4-a375-c87b528712fa","Leadership Dashboard","منصة القيادة","16","7","Sectors","39740084-7387-4caa-886a-8bd5c71fd799","8/10/2026 11:34:04 AM",""
