"BaseIndicatorDetailId","BaseIndicatorId","IsMain","DwhIndicatorName","UpdatedAt"
"93db8d28-13c9-406f-9fb3-02ba8dfedb7a","f834d328-e379-4221-a9ec-2620875ac997","False","","5/24/2026 10:59:45 AM"
"70c628f9-0107-4dc1-9d82-0326a7c47d34","9439d25c-e03c-4587-882f-b2d4255602c6","True","","3/4/2023 10:05:24 AM"
"aa18fa30-3755-4086-a0ea-04265d2633c9","763a8c21-54b8-4fae-fc29-08dd8f984037","True","","8/2/2026 9:46:42 AM"
"3d85d6ee-df7c-4102-a875-04cfb3eb72ad","e7d27610-ec54-4087-fd41-08dd8ca66f9c","True","Sector Contribution To GDP (ICT)","6/8/2026 12:39:24 PM"
"4c6883e2-ebbf-4ca8-9ed5-06265c43a210","b38962c9-acda-4bd3-9bb9-b51e3365d6d0","True","","10/14/2025 12:47:00 PM"
"36dc53d5-6a00-4509-8958-0645333d8e88","9f1b0ba8-2225-4f3e-973f-a5cf045627a9","False","","5/24/2026 10:51:34 AM"
"ac02d9fa-ebc8-4462-a45c-07e8a37b05fb","e7b61ac2-ebf2-4ac2-ace9-832381a4faba","True","","3/4/2023 10:06:21 AM"
"d1f39148-6345-4231-889a-081733ff4223","7d9d6893-173f-41a1-b230-92a448c02c8f","True","","3/6/2023 4:06:58 AM"
"2ec9f97d-5c61-42b2-72d5-08dd8c9ae75d","d7768ce6-7e13-4213-1886-08dd8c9ac2e7","True","Total Production","6/7/2026 10:03:15 AM"
"dbbf6296-454a-4709-f49c-08dd8c9b779d","bf24acec-dc99-4bfe-91b2-08dd8c9b1913","True","Gross National Income (GNI)","7/26/2026 1:58:49 PM"
"89e4b51e-2864-4a8f-f4a3-08dd8c9b779d","f22dbb3c-c542-47d3-91b6-08dd8c9b1913","True","Global Food Security Index (GFSI) Rank","6/2/2026 1:25:14 PM"
"af28efd4-addd-4298-f4a4-08dd8c9b779d","c0ea29f9-c2b5-48c7-1885-08dd8c9ac2e7","True","Crop Yield  - Vegetables, Greenhouses","6/7/2026 9:56:04 AM"
"77dfcbc9-0f65-4ad3-f4ed-08dd8ca67e32","60be3657-a99d-4dc0-b655-08dd8ca641ed","True","Out-of-Pocket Expenditure as a Percentage of Current Health Expenditure","8/3/2026 8:25:05 AM"
"fae02c26-3bd0-400a-f4ef-08dd8ca67e32","9bfcfd0f-206c-4a81-b656-08dd8ca641ed","True","Pharmaceuticals, Medical Devices and Consumables Produced in Qatar","8/4/2026 1:04:34 PM"
"5e1c498e-b7b4-4f9c-f4f1-08dd8ca67e32","bc0144bd-8228-4022-fd42-08dd8ca66f9c","True","Network Readiness Index (NRI) Rank","7/5/2026 12:13:35 PM"
"feb47735-62a9-40bf-f4f2-08dd8ca67e32","82cb353f-7635-44e6-fd43-08dd8ca66f9c","True","Global Cybersecurity Index (GCI) Score","7/5/2026 12:12:19 PM"
"29a9a9da-7d32-46e7-f4f3-08dd8ca67e32","82cb353f-7635-44e6-fd43-08dd8ca66f9c","False","Global Cybersecurity Index (GCI) Rank","7/5/2026 12:12:24 PM"
"a88e43ef-4ab9-4b32-f4f4-08dd8ca67e32","6a83aeab-2024-4293-b659-08dd8ca641ed","True","Percentage of Online, End-to-End Public Services","8/17/2025 11:18:54 AM"
"2c5bee26-dd97-427d-f4f5-08dd8ca67e32","1133a92c-b7aa-4d1c-b65c-08dd8ca641ed","True","Logistics Performance Index (LPI) Rank","10/8/2025 10:58:05 AM"
"1ea420cb-1f13-49c4-f4f6-08dd8ca67e32","55d5cfff-5e3e-436a-fd45-08dd8ca66f9c","True","Number of Jobs in the sector","7/2/2026 11:43:49 AM"
"e2ed493e-468e-43ae-f4f7-08dd8ca67e32","9c08e6c8-ebc7-4304-b65d-08dd8ca641ed","True","Air Transport Freight","4/20/2026 12:11:31 PM"
"1ae763f5-54fa-43b1-f4f8-08dd8ca67e32","70b9828b-9a49-4b1b-fd47-08dd8ca66f9c","True","Goods Re-export","7/2/2026 11:57:38 AM"
"f7773f3b-70d1-4d11-f4fa-08dd8ca67e32","64eec0a9-2740-4bb2-b661-08dd8ca641ed","True","Number of Non-Qatari Jobs","7/7/2025 10:53:12 PM"
"1b3ad7ca-fb44-46d6-f4fd-08dd8ca67e32","0cc207f1-3665-47fa-fd4b-08dd8ca66f9c","True","World Competitiveness Ranking","6/28/2026 10:27:15 AM"
"42de99b1-ee11-4b9f-f4fe-08dd8ca67e32","cc51126f-9f21-42d1-fd4c-08dd8ca66f9c","True","Economic Complexity Index Rank","5/3/2026 9:40:10 AM"
"fe8b6a72-ce0d-4de1-f502-08dd8ca67e32","ab61b22e-a292-40d4-fd54-08dd8ca66f9c","True","","10/14/2025 12:04:49 PM"
"c06a51aa-446e-4f36-dc1c-08dd8ca6e776","533daac2-2e84-4f4d-fd3e-08dd8ca66f9c","True","Private Expenditure on Health as a Percentage of Total Current Health Expenditure","8/3/2026 8:23:31 AM"
"934558b2-4119-4787-dc1e-08dd8ca6e776","0deac0f6-d36f-46b9-b658-08dd8ca641ed","True","Sector Exports (ICT)","8/20/2025 7:57:11 AM"
"3f39dd1b-d75b-43c3-dc22-08dd8ca6e776","02f24f7f-aef9-4146-b65f-08dd8ca641ed","True","IATA Connectivity Index","10/6/2025 9:20:28 AM"
"9c076019-93da-4d84-dc23-08dd8ca6e776","7e1bc17b-15b9-43b3-b660-08dd8ca641ed","True","Number of Qatari Jobs","8/10/2026 11:33:48 AM"
"c566b959-10e5-4d8c-dc25-08dd8ca6e776","758f6b56-dec6-46d5-fd49-08dd8ca66f9c","True","Qataris Employed in Private Sector as Share of Total Qataris Employed","5/20/2026 10:37:28 AM"
"0be53476-d5c0-4bdd-dc26-08dd8ca6e776","86453f7b-aa2a-4832-b663-08dd8ca641ed","True","Workforce (Economically Active) - High Skilled Blue Collar","5/20/2026 1:18:57 PM"
"1d2d8d03-cc9e-4b15-dc27-08dd8ca6e776","86453f7b-aa2a-4832-b663-08dd8ca641ed","False","Workforce (Economically Active) - High Skilled White Collar","5/20/2026 1:18:57 PM"
"0fd612cb-b027-4716-dc28-08dd8ca6e776","86453f7b-aa2a-4832-b663-08dd8ca641ed","False","Workforce (Economically Active) - Low Skilled Blue Collar","5/20/2026 1:18:57 PM"
"5d44d596-1d70-4237-dc29-08dd8ca6e776","86453f7b-aa2a-4832-b663-08dd8ca641ed","False","Workforce (Economically Active) - Low Skilled White Collar","5/20/2026 1:18:57 PM"
"6e566915-9427-4427-3fa8-08dd8f9441f4","47ddf8d8-71d4-4f57-4a6f-08dd8f83b962","True","","8/3/2026 8:32:32 AM"
"c3839297-487c-4737-3fa9-08dd8f9441f4","47ddf8d8-71d4-4f57-4a6f-08dd8f83b962","False","","8/3/2026 8:32:32 AM"
"45740834-bc0f-405b-3faa-08dd8f9441f4","47ddf8d8-71d4-4f57-4a6f-08dd8f83b962","False","","8/3/2026 8:32:32 AM"
"b65d3ee2-cd29-49ae-3fab-08dd8f9441f4","7402f9d2-0a2d-4ca5-fc27-08dd8f984037","True","","6/22/2026 10:43:57 AM"
"a227940d-a306-4044-ebc4-08ddf99d46f8","37c65254-6ebb-4e9e-b3e8-08ddf993df51","True","","10/6/2025 9:02:11 AM"
"febcd603-00b4-4779-b051-096dba30cba1","4fe7e09d-e927-4b91-9e7e-fdd0c8b11c18","True","","11/25/2025 1:38:33 PM"
"cdc59156-4680-4191-a18a-0a0fa5cf78b4","3fda10c5-4272-4db4-9026-9210a9d7a220","True","","3/6/2023 3:29:53 AM"
"4d048509-0a57-49ca-a7f4-0a723e402b01","61cd97c1-aa02-472b-bb04-08de0ba11ad8","False","","7/23/2026 8:48:14 AM"
"c8c30830-c2b8-4dcb-8156-0ceaa4b7c310","f40c099b-fe38-4c0c-ab6b-6f482504ba41","False","","5/21/2026 4:12:45 PM"
"3fe5592c-1151-450f-a32e-0d153c3ea0e4","f834d328-e379-4221-a9ec-2620875ac997","False","","5/24/2026 10:59:45 AM"
"d74e21f3-257c-4ccf-bd66-0f80cfb45220","b8850afa-e4f2-49e8-b8dd-0fc999546ee9","False","","6/23/2026 10:16:13 AM"
"95cde7f3-dda0-4c7e-90b9-0ff557831ae8","1ce28a27-bc22-428e-81c9-5153545dfbb2","True","","5/5/2025 1:34:47 PM"
"e6f06010-3c0e-4f9a-8f34-1142c8282eec","61cd97c1-aa02-472b-bb04-08de0ba11ad8","False","","7/23/2026 8:48:15 AM"
"5161dca8-65fd-47d5-b80a-1179b4576399","46f92d91-00e9-450b-8a7d-a55c68cfaf52","True","","3/6/2023 4:06:48 AM"
"9759d2e3-0352-4f93-b8f3-13f5ef15f710","ed3fff4e-a640-48d8-90d8-eac6a620ffd6","True","","3/19/2025 10:19:22 AM"
"421a84fd-9cf0-47bc-96ae-147be557650c","50df01f3-d291-4a94-bd6f-8087df24aa8a","True","","7/28/2026 10:11:34 AM"
"6388eb3c-6665-41ef-90a9-1739af3f307d","748bc532-9218-4ed2-bb05-08de0ba11ad8","False","","2/8/2026 10:49:50 AM"
"082dd445-5662-4931-8631-17547c4d3d80","eae5aa30-a5e6-4d0c-8d1a-341554b4bd64","True","","7/5/2026 11:43:34 AM"
"5a3f629f-f0aa-4b48-b53d-17b4f6d18342","a29f2b95-2ed0-4832-bc3e-9bcf5692a18d","True","","3/6/2023 3:28:17 AM"
"9ae0170b-9ad1-4530-82a5-1993d1235aa9","4e923d8d-220e-4f8a-afb8-b073c9f6fb67","True","","6/25/2026 12:02:07 PM"
"688ca92c-03f7-46a6-b185-1a51d3ccc3c7","9220070d-11ed-44bf-a68f-ccda8cc7f780","True","","7/29/2026 1:54:51 PM"
"6de16238-0dc0-453c-8099-1a7094d9ce84","f4a555df-92c1-417f-89b6-557d9cb7cfd0","True","","3/6/2023 3:28:08 AM"
"0fded7d6-5461-4266-a7c5-1afbeb561142","748bc532-9218-4ed2-bb05-08de0ba11ad8","True","","2/8/2026 10:49:50 AM"
"256d27b9-00d4-4b31-a430-1d893690a3d9","63eaf2c5-952e-4eca-9b1d-aea65c65e92e","True","","8/5/2024 6:05:54 AM"
"0a922ab8-e890-408b-8f9d-1dd732a5047b","61cd97c1-aa02-472b-bb04-08de0ba11ad8","False","","7/23/2026 8:48:14 AM"
"f3d4829d-6ba7-4197-a514-1e3f67508412","748bc532-9218-4ed2-bb05-08de0ba11ad8","False","","2/8/2026 10:49:50 AM"
"da33cde5-8b69-46cf-be37-1e932618ada8","293496ae-5d13-4139-83a1-4d833396793b","True","","6/15/2026 11:52:17 AM"
"bbfb2960-e6e5-434b-8bde-1eb38b111d26","9940aaee-42c1-4e00-ad2f-f04e2607cc35","True","","10/14/2025 12:30:30 PM"
"6363cd50-dddf-4be5-960c-1f6348245281","0dc2cdd8-6ce8-4d56-8749-c8c645810616","True","","3/6/2023 4:51:17 PM"
"3012b24f-db07-4218-b701-208890589363","9f1b0ba8-2225-4f3e-973f-a5cf045627a9","True","","5/24/2026 10:51:34 AM"
"2a3c6334-4107-4bec-8dab-229cb0be7772","f834d328-e379-4221-a9ec-2620875ac997","False","","5/24/2026 10:59:44 AM"
"1b83941b-03bb-4d4f-8ccb-238c37092a1f","7b2a03fc-c511-4c11-b6aa-bd77ce3b4ea2","False","","5/24/2026 10:56:22 AM"
"b2eb3095-34fa-4a26-b924-23d9b3b65ded","55f354bd-3861-430c-b907-250224a1d995","True","","6/23/2026 9:48:43 AM"
"035f5056-9030-4f34-b49d-24c018afe8b0","b986244e-f9b6-4e22-ab4b-b13601493b7b","True","","10/14/2025 12:50:32 PM"
"bf09099b-364e-4ca9-bd38-253580268da9","80806c6e-efe6-4ec6-90b6-38d3fb904a7e","True","","6/7/2026 10:48:05 AM"
"2e69c157-b5ae-4e64-8ae3-254a74b98033","748bc532-9218-4ed2-bb05-08de0ba11ad8","False","","2/8/2026 10:49:50 AM"
"2aecae85-7518-4393-8686-25ab543a60d0","7c3ab28c-a066-47a5-914b-26861ea54161","False","","5/24/2026 11:25:15 AM"
"2a8d888f-1ad6-47f6-bf72-260e10c0c29a","9fa7d4bf-61ac-49a3-fd53-08dd8ca66f9c","True","Cost of Living - Housing and Utilities","5/24/2026 1:56:22 PM"
"88b24096-0c6c-4ff2-8933-267ba912c52a","b8850afa-e4f2-49e8-b8dd-0fc999546ee9","True","","6/23/2026 10:16:13 AM"
"00a6a691-1295-4221-ab04-26fed2951cc6","b596bac5-0dc8-4dec-91b1-08dd8c9b1913","True","Trade Balance","7/26/2026 1:52:05 PM"
"bad70983-9d6a-4bc6-9fe8-27c001cc8c35","7b2a03fc-c511-4c11-b6aa-bd77ce3b4ea2","False","","5/24/2026 10:56:22 AM"
"925c1174-6bac-4d85-9812-28bdf943635f","93032528-4506-4bf2-b118-1bab8728ce09","True","","5/31/2026 11:37:10 AM"
"332ec482-464c-4ee6-9786-2973e258c35e","d803eada-56b2-48a4-b65e-08dd8ca641ed","True","Liner Shipping Connectivity Index Score (out of 100)","5/7/2026 8:16:06 AM"
"b2913365-07e2-46cb-9b46-2978911e5950","442c7b35-1587-4400-96a1-f8037107ab00","True","","9/7/2023 4:37:12 AM"
"38c8f46d-261e-4d64-bc36-2a3144141478","13262750-1a55-4af5-8b27-76570645d786","True","","6/28/2026 7:47:53 AM"
"07015657-de39-4f52-a655-2b2fb17f13b1","a556ef9d-4795-4695-b2d3-25142a6a5fe4","True","","6/7/2026 10:49:59 AM"
"597173ce-53ad-4461-9c6f-2c1724ccb95d","1c46d5ad-0c16-4f63-fd3c-08dd8ca66f9c","True","Non-Hydrocarbon Exports (share of total exports)","5/14/2026 8:57:30 AM"
"3098d37b-dea8-43fd-9fe4-2dad1b522894","294e812b-d86a-4b70-9246-c94f1c433d25","True","","3/5/2023 3:05:04 PM"
"62a4b61b-5893-4dfa-b489-2dc02c418565","b00e50d8-c84d-46ab-acbb-680cccb79980","True","","10/14/2025 11:57:31 AM"
"604ea855-8ecb-43c9-b59a-2e138d386bed","e7f7820a-fa7c-47ba-91b0-08dd8c9b1913","False","Government Revenues - Non-Hydrocarbon","7/26/2026 1:17:12 PM"
"70756ba8-2306-40c8-a931-2f8b03c8545c","12a08667-7e80-45dd-870b-bda55ed79c7a","True","","7/21/2026 8:04:43 AM"
"3cb78938-1044-4e33-818c-3030218f3291","9f1b0ba8-2225-4f3e-973f-a5cf045627a9","False","","5/24/2026 10:51:34 AM"
"a787f64f-4dc1-4c03-ba56-3212a81c5525","b7423a5a-03cc-43e2-a035-57ab9a8c95a8","True","","7/6/2026 10:16:48 AM"
"b47d27b2-94ed-42fd-8fe4-3295388ce64f","c9d04624-898e-4c37-a41e-d12cdb8e1e6c","True","","5/6/2026 11:00:42 AM"
"a12d424f-aa04-48c9-9437-32bcf048b702","748bc532-9218-4ed2-bb05-08de0ba11ad8","False","","2/8/2026 10:49:50 AM"
"c03416c4-0833-4a21-a1bc-349a29846756","18f1ee7f-8a9a-4523-9dcb-a8e4755a5b93","False","","5/24/2026 11:07:46 AM"
"93e3cd75-869b-47a2-9574-34d1fdd68ad5","18f1ee7f-8a9a-4523-9dcb-a8e4755a5b93","False","","5/24/2026 11:07:46 AM"
"02433173-aa8e-4cf3-8dae-35dab4e944a3","2f65daa5-6a30-45aa-bfe8-df7eb9a176ef","True","","4/5/2026 9:18:40 AM"
"3560dca4-c2ec-418c-8412-36b03a68f52b","08c3ddaf-5a58-4e94-8fcb-be81e945b2ce","False","","5/24/2026 11:01:31 AM"
"da78f8dd-30e5-4fee-a14f-390b39238f1e","b702a135-ef05-4f35-bacf-c59380d5d28e","True","","6/7/2026 10:51:27 AM"
"c0fcca9b-a3c7-48ca-83c4-3ae28007538e","6a94bf79-5225-4696-ac38-6c9fd1736fd0","True","","3/16/2024 1:54:42 PM"
"84bfc386-e94f-49df-b8b0-3aef32208df1","f40c099b-fe38-4c0c-ab6b-6f482504ba41","False","","5/21/2026 4:12:44 PM"
"8f24964c-80f7-4fdf-bf7a-3bda75175867","5aa26781-72fa-4b93-98a8-50354363663e","True","","10/16/2024 8:00:23 AM"
"a5ce032f-7153-43d6-9d06-3c8a4cf3c52f","bafacc7e-f737-476e-b6ba-fd40d28b5b2c","True","","8/3/2026 8:29:30 AM"
"aac166b8-ee0a-4a9c-9c0f-3d4cd9a22479","eb8cf7d4-9457-4481-91b9-98f568113a19","True","","6/21/2025 8:39:18 AM"
"f5f68053-cc03-4fab-bec4-3e0d807beaab","af11d76e-333e-4dcd-8f24-cd7ff1df78b2","True","","10/16/2024 9:21:23 AM"
"b1c2576b-a03d-4016-996c-3eee522f1198","61cd97c1-aa02-472b-bb04-08de0ba11ad8","False","","7/23/2026 8:48:14 AM"
"b38a19d1-0cc6-4630-8cc6-3f127764d695","8be3e6c5-7a69-45f4-91b3-08dd8c9b1913","False","Exports - Non-Hydrocarbon","7/26/2026 1:37:46 PM"
"ef50cf0a-caf5-411a-baf1-3f9ee3bae025","2284fbad-01fb-41c2-af72-d00086788e4b","True","","3/6/2023 3:29:40 AM"
"5bec9e6f-7427-4527-a519-3fdab55e96c7","9229663a-6caa-480d-876b-66b1f05549af","True","","6/23/2026 9:56:29 AM"
"a3dfe88c-7609-44f5-b043-411f246e1809","d5b90910-0224-4d72-9a42-77664d400101","False","","6/23/2026 9:15:58 AM"
"46cb8859-5cd3-41e7-ba7c-426b9b0da0b2","8e377da9-3583-4044-abb1-10c975691c51","True","","7/28/2025 10:21:31 AM"
"d12acce8-af93-4e03-9a2c-447f46f81aa7","db61b0e2-9e23-40b4-81e6-4a6e4d2ccb3d","True","","10/14/2025 3:56:00 PM"
"4a975801-a78a-4056-a039-44f10c1378a6","d7fff5f3-82f2-42a6-a1ed-25930f34329d","True","","3/6/2023 4:07:35 AM"
"f8c0cc58-5b85-41ea-b890-4607650edf49","7b2a03fc-c511-4c11-b6aa-bd77ce3b4ea2","True","","5/24/2026 10:56:21 AM"
"ff26e752-8028-4eaa-a210-4658e7533f3a","7b2a03fc-c511-4c11-b6aa-bd77ce3b4ea2","False","","5/24/2026 10:56:22 AM"
"9aaf0fd7-ab3e-4f7f-b966-4767733d0024","8be3e6c5-7a69-45f4-91b3-08dd8c9b1913","True","Exports","7/26/2026 1:37:45 PM"
"506abde5-1d36-47a3-bf29-47ad0c202157","dce52566-4595-40f2-b329-884d612aff57","True","","7/22/2026 12:54:01 PM"
"3c597ac2-c1cf-4e15-85d2-47b388aef88a","f839de6c-8c92-40f6-a887-7edb63732039","True","","5/25/2023 10:09:48 AM"
"a67ebc0c-9099-4be7-b956-48880cfd8c28","748bc532-9218-4ed2-bb05-08de0ba11ad8","False","","2/8/2026 10:49:51 AM"
"e73de9a8-9887-4fd9-9ace-4a3812c4acc9","e7f7820a-fa7c-47ba-91b0-08dd8c9b1913","False","Government Revenues - Hydrocarbon","7/26/2026 1:17:11 PM"
"6483ef13-f984-4866-bdac-4a6329c65a8c","2f882e4c-effe-4266-8368-cc1ea95a4acb","True","","5/5/2025 1:34:54 PM"
"1706dd14-f71f-4995-bf8c-4b83c9656701","f834d328-e379-4221-a9ec-2620875ac997","False","","5/24/2026 10:59:46 AM"
"6f1bc5e6-3bd7-4bae-9cfd-4b9660af2b3c","8c2e44f0-93cd-48f4-9a4f-147bd1c540d0","True","","6/15/2026 11:51:34 AM"
"6f0ed775-6eb2-43f8-8c9a-4bf1fdfe1578","5a01bc5f-4346-45d1-9b5b-9ea53fbde92c","True","","3/6/2023 5:04:50 PM"
"51224862-8d71-4a69-a72f-4ca141a622fa","fa99fe1b-67ff-4d0b-bf71-0d26577d96a2","True","","7/20/2026 12:31:48 PM"
"71150473-dc67-4e35-86a8-4cc30f15dd8b","55f354bd-3861-430c-b907-250224a1d995","False","","6/23/2026 9:48:44 AM"
"851bbd2f-019b-49b4-ad04-4cdf78030fb9","a4dda68f-fedd-4176-b567-150ed06acd9e","True","","2/26/2026 1:07:43 PM"
"6abbd321-1d19-49ec-acc7-5030ec64bc98","7b2a03fc-c511-4c11-b6aa-bd77ce3b4ea2","False","","5/24/2026 10:56:23 AM"
"3f3cabbe-f377-4a4f-93ac-505939d82c38","eb467551-f5d7-4a34-b657-08dd8ca641ed","True","Sector Contribution To GDP (Education)","4/27/2026 12:26:47 PM"
"2b915419-0ecd-4c64-96cd-506acae3d6cd","7ff267fe-e6cc-481e-187f-08dd8c9ac2e7","True","Real GDP","5/3/2026 9:47:25 AM"
"49cf5ea5-2b7c-45a0-939b-51921316027a","f87388f1-b2c3-48e3-b667-08dd8ca641ed","True","","8/10/2026 11:27:38 AM"
"b2b872c5-2bdd-419d-86ca-53d8f0ee8e62","e08b675e-6d35-4b72-b7f0-8b934e91b9ba","True","","3/6/2023 5:19:29 PM"
"10f4c00d-c838-4536-9a0b-55267905f172","33c1d25c-19d5-4112-b10d-23dc3e3b5eae","True","","3/6/2023 5:04:11 PM"
"239907f2-6d71-40d2-bbce-565055decedc","08c3ddaf-5a58-4e94-8fcb-be81e945b2ce","False","","5/24/2026 11:01:29 AM"
"3a9f1368-eadd-4074-ba98-57c9f32d3aa8","55f354bd-3861-430c-b907-250224a1d995","False","","6/23/2026 9:48:44 AM"
"ff7b7801-fce2-4add-adfd-58212333bd09","41a2ec6f-77e9-4800-1883-08dd8c9ac2e7","True","Number of Room Nights Sold","8/2/2026 9:49:22 AM"
"fbdf79e4-cdb5-4e15-9edc-58bf34c9d8b4","3f2ad24b-17fe-4d2a-b1aa-e074fdac4d42","True","","3/6/2023 4:53:05 PM"
"4998a5c8-088c-4a35-adcb-5a20956a689e","9f1b0ba8-2225-4f3e-973f-a5cf045627a9","False","","5/24/2026 10:51:35 AM"
"c38b4cb8-7428-4941-b480-5c42105745e6","b3081714-bb56-44aa-8634-99236a47c31c","False","","5/24/2026 10:40:47 AM"
"4e6db02d-9698-4f89-881c-5c71bc45ff0b","9229663a-6caa-480d-876b-66b1f05549af","False","","6/23/2026 9:56:29 AM"
"ed21f09b-4571-4b3e-a5c8-5cd1bd36f32d","a0c2e90b-f288-4654-b732-448a2355654c","True","","7/23/2026 8:49:39 AM"
"3192c45b-2f46-4344-ba43-5de333950c6b","55f354bd-3861-430c-b907-250224a1d995","False","","6/23/2026 9:48:44 AM"
"b593aaf6-08f4-45b2-aae0-60891acaa601","728b4978-dca3-4c29-aa89-477447a6af45","True","","12/6/2025 3:35:13 PM"
"5108e26d-d136-48d9-8deb-60c6c498313c","13fb8ac9-ce52-44ed-a70d-52fefe625ef2","True","","10/14/2025 3:57:49 PM"
"6c85975f-3c51-4447-80e9-62cf50c69a8d","299107d1-5b9b-4261-b46c-88cddbab7230","True","","5/14/2025 8:45:12 PM"
"dfd60c08-b40a-4fdc-b67b-62d664df4ba3","245dffef-7f82-45ac-b65b-08dd8ca641ed","True","Sector Contribution To GDP (Manufacturing)","5/17/2026 9:40:51 AM"
"ad56e792-3773-434f-9abf-637144485d35","5620107f-b4df-434f-8a21-58d344380e2e","True","","6/28/2026 10:25:14 AM"
"8463b3c7-8e2a-4dcc-816d-63e0420e1ace","08c3ddaf-5a58-4e94-8fcb-be81e945b2ce","False","","5/24/2026 11:01:31 AM"
"25f851fe-3493-48f0-a8fc-657965a01b62","18f1ee7f-8a9a-4523-9dcb-a8e4755a5b93","True","","5/24/2026 11:07:46 AM"
"e4f6e715-b736-48cb-8ff9-67a5c6febda5","2c6b666e-211a-46ad-bf71-9a38a4ca051f","True","","10/6/2025 9:30:04 AM"
"3b90c2d2-2258-4693-a845-6c82545e9b9c","1c7e993d-4388-4448-9b76-edfcaeac4023","False","","6/23/2026 9:31:19 AM"
"4a0f0eae-85ee-4499-9c39-6e58caea2c73","748df6c6-a0bd-4557-8a24-815bf8ff7161","True","","10/14/2025 3:39:47 PM"
"e77652ec-701b-452e-8b47-6eb64e01b478","ad571512-2f76-4997-aec1-6107e12b97e2","True","","7/21/2026 8:57:58 AM"
"75a27662-796a-4bb1-9dc2-70466cb4c6a0","18f1ee7f-8a9a-4523-9dcb-a8e4755a5b93","False","","5/24/2026 11:07:46 AM"
"46be3545-0141-4002-9288-7269de56f326","b4b097eb-9a69-4c3e-b4b9-3818d622e1f7","True","","10/14/2025 12:32:30 PM"
"71aab551-6406-4858-8bf7-728559c0f306","55f354bd-3861-430c-b907-250224a1d995","False","","6/23/2026 9:48:44 AM"
"5ef4e2cc-4627-4b71-92eb-738d6b9f920d","38467659-d279-4591-931e-4a6f17af6af5","True","","10/16/2024 9:22:26 AM"
"63b8ed98-e5c0-4c2c-be6f-7433f8b16cda","e6ceb7d8-349f-4b67-8fb0-a67413fd8cac","True","","10/14/2025 3:38:44 PM"
"34370404-d43e-4dc1-b654-7638e323c026","92dcf9b6-d377-480e-8b26-034e86748654","True","","10/16/2024 9:19:12 AM"
"8c1df3f7-f2e0-4e73-9f1d-7869e51da009","2bcc3c02-5cdd-49d6-b383-badd008c63af","True","","10/16/2024 7:45:25 AM"
"94e82fa4-5d8f-48d5-9455-78b439ca7600","b13f092d-5ba9-4323-814e-c6500774d06a","True","","6/19/2025 6:42:45 AM"
"bae6be81-cede-413e-ab22-78caadb61aa1","cc33274f-3ad6-45a1-b941-f16c26574ace","True","","9/18/2025 1:23:55 PM"
"ddb15d7f-d0be-43c6-ac69-79e18b065fdc","7c3ab28c-a066-47a5-914b-26861ea54161","True","","5/24/2026 11:25:15 AM"
"c47daa1c-386f-4788-ab40-7c144499c690","08c3ddaf-5a58-4e94-8fcb-be81e945b2ce","False","","5/24/2026 11:01:30 AM"
"90d25f5a-2ddc-43a3-894a-7c3d6b227da3","3b2f2717-e12a-4e9c-95f5-a8d1a197e94d","True","","8/5/2024 6:19:19 AM"
"2c104be2-b49f-4fa1-beae-7dfa6b9dac28","61cd97c1-aa02-472b-bb04-08de0ba11ad8","False","","7/23/2026 8:48:13 AM"
"b5021bc3-ff87-4964-8f0d-7e68d8c31343","18f1ee7f-8a9a-4523-9dcb-a8e4755a5b93","False","","5/24/2026 11:07:46 AM"
"2664aba3-fea3-4b7f-a8c8-7f7ecd5ae25e","c6f4f88b-5459-479b-fd4a-08dd8ca66f9c","True","Total Population","4/23/2026 12:19:33 PM"
"bdfa90ca-8660-4990-9fad-7fa9de60e7fe","5893c1b0-ca0d-42b4-a410-b7104a28f3dd","True","","5/17/2026 11:14:06 AM"
"d7c84da8-edc8-427f-9bbd-818e0a812337","9f1b0ba8-2225-4f3e-973f-a5cf045627a9","False","","5/24/2026 10:51:35 AM"
"6772f266-f316-44be-908e-81a96c96f403","61cd97c1-aa02-472b-bb04-08de0ba11ad8","False","","7/23/2026 8:48:13 AM"
"b878a86f-50a7-4557-99ae-81f7032616df","7c3ab28c-a066-47a5-914b-26861ea54161","False","","5/24/2026 11:25:15 AM"
"857806b1-77af-44a9-a35f-831830029a89","ffa5b3e3-ec39-4762-b5e8-cecb0312f577","True","","6/23/2026 11:11:34 AM"
"28b4c29b-0baa-41c8-83cb-8369587ec067","711ab844-ce8b-4899-9a84-990d570d89ed","True","","3/6/2023 4:51:53 PM"
"746735ad-b2a6-4d82-bdcd-86006e885dcf","687a6199-d27b-4c35-a249-0eee77d142db","True","","3/19/2025 10:15:39 AM"
"68a75b22-354c-4579-a80f-863f03901f69","bf0661d2-7aff-4d88-b726-232fafb8db0f","True","","3/6/2023 5:16:20 PM"
"79116baa-1295-4275-9d93-875edd81b4fc","cc2c80e4-646d-4222-9130-0e41c6995a1c","True","","7/23/2026 10:22:52 AM"
"b609fada-4d1c-4af6-87f8-88418a54a296","55f354bd-3861-430c-b907-250224a1d995","False","","6/23/2026 9:48:44 AM"
"c40a8888-9ab9-462a-86f8-8a357f104a9f","9f1b0ba8-2225-4f3e-973f-a5cf045627a9","False","","5/24/2026 10:51:34 AM"
"8e34a05b-96f1-467c-a9c3-8a65ec6ba41d","7402f9d2-0a2d-4ca5-fc27-08dd8f984037","False","","6/22/2026 10:43:57 AM"
"390fd848-1af8-4799-8935-8c2601bad8b7","e9156da3-4411-464f-a320-e7c92cb24a7a","True","","8/3/2026 8:39:24 AM"
"8f48a8a5-5efb-4916-8d86-8c4c1093c251","55f354bd-3861-430c-b907-250224a1d995","False","","6/23/2026 9:48:43 AM"
"21eb8427-d23e-4494-80ed-8d1c8d96de07","588f1d52-9360-4f7e-845e-40d0ee88ea19","True","","10/16/2024 9:20:01 AM"
"51cfe999-07fb-45f4-912d-8e51d4d30585","a597be99-ce19-4a2b-aee3-5073fc5e19ac","True","","5/5/2025 1:34:36 PM"
"6b2cdfd5-94cb-4bd8-899d-8f058ff0099b","d5b90910-0224-4d72-9a42-77664d400101","False","","6/23/2026 9:15:59 AM"
"09bd0579-9655-46d3-866b-8ff8843f93d6","fdec5359-f2f8-4946-8042-ea3a5ad29bab","True","","3/6/2023 4:52:15 PM"
"567add38-2940-4d71-96fd-902fbe20cd69","e17c68a2-eaf6-49c4-bb03-36a5a20680b4","True","","10/14/2025 12:58:29 PM"
"dac23a4a-a7d2-4f7c-8cb2-90885081a09c","f40c099b-fe38-4c0c-ab6b-6f482504ba41","False","","5/21/2026 4:12:46 PM"
"e05b6feb-951a-4f71-bb9b-919203a88b22","08c3ddaf-5a58-4e94-8fcb-be81e945b2ce","False","","5/24/2026 11:01:31 AM"
"fdb4f859-5648-4ac1-95cd-91a254a598ad","7ff267fe-e6cc-481e-187f-08dd8c9ac2e7","False","Real GDP - Hydrocarbon","5/3/2026 9:47:26 AM"
"f9cec3cd-f2df-459c-b9b5-91eb8f956ddf","89ec6559-fcb6-47b4-b1cc-34ea9c9dc0c8","True","","3/6/2023 5:03:57 PM"
"9f57bc6b-5bba-4441-b3fc-91f6b3271c42","7b4c51ce-ae05-4fe8-9df3-f3017c408ff4","True","","3/6/2023 5:06:04 PM"
"6f5ed4ba-5ea1-4b95-85a3-922d50412cd5","7ff267fe-e6cc-481e-187f-08dd8c9ac2e7","False","Real GDP - Non-Hydrocarbon","5/3/2026 9:47:25 AM"
"3cb5b501-2859-4919-9976-936ab53f17a1","763a8c21-54b8-4fae-fc29-08dd8f984037","False","","8/2/2026 9:46:43 AM"
"20a6a83d-2553-43bc-8817-93e07ce1f9bd","08c3ddaf-5a58-4e94-8fcb-be81e945b2ce","True","","5/24/2026 11:01:29 AM"
"2ea7a061-9d0a-4b5d-af40-94be17f51b7b","a53d012f-d31e-499e-aac4-8e0028f65a15","True","","3/6/2023 5:19:55 PM"
"f1a3d4ca-a581-49ca-9838-956f8c7fd1bc","a46e0a94-6d58-4983-fd46-08dd8ca66f9c","True","Sector Exports (Transportation and Storage)","7/28/2026 1:01:57 PM"
"2777a7d6-fd92-4d86-a4e5-964425cd0b1f","0a55c9db-06e3-4c8c-be00-583ed9250462","True","","10/16/2024 9:21:54 AM"
"41ac5b2b-c76b-476f-b612-9767fa63cb5c","1b069add-ccd9-4ecf-bf96-5c01d4ad9dbe","True","","10/16/2024 9:23:09 AM"
"0314bcac-19a6-45ff-a175-9892b1e8ce5a","dfbac12a-b23f-4db0-8942-c90f775485cc","True","","1/27/2026 11:41:08 AM"
"6fe5aebf-10be-4ed7-b59c-9e6ce54d50af","860dd26a-c89e-4100-9423-d2400ac231d3","True","","8/17/2025 1:50:16 PM"
"21275e14-0111-4ac8-942c-9eac4ad7d172","b1d55322-0c41-4c59-1884-08dd8c9ac2e7","True","Sector Contribution To GDP (Agriculture & Livestock)","6/7/2026 9:55:10 AM"
"517be23f-bc0d-4fc1-b6cf-9efae7989787","2ca8fc3b-0cad-4cf8-8357-dbd643445e8e","True","","7/5/2026 11:45:49 AM"
"50b11b8c-0a78-49cb-9ebb-9f04c5430ac8","194fcb35-bb1c-46c6-8de5-2c125292c51a","True","Inflation","8/5/2026 9:13:09 AM"
"d63c9e4c-a48a-4e51-be34-a02e222e0e28","b3081714-bb56-44aa-8634-99236a47c31c","False","","5/24/2026 10:40:47 AM"
"e20c6c2b-2bc7-4545-9568-a21838eb8662","d5b90910-0224-4d72-9a42-77664d400101","False","","6/23/2026 9:15:59 AM"
"d55a2af9-2b3d-44c2-aaa6-a250feb45a53","d5b90910-0224-4d72-9a42-77664d400101","True","","6/23/2026 9:15:58 AM"
"0ef38c2a-5ce7-4ce1-b1b1-a2606b63cd17","748bc532-9218-4ed2-bb05-08de0ba11ad8","False","","2/8/2026 10:49:50 AM"
"ed8116aa-f3c7-4a2a-b9fc-a3516f92338e","748bc532-9218-4ed2-bb05-08de0ba11ad8","False","","2/8/2026 10:49:50 AM"
"27c621c3-6aae-41b5-9701-a6d82a0ace61","748bc532-9218-4ed2-bb05-08de0ba11ad8","False","","2/8/2026 10:49:50 AM"
"90fb1b4e-7a3c-4c91-a3ab-a77ccbcb2475","8f9d7ee2-f8c8-4076-a786-040832b8381c","True","","3/6/2023 5:18:39 PM"
"b7402e69-fa20-403c-92c6-a9b08fed00f6","e7f7820a-fa7c-47ba-91b0-08dd8c9b1913","True","Government Revenues","7/26/2026 1:17:11 PM"
"b03e4b07-f06b-4e2d-9dd1-ac2955887084","b3081714-bb56-44aa-8634-99236a47c31c","False","","5/24/2026 10:40:47 AM"
"dcab2b83-194d-419c-8801-ac45d9cb7bc3","a811e0d5-c456-4dff-4a6e-08dd8f83b962","True","","3/31/2026 6:09:46 PM"
"ed05d2dc-488a-4a02-9f99-af102e5431db","6bd9178a-3172-4434-fd4d-08dd8ca66f9c","True","Sector Contribution To GDP (Transportation and storage)","6/30/2026 8:14:31 AM"
"974fb530-6661-4719-ada0-b0c9a8739b41","2638abb1-294b-491f-8c8c-7c4d50e39934","True","","3/6/2023 4:07:26 AM"
"5ef7bc77-f33e-4dd4-87fd-b39b5699dcbb","7b2a03fc-c511-4c11-b6aa-bd77ce3b4ea2","False","","5/24/2026 10:56:22 AM"
"aba4b94a-3271-445f-88d5-b3ab35110369","7402f9d2-0a2d-4ca5-fc27-08dd8f984037","False","","6/22/2026 10:43:57 AM"
"ccbbb991-4a2a-492d-a036-b3f84e9bd12d","005df265-fd53-459f-a82e-154c9d4d16b0","True","","5/14/2026 9:41:09 AM"
"9e3bbc35-773b-4110-b0e3-b440fce574b4","76a27450-0ee7-4a1d-91af-d310a5d8982e","True","","7/5/2026 11:42:48 AM"
"ffa01522-0459-403d-9b34-ba4b0f1bc28a","f834d328-e379-4221-a9ec-2620875ac997","True","","5/24/2026 10:59:44 AM"
"adb47e33-2aa5-4416-a8b5-ba75bb017a96","1c7e993d-4388-4448-9b76-edfcaeac4023","False","","6/23/2026 9:31:19 AM"
"5f896104-6449-4588-b2f2-bceca7b42eb9","08c3ddaf-5a58-4e94-8fcb-be81e945b2ce","False","","5/24/2026 11:01:30 AM"
"03686c6d-63ab-4e70-ad96-bd86223b7294","16bcf4e3-d02e-4dc8-8ddd-24fadbaa9621","True","","3/6/2023 5:19:11 PM"
"020d8c70-3540-4898-9a96-bdd3501cbab1","9fa7d4bf-61ac-49a3-fd53-08dd8ca66f9c","False","Cost of Living - Recreation and Culture","5/24/2026 1:56:23 PM"
"26f56b44-539e-49e6-9bbe-be98bd26ea05","b3081714-bb56-44aa-8634-99236a47c31c","False","","5/24/2026 10:40:47 AM"
"24bb59a2-1f93-45f9-b905-bebd157c978e","1c7e993d-4388-4448-9b76-edfcaeac4023","True","","6/23/2026 9:31:19 AM"
"969d93d1-cca1-4570-aa8e-bfc5e4005ba9","b3081714-bb56-44aa-8634-99236a47c31c","False","","5/24/2026 10:40:47 AM"
"bb3514e6-9e2b-47e4-b1e7-c07a4733de34","2c5f499f-a5f1-471a-b662-08dd8ca641ed","True","Sector Exports - Passenger","7/28/2026 12:59:44 PM"
"519bea4b-8688-4c31-9762-c089db304f82","88d0873d-62f2-4329-b65a-08dd8ca641ed","True","Sector Contribution To GDP (Financial & Insurance)","8/6/2026 8:10:20 AM"
"8685e19d-5334-4334-82c1-c36b82577f5e","c2dd124d-65a4-4a7e-b66a-08dd8ca641ed","True","","4/29/2026 3:21:14 PM"
"fcbf5546-b666-4713-baa8-c378c606f53f","da27153d-3966-4f8b-a091-5f0331c55bb1","True","","10/6/2025 9:31:46 AM"
"da93b433-1f58-4fc7-b5a9-c38148f16990","0f0d0f6e-6e2d-4f66-a575-eb2fb8a28957","True","","3/6/2023 5:01:59 PM"
"5fa323c7-7707-4481-8e8e-c40767e5454c","e60d03d5-8483-4b59-b23d-591013d8a4fb","True","","3/5/2023 3:04:54 PM"
"adb4e2e9-6166-4a75-876e-c43d3501eff5","9fa7d4bf-61ac-49a3-fd53-08dd8ca66f9c","False","Cost of Living - Transport","5/24/2026 1:56:24 PM"
"bc49d2ec-70db-47b9-a72f-c78bf1844633","9fa7d4bf-61ac-49a3-fd53-08dd8ca66f9c","False","Cost of Living - Furnishings, Houshold Equipment","5/24/2026 1:56:23 PM"
"a5aecd70-67ec-44b8-94f4-c87f7d7d8e06","1708ac18-eea4-427a-9eb6-921333bd5174","True","","10/14/2025 12:51:37 PM"
"d4b84090-8c20-49d5-9921-c94130b68724","d5b90910-0224-4d72-9a42-77664d400101","False","","6/23/2026 9:15:58 AM"
"c90082e7-c983-4650-b6e5-c987dc0710f5","19074f95-570d-42c1-a85a-9c08cbfbd2d6","True","","7/21/2026 8:56:51 AM"
"8590951e-88a8-49c5-8587-c9bfbfbbf0cc","08c3ddaf-5a58-4e94-8fcb-be81e945b2ce","False","","5/24/2026 11:01:30 AM"
"29b7dd7a-cb3f-4cf1-8ed1-ca043512d26c","33fb9a78-b111-480b-9daf-27b4847548d6","True","","3/6/2023 5:02:39 PM"
"fd037d21-ad8d-42ef-9c78-ca7ee929ab06","c1392d7e-8305-4df3-8b74-83b9cc78cff2","True","","8/4/2026 8:19:04 AM"
"410e9704-ec5d-4099-ba9c-cc7f9a64ba8b","9229663a-6caa-480d-876b-66b1f05549af","False","","6/23/2026 9:56:29 AM"
"6776e4b6-1659-4bc1-a15b-cd4190d442ac","11002925-a327-4b01-a247-97bf8aa9c668","True","","8/4/2024 12:06:29 PM"
"5f0d44b8-02ac-46b0-b3f2-ce11b4402d89","55f354bd-3861-430c-b907-250224a1d995","False","","6/23/2026 9:48:43 AM"
"1c919eed-036e-41a6-8386-cf4a8dde6134","03b6dab9-bdb3-4858-9727-4aa7bd3be850","True","","8/2/2026 2:07:53 PM"
"f7d53339-e511-4934-a233-d0a0c01528df","9fa7d4bf-61ac-49a3-fd53-08dd8ca66f9c","False","Cost of Living - Others","5/24/2026 1:56:24 PM"
"52583379-4899-46b4-b7a2-d0dfb9bbdc71","f40c099b-fe38-4c0c-ab6b-6f482504ba41","False","","5/21/2026 4:12:45 PM"
"a1ef0f50-5178-4e3f-95ce-d14fe0905888","55f354bd-3861-430c-b907-250224a1d995","False","","6/23/2026 9:48:44 AM"
"60d62d52-0d35-45f8-8afa-d1f005d9d16e","32a62247-fdff-4032-b3bb-a4f438bbe26f","True","","6/11/2026 1:27:10 PM"
"c4abe7a5-763f-48ee-8ec5-d23606a9ab0d","b944f994-eab7-4e7c-8786-f9e2e96dc3d7","True","","10/16/2024 9:20:54 AM"
"485f1b68-a29e-46e0-8115-d2cabb8d8901","e6f42ea3-2943-48dc-a4fb-8e2db81927dc","True","","8/5/2024 9:04:57 AM"
"f3d9ae61-a4ca-45a7-b9c0-d3c7211cb6fb","02fcdd46-0963-4e37-8af1-4770b516029f","True","","7/23/2026 8:50:33 AM"
"c48196ce-e989-4502-85ba-d52841b0eb84","baa02dc2-7b71-4336-a36c-9ed00c23bc37","True","","3/6/2023 4:50:24 PM"
"169f8521-98cf-416b-aa05-d569d814024e","d1ef9ef5-aa9a-4132-a04b-8cf63fe8387e","True","","7/21/2026 8:11:59 AM"
"cde154fa-b1a3-48c7-b7b2-d5d4d3ef74c0","61cd97c1-aa02-472b-bb04-08de0ba11ad8","True","","7/23/2026 8:48:13 AM"
"3f03f072-d5a7-4693-84f4-d638cdbfaf0c","1cd9ae28-478d-423f-fc28-08dd8f984037","True","","11/17/2025 1:04:55 PM"
"e77832fc-75b2-4551-b5f7-d66df726d84a","b3081714-bb56-44aa-8634-99236a47c31c","True","","5/24/2026 10:40:46 AM"
"d3195299-0b0f-43fd-98eb-d78d08e58113","f40c099b-fe38-4c0c-ab6b-6f482504ba41","True","","5/21/2026 4:12:43 PM"
"76d45949-b917-4fb7-bd51-d828896e9c2c","7df3a1b8-a0b6-43e0-fd3b-08dd8ca66f9c","True","Sector Contribution To GDP (Health & Social Services)","8/4/2026 12:24:32 PM"
"c1e4eba9-3ced-44c3-bf23-da5c7af617d8","f834d328-e379-4221-a9ec-2620875ac997","False","","5/24/2026 10:59:46 AM"
"2f73c42a-8772-4988-a0e0-db51186b0dbe","c937c98f-88c0-4c71-aa03-651441969e5d","True","","11/24/2025 11:07:59 AM"
"a5ad31a5-1942-4895-a42d-dccdb7bf4eb5","60d9a968-c924-4da9-8b16-115f5a8a0dc5","True","FDI stock","2/17/2026 12:17:09 PM"
"06e53175-33a1-443e-ae2b-dd743bbedfaf","d05eeb9f-1b44-4422-91b5-08dd8c9b1913","True","Number of International Visitors","8/2/2026 9:36:45 AM"
"5888e968-c08a-474d-893b-de63b95a779b","65559064-b6a7-4b85-fd48-08dd8ca66f9c","True","Sector Exports - Freight","12/14/2025 8:39:04 AM"
"abaa21a5-146e-4ced-bcbf-de9fcf075d84","3af4c0fb-e8ad-4641-1880-08dd8c9ac2e7","True","Non-Hydrocarbon Real GDP","4/23/2026 12:34:58 PM"
"34b60130-84e7-4fb8-a751-dec2cc37fb5e","cee2553d-6094-4b68-fd50-08dd8ca66f9c","True","","8/4/2026 8:20:13 AM"
"3613399a-476c-4363-a53e-df21b03e4c23","55f354bd-3861-430c-b907-250224a1d995","False","","6/23/2026 9:48:44 AM"
"86b7d0fe-564c-44c0-a19f-dfe5b58224c8","96a28a1c-2d95-4e21-9b19-819bc538d375","True","","3/6/2023 3:29:30 AM"
"b0efd6be-1c74-43af-85d3-e1663cb1d2b0","45fbb3d2-128c-4b4e-8b62-d7da703a5d7b","True","","8/6/2026 8:11:42 AM"
"cc860f04-6ee4-4758-a245-e1dbc7efa6fe","418c1a6b-437a-4e1c-8676-edad98b51c70","True","","10/14/2025 3:37:40 PM"
"c656ffd4-8185-4343-8f84-e21c6a964ac9","9c9afe44-a344-4a3d-acab-d7fb40995de9","True","","5/25/2023 4:55:48 AM"
"83a00363-2939-4e43-9003-e3d8c05d80b5","c9e51b4c-7b0c-48a2-a470-11bd54ddabd2","True","","9/7/2023 4:48:14 AM"
"f3bd498c-4647-4689-b2f1-e4dad444bf8d","583bc855-3436-4eee-fd3d-08dd8ca66f9c","True","number of medical graduates - Qataris","8/4/2026 12:34:56 PM"
"656e3e46-e328-4517-bbcb-eaaf0259f8fc","7bc7b9a4-8c6b-432d-b55e-767df6f6886a","True","","10/14/2025 3:32:53 PM"
"a267fff9-a02e-4a6d-a0f7-ecd2e649658c","f40c099b-fe38-4c0c-ab6b-6f482504ba41","False","","5/21/2026 4:12:46 PM"
"b6dc6def-2dd6-41e7-9e97-ed3dfffd1f01","b3081714-bb56-44aa-8634-99236a47c31c","False","","5/24/2026 10:40:46 AM"
"946d8127-aec5-4024-8e06-ee4cf011ecfd","6bd745d9-075f-4559-95a7-92c7fd71e939","True","","2/23/2026 1:48:58 PM"
"25060f0b-f524-4506-9278-eeb8c8890db8","7e54d61c-9b11-44fc-bb18-2c0552dca890","True","","10/14/2025 4:40:02 PM"
"5e7f33b3-de60-49fe-8127-ef1b24b52348","60d9a968-c924-4da9-8b16-115f5a8a0dc5","False","FDI stock (share of GDP)","2/17/2026 12:17:11 PM"
"2cb5357d-61ab-4b90-831b-ef573e502d2f","51c0cbe2-7c08-440f-4a6d-08dd8f83b962","True","","7/23/2026 10:53:37 AM"
"c9acf74f-eea4-485a-9542-ef5eff5e9092","f40c099b-fe38-4c0c-ab6b-6f482504ba41","False","","5/21/2026 4:12:44 PM"
"84af68d0-cc34-42a6-99db-ef918901e0e7","f834d328-e379-4221-a9ec-2620875ac997","False","","5/24/2026 10:59:45 AM"
"13051f83-dc15-4a84-8a5f-f06215768369","360e8845-c761-46a1-9c6f-5f6bbc0cf7e1","True","","8/4/2026 12:21:46 PM"
"7a80950e-8322-4423-a362-f28c20826984","9229663a-6caa-480d-876b-66b1f05549af","False","","6/23/2026 9:56:29 AM"
"9c9fa8a6-a63b-499c-b472-f65a6537b4eb","9c9544d1-acd2-44e2-afb8-8a57a29a1ad8","True","","6/4/2026 7:56:56 AM"
"6a49cc99-eb75-4522-b4e6-f7681ce2bd8b","f834d328-e379-4221-a9ec-2620875ac997","False","","5/24/2026 10:59:46 AM"
"91eacb54-ec29-40fc-8179-f7fed08e9b6d","b8850afa-e4f2-49e8-b8dd-0fc999546ee9","False","","6/23/2026 10:16:13 AM"
"f01e4a46-b167-4faa-81af-fa30b17eda47","9fa7d4bf-61ac-49a3-fd53-08dd8ca66f9c","False","Cost of Living - Food and Beverages","5/24/2026 1:56:23 PM"
"f0d64573-686a-4e71-a308-fa7c83d9d155","8be3e6c5-7a69-45f4-91b3-08dd8c9b1913","False","Exports - Hydrocarbon","7/26/2026 1:37:47 PM"
"e49c36a1-8411-4175-bf76-fb285db10194","d5b90910-0224-4d72-9a42-77664d400101","False","","6/23/2026 9:15:59 AM"
"120014bb-bab1-45bf-861b-fc26ca1ec16d","b3081714-bb56-44aa-8634-99236a47c31c","False","","5/24/2026 10:40:47 AM"
"3670a6dc-0929-4a0d-8a5f-ff903bb31030","9229663a-6caa-480d-876b-66b1f05549af","False","","6/23/2026 9:56:29 AM"
